family,context,variant,weight,seed,split,config,checkpoint,prediction_dir,profile,ER20,F20,LE_CD,LF_CD,SELD_LF,LR_CD,SELD_LR
EINV2,causal,C0.1,0,2026,evaluation,/work/zhanghc/Myllm/SELD/experiment_completion_20260904/configs/Completion_20260904_EINV2_C0_bestfix_seed2026_evaluation.yaml,/work/zhanghc/Myllm/SELD/EINV2/C0p1_CausalEINV2_fix_seed2026/out_train/ein_seld/EINV2_C0_bestfix_seed2026/checkpoints/rabbit02_gpu3_bestfix_seed2026_epoch_82.pth,/work/zhanghc/Myllm/SELD/EINV2/C0p1_CausalEINV2_fix_seed2026/out_infer/ein_seld/Completion_20260904_EINV2_C0_bestfix_seed2026_evaluation/submissions,dcase2020_source,0.6132311660723769,0.5702675006183963,14.503934680686598,0.6680801441747056,0.36386523404299465,,
EINV2,causal,C0.1,0,2026,evaluation,/work/zhanghc/Myllm/SELD/experiment_completion_20260904/configs/Completion_20260904_EINV2_C0_bestfix_seed2026_evaluation.yaml,/work/zhanghc/Myllm/SELD/EINV2/C0p1_CausalEINV2_fix_seed2026/out_train/ein_seld/EINV2_C0_bestfix_seed2026/checkpoints/rabbit02_gpu3_bestfix_seed2026_epoch_82.pth,/work/zhanghc/Myllm/SELD/EINV2/C0p1_CausalEINV2_fix_seed2026/out_infer/ein_seld/Completion_20260904_EINV2_C0_bestfix_seed2026_evaluation/submissions,dcase2020_web_lr,0.6132311660723769,0.5702675006183963,14.503934680686598,,,0.717168651847356,0.35159310712483205
EINV2,causal,C0.1,0,2026,evaluation,/work/zhanghc/Myllm/SELD/experiment_completion_20260904/configs/Completion_20260904_EINV2_C0_bestfix_seed2026_evaluation.yaml,/work/zhanghc/Myllm/SELD/EINV2/C0p1_CausalEINV2_fix_seed2026/out_train/ein_seld/EINV2_C0_bestfix_seed2026/checkpoints/rabbit02_gpu3_bestfix_seed2026_epoch_82.pth,/work/zhanghc/Myllm/SELD/EINV2/C0p1_CausalEINV2_fix_seed2026/out_infer/ein_seld/Completion_20260904_EINV2_C0_bestfix_seed2026_evaluation/submissions,dcase2023_micro,0.6620504802322984,0.5571399331377499,14.497521589780344,,,0.7085832777901208,0.3692172639785797
EINV2,causal,C0.1,0,2026,evaluation,/work/zhanghc/Myllm/SELD/experiment_completion_20260904/configs/Completion_20260904_EINV2_C0_bestfix_seed2026_evaluation.yaml,/work/zhanghc/Myllm/SELD/EINV2/C0p1_CausalEINV2_fix_seed2026/out_train/ein_seld/EINV2_C0_bestfix_seed2026/checkpoints/rabbit02_gpu3_bestfix_seed2026_epoch_82.pth,/work/zhanghc/Myllm/SELD/EINV2/C0p1_CausalEINV2_fix_seed2026/out_infer/ein_seld/Completion_20260904_EINV2_C0_bestfix_seed2026_evaluation/submissions,dcase2023_macro,0.6620504802322984,0.5619536067263667,13.169026543705272,,,0.6902608758104873,0.3707493140678962
Multi-ACCDOA,causal,C0,0,2026,evaluation,/work/zhanghc/Myllm/SELD/DynamicCausalMultiACCDOA_TAU2020/runs/manifests/35_paper_v1_C0_seed2026_eval_split0_multiaccdoa_foa.json#params,/work/zhanghc/Myllm/SELD/DynamicCausalMultiACCDOA_TAU2020/runs/models/35_paper_v1_C0_seed2026_eval_split0_multiaccdoa_foa_model.h5,/work/zhanghc/Myllm/SELD/DynamicCausalMultiACCDOA_TAU2020/runs/results/35_paper_v1_C0_seed2026_eval_split0_multiaccdoa_foa_20260902095315_test,dcase2020_source,0.6023063500493134,0.501088797483668,15.24564921540665,0.6185982740543591,0.39182933242699747,,
Multi-ACCDOA,causal,C0,0,2026,evaluation,/work/zhanghc/Myllm/SELD/DynamicCausalMultiACCDOA_TAU2020/runs/manifests/35_paper_v1_C0_seed2026_eval_split0_multiaccdoa_foa.json#params,/work/zhanghc/Myllm/SELD/DynamicCausalMultiACCDOA_TAU2020/runs/models/35_paper_v1_C0_seed2026_eval_split0_multiaccdoa_foa_model.h5,/work/zhanghc/Myllm/SELD/DynamicCausalMultiACCDOA_TAU2020/runs/results/35_paper_v1_C0_seed2026_eval_split0_multiaccdoa_foa_20260902095315_test,dcase2020_web_lr,0.6023063500493134,0.501088797483668,15.24564921540665,,,0.5818981867840073,0.40100435424458547
Multi-ACCDOA,causal,C0,0,2026,evaluation,/work/zhanghc/Myllm/SELD/DynamicCausalMultiACCDOA_TAU2020/runs/manifests/35_paper_v1_C0_seed2026_eval_split0_multiaccdoa_foa.json#params,/work/zhanghc/Myllm/SELD/DynamicCausalMultiACCDOA_TAU2020/runs/models/35_paper_v1_C0_seed2026_eval_split0_multiaccdoa_foa_model.h5,/work/zhanghc/Myllm/SELD/DynamicCausalMultiACCDOA_TAU2020/runs/results/35_paper_v1_C0_seed2026_eval_split0_multiaccdoa_foa_20260902095315_test,dcase2023_micro,0.6035291489836945,0.4965840482999682,15.355293128001897,,,0.5734281270828705,0.4047060394113277
Multi-ACCDOA,causal,C0,0,2026,evaluation,/work/zhanghc/Myllm/SELD/DynamicCausalMultiACCDOA_TAU2020/runs/manifests/35_paper_v1_C0_seed2026_eval_split0_multiaccdoa_foa.json#params,/work/zhanghc/Myllm/SELD/DynamicCausalMultiACCDOA_TAU2020/runs/models/35_paper_v1_C0_seed2026_eval_split0_multiaccdoa_foa_model.h5,/work/zhanghc/Myllm/SELD/DynamicCausalMultiACCDOA_TAU2020/runs/results/35_paper_v1_C0_seed2026_eval_split0_multiaccdoa_foa_20260902095315_test,dcase2023_macro,0.6035291489836945,0.42052109697013623,38.489264598264654,,,0.4839334465502395,0.4782259633078639
Multi-ACCDOA,noncausal,A3_lambda005,0.05,2026,evaluation,/work/zhanghc/Myllm/SELD/DynamicCausalMultiACCDOA_TAU2020/runs/manifests/52_supplemental_v2_A3_lambda005_seed2026_eval_split0_multiaccdoa_foa.json#params,/work/zhanghc/Myllm/SELD/DynamicCausalMultiACCDOA_TAU2020/runs/models/52_supplemental_v2_A3_lambda005_seed2026_eval_split0_multiaccdoa_foa_model.h5,/work/zhanghc/Myllm/SELD/DynamicCausalMultiACCDOA_TAU2020/runs/analysis/threshold_predictions/Completion_20260904_supplemental_v2_A3_lambda005_seed2026_evaluation_seed2026_evaluation_t050,dcase2020_source,0.5589105530688112,0.5292414591777649,14.724995886227331,0.6495160890065347,0.36548963439644366,,
Multi-ACCDOA,noncausal,A3_lambda005,0.05,2026,evaluation,/work/zhanghc/Myllm/SELD/DynamicCausalMultiACCDOA_TAU2020/runs/manifests/52_supplemental_v2_A3_lambda005_seed2026_eval_split0_multiaccdoa_foa.json#params,/work/zhanghc/Myllm/SELD/DynamicCausalMultiACCDOA_TAU2020/runs/models/52_supplemental_v2_A3_lambda005_seed2026_eval_split0_multiaccdoa_foa_model.h5,/work/zhanghc/Myllm/SELD/DynamicCausalMultiACCDOA_TAU2020/runs/analysis/threshold_predictions/Completion_20260904_supplemental_v2_A3_lambda005_seed2026_evaluation_seed2026_evaluation_t050,dcase2020_web_lr,0.5589105530688112,0.5292414591777649,14.724995886227331,,,0.5957059403687125,0.37894217155589915
Multi-ACCDOA,noncausal,A3_lambda005,0.05,2026,evaluation,/work/zhanghc/Myllm/SELD/DynamicCausalMultiACCDOA_TAU2020/runs/manifests/52_supplemental_v2_A3_lambda005_seed2026_eval_split0_multiaccdoa_foa.json#params,/work/zhanghc/Myllm/SELD/DynamicCausalMultiACCDOA_TAU2020/runs/models/52_supplemental_v2_A3_lambda005_seed2026_eval_split0_multiaccdoa_foa_model.h5,/work/zhanghc/Myllm/SELD/DynamicCausalMultiACCDOA_TAU2020/runs/analysis/threshold_predictions/Completion_20260904_supplemental_v2_A3_lambda005_seed2026_evaluation_seed2026_evaluation_t050,dcase2023_micro,0.5467202739930013,0.523922080039123,14.780483646764603,,,0.5863730723606169,0.37963472990771063
Multi-ACCDOA,noncausal,A3_lambda005,0.05,2026,evaluation,/work/zhanghc/Myllm/SELD/DynamicCausalMultiACCDOA_TAU2020/runs/manifests/52_supplemental_v2_A3_lambda005_seed2026_eval_split0_multiaccdoa_foa.json#params,/work/zhanghc/Myllm/SELD/DynamicCausalMultiACCDOA_TAU2020/runs/models/52_supplemental_v2_A3_lambda005_seed2026_eval_split0_multiaccdoa_foa_model.h5,/work/zhanghc/Myllm/SELD/DynamicCausalMultiACCDOA_TAU2020/runs/analysis/threshold_predictions/Completion_20260904_supplemental_v2_A3_lambda005_seed2026_evaluation_seed2026_evaluation_t050,dcase2023_macro,0.5467202739930013,0.4739372849947065,13.716133801018959,,,0.51650294314668,0.4081201972976523
Multi-ACCDOA,noncausal,A0,0,2026,evaluation,/work/zhanghc/Myllm/SELD/DynamicCausalMultiACCDOA_TAU2020/runs/manifests/32_paper_v1_A0_seed2026_eval_split0_multiaccdoa_foa.json#params,/work/zhanghc/Myllm/SELD/DynamicCausalMultiACCDOA_TAU2020/runs/models/32_paper_v1_A0_seed2026_eval_split0_multiaccdoa_foa_model.h5,/work/zhanghc/Myllm/SELD/DynamicCausalMultiACCDOA_TAU2020/runs/results/32_paper_v1_A0_seed2026_eval_split0_multiaccdoa_foa_20260902094006_test,dcase2020_source,0.5215840983233442,0.5604991639818929,14.721633828244386,0.6952408139961664,0.33690774373666066,,
Multi-ACCDOA,noncausal,A0,0,2026,evaluation,/work/zhanghc/Myllm/SELD/DynamicCausalMultiACCDOA_TAU2020/runs/manifests/32_paper_v1_A0_seed2026_eval_split0_multiaccdoa_foa.json#params,/work/zhanghc/Myllm/SELD/DynamicCausalMultiACCDOA_TAU2020/runs/models/32_paper_v1_A0_seed2026_eval_split0_multiaccdoa_foa_model.h5,/work/zhanghc/Myllm/SELD/DynamicCausalMultiACCDOA_TAU2020/runs/results/32_paper_v1_A0_seed2026_eval_split0_multiaccdoa_foa_20260902094006_test,dcase2020_web_lr,0.5215840983233442,0.5604991639818929,14.721633828244386,,,0.6466884151430089,0.34904584344995004
Multi-ACCDOA,noncausal,A0,0,2026,evaluation,/work/zhanghc/Myllm/SELD/DynamicCausalMultiACCDOA_TAU2020/runs/manifests/32_paper_v1_A0_seed2026_eval_split0_multiaccdoa_foa.json#params,/work/zhanghc/Myllm/SELD/DynamicCausalMultiACCDOA_TAU2020/runs/models/32_paper_v1_A0_seed2026_eval_split0_multiaccdoa_foa_model.h5,/work/zhanghc/Myllm/SELD/DynamicCausalMultiACCDOA_TAU2020/runs/results/32_paper_v1_A0_seed2026_eval_split0_multiaccdoa_foa_20260902094006_test,dcase2023_micro,0.5091951455587819,0.5552567139014893,14.801729221092675,,,0.6367068927222922,0.3498658419852677
Multi-ACCDOA,noncausal,A0,0,2026,evaluation,/work/zhanghc/Myllm/SELD/DynamicCausalMultiACCDOA_TAU2020/runs/manifests/32_paper_v1_A0_seed2026_eval_split0_multiaccdoa_foa.json#params,/work/zhanghc/Myllm/SELD/DynamicCausalMultiACCDOA_TAU2020/runs/models/32_paper_v1_A0_seed2026_eval_split0_multiaccdoa_foa_model.h5,/work/zhanghc/Myllm/SELD/DynamicCausalMultiACCDOA_TAU2020/runs/results/32_paper_v1_A0_seed2026_eval_split0_multiaccdoa_foa_20260902094006_test,dcase2023_macro,0.5091951455587819,0.5563304497473062,14.010265289760238,,,0.6098781098786784,0.35520534827453293
EINV2,causal,C1,0.2,2026,evaluation,/work/zhanghc/Myllm/SELD/experiment_completion_20260904/configs/Completion_20260904_C1_CausalEINV2_Velocity_seed2026_evaluation.yaml,/work/zhanghc/Myllm/SELD/EINV2/C1_CausalEINV2_Velocity_seed2026/out_train/ein_seld/C1_CausalEINV2_Velocity_seed2026/checkpoints/rabbit02_gpu4_epoch_59.pth,/work/zhanghc/Myllm/SELD/EINV2/C1_CausalEINV2_Velocity_seed2026/out_infer/ein_seld/Completion_20260904_C1_CausalEINV2_Velocity_seed2026_evaluation/submissions,dcase2020_source,0.5925954024732569,0.5697737556561084,15.12895409600676,0.6678733031674208,0.3597495221568857,,
EINV2,causal,C1,0.2,2026,evaluation,/work/zhanghc/Myllm/SELD/experiment_completion_20260904/configs/Completion_20260904_C1_CausalEINV2_Velocity_seed2026_evaluation.yaml,/work/zhanghc/Myllm/SELD/EINV2/C1_CausalEINV2_Velocity_seed2026/out_train/ein_seld/C1_CausalEINV2_Velocity_seed2026/checkpoints/rabbit02_gpu4_epoch_59.pth,/work/zhanghc/Myllm/SELD/EINV2/C1_CausalEINV2_Velocity_seed2026/out_infer/ein_seld/Completion_20260904_C1_CausalEINV2_Velocity_seed2026_evaluation/submissions,dcase2020_web_lr,0.5925954024732569,0.5697737556561084,15.12895409600676,,,0.6998710264775055,0.3517500913293645
EINV2,causal,C1,0.2,2026,evaluation,/work/zhanghc/Myllm/SELD/experiment_completion_20260904/configs/Completion_20260904_C1_CausalEINV2_Velocity_seed2026_evaluation.yaml,/work/zhanghc/Myllm/SELD/EINV2/C1_CausalEINV2_Velocity_seed2026/out_train/ein_seld/C1_CausalEINV2_Velocity_seed2026/checkpoints/rabbit02_gpu4_epoch_59.pth,/work/zhanghc/Myllm/SELD/EINV2/C1_CausalEINV2_Velocity_seed2026/out_infer/ein_seld/Completion_20260904_C1_CausalEINV2_Velocity_seed2026_evaluation/submissions,dcase2023_micro,0.6366614548432731,0.556828934917464,15.127759932957774,,,0.6905803008967613,0.36832383244192557
EINV2,causal,C1,0.2,2026,evaluation,/work/zhanghc/Myllm/SELD/experiment_completion_20260904/configs/Completion_20260904_C1_CausalEINV2_Velocity_seed2026_evaluation.yaml,/work/zhanghc/Myllm/SELD/EINV2/C1_CausalEINV2_Velocity_seed2026/out_train/ein_seld/C1_CausalEINV2_Velocity_seed2026/checkpoints/rabbit02_gpu4_epoch_59.pth,/work/zhanghc/Myllm/SELD/EINV2/C1_CausalEINV2_Velocity_seed2026/out_infer/ein_seld/Completion_20260904_C1_CausalEINV2_Velocity_seed2026_evaluation/submissions,dcase2023_macro,0.6366614548432731,0.5653457418565384,13.862186877843085,,,0.6802658381904075,0.36701550602941946
EINV2,causal,C2,0.2,2026,evaluation,/work/zhanghc/Myllm/SELD/experiment_completion_20260904/configs/Completion_20260904_C2_CausalEINV2_JEPA_seed2026_evaluation.yaml,/work/zhanghc/Myllm/SELD/EINV2/C2_CausalEINV2_JEPA_seed2026/out_train/ein_seld/C2_CausalEINV2_JEPA_seed2026/checkpoints/rabbit02_gpu4_c2_epoch_59.pth,/work/zhanghc/Myllm/SELD/EINV2/C2_CausalEINV2_JEPA_seed2026/out_infer/ein_seld/Completion_20260904_C2_CausalEINV2_JEPA_seed2026_evaluation/submissions,dcase2020_source,0.5837189894545178,0.5761601324837095,15.395702935397763,0.6830111243114806,0.35251985390844,,
EINV2,causal,C2,0.2,2026,evaluation,/work/zhanghc/Myllm/SELD/experiment_completion_20260904/configs/Completion_20260904_C2_CausalEINV2_JEPA_seed2026_evaluation.yaml,/work/zhanghc/Myllm/SELD/EINV2/C2_CausalEINV2_JEPA_seed2026/out_train/ein_seld/C2_CausalEINV2_JEPA_seed2026/checkpoints/rabbit02_gpu4_c2_epoch_59.pth,/work/zhanghc/Myllm/SELD/EINV2/C2_CausalEINV2_JEPA_seed2026/out_infer/ein_seld/Completion_20260904_C2_CausalEINV2_JEPA_seed2026_evaluation/submissions,dcase2020_web_lr,0.5837189894545178,0.5761601324837095,15.395702935397763,,,0.7196722555193081,0.34335457110648304
EINV2,causal,C2,0.2,2026,evaluation,/work/zhanghc/Myllm/SELD/experiment_completion_20260904/configs/Completion_20260904_C2_CausalEINV2_JEPA_seed2026_evaluation.yaml,/work/zhanghc/Myllm/SELD/EINV2/C2_CausalEINV2_JEPA_seed2026/out_train/ein_seld/C2_CausalEINV2_JEPA_seed2026/checkpoints/rabbit02_gpu4_c2_epoch_59.pth,/work/zhanghc/Myllm/SELD/EINV2/C2_CausalEINV2_JEPA_seed2026/out_infer/ein_seld/Completion_20260904_C2_CausalEINV2_JEPA_seed2026_evaluation/submissions,dcase2023_micro,0.6381505472414564,0.5623546562076984,15.396789593062463,,,0.7116809961458642,0.36241315371233795
EINV2,causal,C2,0.2,2026,evaluation,/work/zhanghc/Myllm/SELD/experiment_completion_20260904/configs/Completion_20260904_C2_CausalEINV2_JEPA_seed2026_evaluation.yaml,/work/zhanghc/Myllm/SELD/EINV2/C2_CausalEINV2_JEPA_seed2026/out_train/ein_seld/C2_CausalEINV2_JEPA_seed2026/checkpoints/rabbit02_gpu4_c2_epoch_59.pth,/work/zhanghc/Myllm/SELD/EINV2/C2_CausalEINV2_JEPA_seed2026/out_infer/ein_seld/Completion_20260904_C2_CausalEINV2_JEPA_seed2026_evaluation/submissions,dcase2023_macro,0.6381505472414564,0.5734155939212444,14.087618159648326,,,0.6991608150569754,0.36095967089865405
Multi-ACCDOA,causal,C1_lambda005,0.05,2026,evaluation,/work/zhanghc/Myllm/SELD/DynamicCausalMultiACCDOA_TAU2020/runs/manifests/40_pilot_v2_C1_lambda005_seed2026_eval_split0_multiaccdoa_foa.json#params,/work/zhanghc/Myllm/SELD/DynamicCausalMultiACCDOA_TAU2020/runs/models/40_pilot_v2_C1_lambda005_seed2026_eval_split0_multiaccdoa_foa_model.h5,/work/zhanghc/Myllm/SELD/DynamicCausalMultiACCDOA_TAU2020/runs/analysis/threshold_predictions/Completion_20260904_pilot_v2_C1_lambda005_seed2026_evaluation_seed2026_evaluation_t050,dcase2020_source,0.602913284272817,0.5047615188231956,14.996968249190152,0.615309802650241,0.3915396132681647,,
Multi-ACCDOA,causal,C1_lambda005,0.05,2026,evaluation,/work/zhanghc/Myllm/SELD/DynamicCausalMultiACCDOA_TAU2020/runs/manifests/40_pilot_v2_C1_lambda005_seed2026_eval_split0_multiaccdoa_foa.json#params,/work/zhanghc/Myllm/SELD/DynamicCausalMultiACCDOA_TAU2020/runs/models/40_pilot_v2_C1_lambda005_seed2026_eval_split0_multiaccdoa_foa_model.h5,/work/zhanghc/Myllm/SELD/DynamicCausalMultiACCDOA_TAU2020/runs/analysis/threshold_predictions/Completion_20260904_pilot_v2_C1_lambda005_seed2026_evaluation_seed2026_evaluation_t050,dcase2020_web_lr,0.602913284272817,0.5047615188231956,14.996968249190152,,,0.5759805781048479,0.401371919404513
Multi-ACCDOA,causal,C1_lambda005,0.05,2026,evaluation,/work/zhanghc/Myllm/SELD/DynamicCausalMultiACCDOA_TAU2020/runs/manifests/40_pilot_v2_C1_lambda005_seed2026_eval_split0_multiaccdoa_foa.json#params,/work/zhanghc/Myllm/SELD/DynamicCausalMultiACCDOA_TAU2020/runs/models/40_pilot_v2_C1_lambda005_seed2026_eval_split0_multiaccdoa_foa_model.h5,/work/zhanghc/Myllm/SELD/DynamicCausalMultiACCDOA_TAU2020/runs/analysis/threshold_predictions/Completion_20260904_pilot_v2_C1_lambda005_seed2026_evaluation_seed2026_evaluation_t050,dcase2023_micro,0.5973494155312337,0.5001399272378363,15.044067236540993,,,0.566807626678537,0.4034950032322443
Multi-ACCDOA,causal,C1_lambda005,0.05,2026,evaluation,/work/zhanghc/Myllm/SELD/DynamicCausalMultiACCDOA_TAU2020/runs/manifests/40_pilot_v2_C1_lambda005_seed2026_eval_split0_multiaccdoa_foa.json#params,/work/zhanghc/Myllm/SELD/DynamicCausalMultiACCDOA_TAU2020/runs/models/40_pilot_v2_C1_lambda005_seed2026_eval_split0_multiaccdoa_foa_model.h5,/work/zhanghc/Myllm/SELD/DynamicCausalMultiACCDOA_TAU2020/runs/analysis/threshold_predictions/Completion_20260904_pilot_v2_C1_lambda005_seed2026_evaluation_seed2026_evaluation_t050,dcase2023_macro,0.5973494155312337,0.4300245328109414,38.38170431838785,,,0.4933546903894545,0.4718004707471371
EINV2,causal,C3,0.2,2026,evaluation,/work/zhanghc/Myllm/SELD/experiment_completion_20260904/configs/Completion_20260904_C3_CausalEINV2_Velocity_JEPA_seed2026_evaluation.yaml,/work/zhanghc/Myllm/SELD/EINV2/C3_CausalEINV2_Velocity_JEPA_seed2026/out_train/ein_seld/C3_CausalEINV2_Velocity_JEPA_seed2026/checkpoints/rabbit02_gpu4_c3_epoch_77.pth,/work/zhanghc/Myllm/SELD/EINV2/C3_CausalEINV2_Velocity_JEPA_seed2026/out_infer/ein_seld/Completion_20260904_C3_CausalEINV2_Velocity_JEPA_seed2026_evaluation/submissions,dcase2020_source,0.5921402018056293,0.5917478307065697,12.897348085219917,0.660456879759164,0.3528968562866682,,
EINV2,causal,C3,0.2,2026,evaluation,/work/zhanghc/Myllm/SELD/experiment_completion_20260904/configs/Completion_20260904_C3_CausalEINV2_Velocity_JEPA_seed2026_evaluation.yaml,/work/zhanghc/Myllm/SELD/EINV2/C3_CausalEINV2_Velocity_JEPA_seed2026/out_train/ein_seld/C3_CausalEINV2_Velocity_JEPA_seed2026/checkpoints/rabbit02_gpu4_c3_epoch_77.pth,/work/zhanghc/Myllm/SELD/EINV2/C3_CausalEINV2_Velocity_JEPA_seed2026/out_infer/ein_seld/Completion_20260904_C3_CausalEINV2_Velocity_JEPA_seed2026_evaluation/submissions,dcase2020_web_lr,0.5921402018056293,0.5917478307065697,12.897348085219917,,,0.7073818374933617,0.34116561685311886
EINV2,causal,C3,0.2,2026,evaluation,/work/zhanghc/Myllm/SELD/experiment_completion_20260904/configs/Completion_20260904_C3_CausalEINV2_Velocity_JEPA_seed2026_evaluation.yaml,/work/zhanghc/Myllm/SELD/EINV2/C3_CausalEINV2_Velocity_JEPA_seed2026/out_train/ein_seld/C3_CausalEINV2_Velocity_JEPA_seed2026/checkpoints/rabbit02_gpu4_c3_epoch_77.pth,/work/zhanghc/Myllm/SELD/EINV2/C3_CausalEINV2_Velocity_JEPA_seed2026/out_infer/ein_seld/Completion_20260904_C3_CausalEINV2_Velocity_JEPA_seed2026_evaluation/submissions,dcase2023_micro,0.6326409053681781,0.5824458066504572,12.82912919763499,,,0.7027689109939871,0.3546747819276487
EINV2,causal,C3,0.2,2026,evaluation,/work/zhanghc/Myllm/SELD/experiment_completion_20260904/configs/Completion_20260904_C3_CausalEINV2_Velocity_JEPA_seed2026_evaluation.yaml,/work/zhanghc/Myllm/SELD/EINV2/C3_CausalEINV2_Velocity_JEPA_seed2026/out_train/ein_seld/C3_CausalEINV2_Velocity_JEPA_seed2026/checkpoints/rabbit02_gpu4_c3_epoch_77.pth,/work/zhanghc/Myllm/SELD/EINV2/C3_CausalEINV2_Velocity_JEPA_seed2026/out_infer/ein_seld/Completion_20260904_C3_CausalEINV2_Velocity_JEPA_seed2026_evaluation/submissions,dcase2023_macro,0.6326409053681781,0.5696960873765021,11.641807101844321,,,0.671251417202883,0.3640925267275375
Multi-ACCDOA,causal,C2_lambda005,0.05,2026,evaluation,/work/zhanghc/Myllm/SELD/DynamicCausalMultiACCDOA_TAU2020/runs/manifests/41_pilot_v2_C2_lambda005_seed2026_eval_split0_multiaccdoa_foa.json#params,/work/zhanghc/Myllm/SELD/DynamicCausalMultiACCDOA_TAU2020/runs/models/41_pilot_v2_C2_lambda005_seed2026_eval_split0_multiaccdoa_foa_model.h5,/work/zhanghc/Myllm/SELD/DynamicCausalMultiACCDOA_TAU2020/runs/analysis/threshold_predictions/Completion_20260904_pilot_v2_C2_lambda005_seed2026_evaluation_seed2026_evaluation_t050,dcase2020_source,0.6045064866095137,0.5013771872974723,15.02980256295762,0.612848347375243,0.3934449637660852,,
Multi-ACCDOA,causal,C2_lambda005,0.05,2026,evaluation,/work/zhanghc/Myllm/SELD/DynamicCausalMultiACCDOA_TAU2020/runs/manifests/41_pilot_v2_C2_lambda005_seed2026_eval_split0_multiaccdoa_foa.json#params,/work/zhanghc/Myllm/SELD/DynamicCausalMultiACCDOA_TAU2020/runs/models/41_pilot_v2_C2_lambda005_seed2026_eval_split0_multiaccdoa_foa_model.h5,/work/zhanghc/Myllm/SELD/DynamicCausalMultiACCDOA_TAU2020/runs/analysis/threshold_predictions/Completion_20260904_pilot_v2_C2_lambda005_seed2026_evaluation_seed2026_evaluation_t050,dcase2020_web_lr,0.6045064866095137,0.5013771872974723,15.02980256295762,,,0.5739321751005235,0.40317400683476506
Multi-ACCDOA,causal,C2_lambda005,0.05,2026,evaluation,/work/zhanghc/Myllm/SELD/DynamicCausalMultiACCDOA_TAU2020/runs/manifests/41_pilot_v2_C2_lambda005_seed2026_eval_split0_multiaccdoa_foa.json#params,/work/zhanghc/Myllm/SELD/DynamicCausalMultiACCDOA_TAU2020/runs/models/41_pilot_v2_C2_lambda005_seed2026_eval_split0_multiaccdoa_foa_model.h5,/work/zhanghc/Myllm/SELD/DynamicCausalMultiACCDOA_TAU2020/runs/analysis/threshold_predictions/Completion_20260904_pilot_v2_C2_lambda005_seed2026_evaluation_seed2026_evaluation_t050,dcase2023_micro,0.599731963368327,0.4971038229537011,15.098127594918646,,,0.5650304018982649,0.40536905628869946
Multi-ACCDOA,causal,C2_lambda005,0.05,2026,evaluation,/work/zhanghc/Myllm/SELD/DynamicCausalMultiACCDOA_TAU2020/runs/manifests/41_pilot_v2_C2_lambda005_seed2026_eval_split0_multiaccdoa_foa.json#params,/work/zhanghc/Myllm/SELD/DynamicCausalMultiACCDOA_TAU2020/runs/models/41_pilot_v2_C2_lambda005_seed2026_eval_split0_multiaccdoa_foa_model.h5,/work/zhanghc/Myllm/SELD/DynamicCausalMultiACCDOA_TAU2020/runs/analysis/threshold_predictions/Completion_20260904_pilot_v2_C2_lambda005_seed2026_evaluation_seed2026_evaluation_t050,dcase2023_macro,0.599731963368327,0.4030126255907208,38.45976155509901,,,0.4604421566070846,0.48748563078582346
EINV2,noncausal,E0,0,2026,evaluation,/work/zhanghc/Myllm/SELD/EINV2/E0_OfflineEINV2_seed2026/config.yaml,/work/zhanghc/Myllm/SELD/EINV2/E0_OfflineEINV2_seed2026/None_epoch_best.pth,/work/zhanghc/Myllm/SELD/EINV2/C0p1_CausalEINV2_fix_seed2026/out_infer/ein_seld/Eval_Pilot_E0_best_seed2026/submissions,dcase2020_source,0.34375237083681054,0.7451283040710012,9.906898718279168,0.8032413660042445,0.21260525674355674,,
EINV2,noncausal,E0,0,2026,evaluation,/work/zhanghc/Myllm/SELD/EINV2/E0_OfflineEINV2_seed2026/config.yaml,/work/zhanghc/Myllm/SELD/EINV2/E0_OfflineEINV2_seed2026/None_epoch_best.pth,/work/zhanghc/Myllm/SELD/EINV2/C0p1_CausalEINV2_fix_seed2026/out_infer/ein_seld/Eval_Pilot_E0_best_seed2026/submissions,dcase2020_web_lr,0.34375237083681054,0.7451283040710012,9.906898718279168,,,0.7896214247780897,0.21601024205009542
EINV2,noncausal,E0,0,2026,evaluation,/work/zhanghc/Myllm/SELD/EINV2/E0_OfflineEINV2_seed2026/config.yaml,/work/zhanghc/Myllm/SELD/EINV2/E0_OfflineEINV2_seed2026/None_epoch_best.pth,/work/zhanghc/Myllm/SELD/EINV2/C0p1_CausalEINV2_fix_seed2026/out_infer/ein_seld/Eval_Pilot_E0_best_seed2026/submissions,dcase2023_micro,0.370560643287916,0.7308955223880597,9.849483294851916,,,0.7827120154463092,0.22791811427290332
EINV2,noncausal,E0,0,2026,evaluation,/work/zhanghc/Myllm/SELD/EINV2/E0_OfflineEINV2_seed2026/config.yaml,/work/zhanghc/Myllm/SELD/EINV2/E0_OfflineEINV2_seed2026/None_epoch_best.pth,/work/zhanghc/Myllm/SELD/EINV2/C0p1_CausalEINV2_fix_seed2026/out_infer/ein_seld/Eval_Pilot_E0_best_seed2026/submissions,dcase2023_macro,0.370560643287916,0.7459809962151537,9.333485767823118,,,0.7837133593905763,0.22317974659807863
Multi-ACCDOA,causal,C3_lambda005,0.05,2026,evaluation,/work/zhanghc/Myllm/SELD/DynamicCausalMultiACCDOA_TAU2020/runs/manifests/42_supplemental_v2_C3_lambda005_seed2026_eval_split0_multiaccdoa_foa.json#params,/work/zhanghc/Myllm/SELD/DynamicCausalMultiACCDOA_TAU2020/runs/models/42_supplemental_v2_C3_lambda005_seed2026_eval_split0_multiaccdoa_foa_model.h5,/work/zhanghc/Myllm/SELD/DynamicCausalMultiACCDOA_TAU2020/runs/analysis/threshold_predictions/Completion_20260904_supplemental_v2_C3_lambda005_seed2026_evaluation_seed2026_evaluation_t050,dcase2020_source,0.6033684849404446,0.510411622276029,14.644806191049367,0.6142857142857141,0.39000779569335503,,
Multi-ACCDOA,causal,C3_lambda005,0.05,2026,evaluation,/work/zhanghc/Myllm/SELD/DynamicCausalMultiACCDOA_TAU2020/runs/manifests/42_supplemental_v2_C3_lambda005_seed2026_eval_split0_multiaccdoa_foa.json#params,/work/zhanghc/Myllm/SELD/DynamicCausalMultiACCDOA_TAU2020/runs/models/42_supplemental_v2_C3_lambda005_seed2026_eval_split0_multiaccdoa_foa_model.h5,/work/zhanghc/Myllm/SELD/DynamicCausalMultiACCDOA_TAU2020/runs/analysis/threshold_predictions/Completion_20260904_supplemental_v2_C3_lambda005_seed2026_evaluation_seed2026_evaluation_t050,dcase2020_web_lr,0.6033684849404446,0.510411622276029,14.644806191049367,,,0.5774220468856688,0.39922371254336636
Multi-ACCDOA,causal,C3_lambda005,0.05,2026,evaluation,/work/zhanghc/Myllm/SELD/DynamicCausalMultiACCDOA_TAU2020/runs/manifests/42_supplemental_v2_C3_lambda005_seed2026_eval_split0_multiaccdoa_foa.json#params,/work/zhanghc/Myllm/SELD/DynamicCausalMultiACCDOA_TAU2020/runs/models/42_supplemental_v2_C3_lambda005_seed2026_eval_split0_multiaccdoa_foa_model.h5,/work/zhanghc/Myllm/SELD/DynamicCausalMultiACCDOA_TAU2020/runs/analysis/threshold_predictions/Completion_20260904_supplemental_v2_C3_lambda005_seed2026_evaluation_seed2026_evaluation_t050,dcase2023_micro,0.5995085995085995,0.505813027552158,14.695570389818604,,,0.5682812847711594,0.4017640862266242
Multi-ACCDOA,causal,C3_lambda005,0.05,2026,evaluation,/work/zhanghc/Myllm/SELD/DynamicCausalMultiACCDOA_TAU2020/runs/manifests/42_supplemental_v2_C3_lambda005_seed2026_eval_split0_multiaccdoa_foa.json#params,/work/zhanghc/Myllm/SELD/DynamicCausalMultiACCDOA_TAU2020/runs/models/42_supplemental_v2_C3_lambda005_seed2026_eval_split0_multiaccdoa_foa_model.h5,/work/zhanghc/Myllm/SELD/DynamicCausalMultiACCDOA_TAU2020/runs/analysis/threshold_predictions/Completion_20260904_supplemental_v2_C3_lambda005_seed2026_evaluation_seed2026_evaluation_t050,dcase2023_macro,0.5995085995085995,0.3910890021048277,25.841796717743566,,,0.4515281720816426,0.47511424066073166
EINV2,noncausal,E1,0.2,2026,evaluation,/work/zhanghc/Myllm/SELD/experiment_completion_20260904/configs/Completion_20260904_E1_OfflineEINV2_Velocity_seed2026_evaluation.yaml,/work/zhanghc/Myllm/SELD/EINV2/E1_OfflineEINV2_Velocity_seed2026/out_train/ein_seld/E1_OfflineEINV2_Velocity_seed2026/checkpoints/rabbit02_gpu4_e1_epoch_69.pth,/work/zhanghc/Myllm/SELD/EINV2/E1_OfflineEINV2_Velocity_seed2026/out_infer/ein_seld/Completion_20260904_E1_OfflineEINV2_Velocity_seed2026_evaluation/submissions,dcase2020_source,0.34117290038692055,0.7393868385081037,9.844270370145605,0.8024995118140986,0.21349423525249292,,
EINV2,noncausal,E1,0.2,2026,evaluation,/work/zhanghc/Myllm/SELD/experiment_completion_20260904/configs/Completion_20260904_E1_OfflineEINV2_Velocity_seed2026_evaluation.yaml,/work/zhanghc/Myllm/SELD/EINV2/E1_OfflineEINV2_Velocity_seed2026/out_train/ein_seld/E1_OfflineEINV2_Velocity_seed2026/checkpoints/rabbit02_gpu4_e1_epoch_69.pth,/work/zhanghc/Myllm/SELD/EINV2/E1_OfflineEINV2_Velocity_seed2026/out_infer/ein_seld/Completion_20260904_E1_OfflineEINV2_Velocity_seed2026_evaluation/submissions,dcase2020_web_lr,0.34117290038692055,0.7393868385081037,9.844270370145605,,,0.7794552765344056,0.21925529407241617
EINV2,noncausal,E1,0.2,2026,evaluation,/work/zhanghc/Myllm/SELD/experiment_completion_20260904/configs/Completion_20260904_E1_OfflineEINV2_Velocity_seed2026_evaluation.yaml,/work/zhanghc/Myllm/SELD/EINV2/E1_OfflineEINV2_Velocity_seed2026/out_train/ein_seld/E1_OfflineEINV2_Velocity_seed2026/checkpoints/rabbit02_gpu4_e1_epoch_69.pth,/work/zhanghc/Myllm/SELD/EINV2/E1_OfflineEINV2_Velocity_seed2026/out_infer/ein_seld/Completion_20260904_E1_OfflineEINV2_Velocity_seed2026_evaluation/submissions,dcase2023_micro,0.3626684535775445,0.7266396699844833,9.794164615139886,,,0.7730243612596553,0.229354111993268
EINV2,noncausal,E1,0.2,2026,evaluation,/work/zhanghc/Myllm/SELD/experiment_completion_20260904/configs/Completion_20260904_E1_OfflineEINV2_Velocity_seed2026_evaluation.yaml,/work/zhanghc/Myllm/SELD/EINV2/E1_OfflineEINV2_Velocity_seed2026/out_train/ein_seld/E1_OfflineEINV2_Velocity_seed2026/checkpoints/rabbit02_gpu4_e1_epoch_69.pth,/work/zhanghc/Myllm/SELD/EINV2/E1_OfflineEINV2_Velocity_seed2026/out_infer/ein_seld/Completion_20260904_E1_OfflineEINV2_Velocity_seed2026_evaluation/submissions,dcase2023_macro,0.3626684535775445,0.7414010819519578,9.058369608676852,,,0.7670893307775151,0.22612557911295808
EINV2,noncausal,E2,0.2,2026,evaluation,/work/zhanghc/Myllm/SELD/experiment_completion_20260904/configs/Completion_20260904_E2_OfflineEINV2_JEPAConsistency_seed2026_evaluation.yaml,/work/zhanghc/Myllm/SELD/EINV2/E2_OfflineEINV2_JEPAConsistency_seed2026/out_train/ein_seld/E2_OfflineEINV2_JEPAConsistency_seed2026/checkpoints/rabbit02_gpu4_e2_epoch_60.pth,/work/zhanghc/Myllm/SELD/EINV2/E2_OfflineEINV2_JEPAConsistency_seed2026/out_infer/ein_seld/Completion_20260904_E2_OfflineEINV2_JEPAConsistency_seed2026_evaluation/submissions,dcase2020_source,0.350883847962977,0.730027976375505,11.324847695679141,0.7997357786757848,0.2210089783608095,,
EINV2,noncausal,E2,0.2,2026,evaluation,/work/zhanghc/Myllm/SELD/experiment_completion_20260904/configs/Completion_20260904_E2_OfflineEINV2_JEPAConsistency_seed2026_evaluation.yaml,/work/zhanghc/Myllm/SELD/EINV2/E2_OfflineEINV2_JEPAConsistency_seed2026/out_train/ein_seld/E2_OfflineEINV2_JEPAConsistency_seed2026/checkpoints/rabbit02_gpu4_e2_epoch_60.pth,/work/zhanghc/Myllm/SELD/EINV2/E2_OfflineEINV2_JEPAConsistency_seed2026/out_infer/ein_seld/Completion_20260904_E2_OfflineEINV2_JEPAConsistency_seed2026_evaluation/submissions,dcase2020_web_lr,0.350883847962977,0.730027976375505,11.324847695679141,,,0.7807450117593506,0.22575667008991804
EINV2,noncausal,E2,0.2,2026,evaluation,/work/zhanghc/Myllm/SELD/experiment_completion_20260904/configs/Completion_20260904_E2_OfflineEINV2_JEPAConsistency_seed2026_evaluation.yaml,/work/zhanghc/Myllm/SELD/EINV2/E2_OfflineEINV2_JEPAConsistency_seed2026/out_train/ein_seld/E2_OfflineEINV2_JEPAConsistency_seed2026/checkpoints/rabbit02_gpu4_e2_epoch_60.pth,/work/zhanghc/Myllm/SELD/EINV2/E2_OfflineEINV2_JEPAConsistency_seed2026/out_infer/ein_seld/Completion_20260904_E2_OfflineEINV2_JEPAConsistency_seed2026_evaluation/submissions,dcase2023_micro,0.37242200878564513,0.7170748222548246,11.271464555989432,,,0.7740498812351544,0.2359791382072352
EINV2,noncausal,E2,0.2,2026,evaluation,/work/zhanghc/Myllm/SELD/experiment_completion_20260904/configs/Completion_20260904_E2_OfflineEINV2_JEPAConsistency_seed2026_evaluation.yaml,/work/zhanghc/Myllm/SELD/EINV2/E2_OfflineEINV2_JEPAConsistency_seed2026/out_train/ein_seld/E2_OfflineEINV2_JEPAConsistency_seed2026/checkpoints/rabbit02_gpu4_e2_epoch_60.pth,/work/zhanghc/Myllm/SELD/EINV2/E2_OfflineEINV2_JEPAConsistency_seed2026/out_infer/ein_seld/Completion_20260904_E2_OfflineEINV2_JEPAConsistency_seed2026_evaluation/submissions,dcase2023_macro,0.37242200878564513,0.730308659279446,10.49886798905563,,,0.7696999094499386,0.2326851211099757
Multi-ACCDOA,noncausal,A0,0,2026,validation,/work/zhanghc/Myllm/SELD/DynamicCausalMultiACCDOA_TAU2020/runs/manifests/32_paper_v1_A0_seed2026_eval_split0_multiaccdoa_foa.json#params,/work/zhanghc/Myllm/SELD/DynamicCausalMultiACCDOA_TAU2020/runs/models/32_paper_v1_A0_seed2026_eval_split0_multiaccdoa_foa_model.h5,/work/zhanghc/Myllm/SELD/DynamicCausalMultiACCDOA_TAU2020/runs/analysis/threshold_predictions/Completion_20260904_paper_v1_A0_seed2026_validation_seed2026_validation_t050,dcase2020_source,0.5437395405446523,0.5480491627484946,14.099173233175678,0.6567681267013115,0.3543127478197889,,
Multi-ACCDOA,noncausal,A0,0,2026,validation,/work/zhanghc/Myllm/SELD/DynamicCausalMultiACCDOA_TAU2020/runs/manifests/32_paper_v1_A0_seed2026_eval_split0_multiaccdoa_foa.json#params,/work/zhanghc/Myllm/SELD/DynamicCausalMultiACCDOA_TAU2020/runs/models/32_paper_v1_A0_seed2026_eval_split0_multiaccdoa_foa_model.h5,/work/zhanghc/Myllm/SELD/DynamicCausalMultiACCDOA_TAU2020/runs/analysis/threshold_predictions/Completion_20260904_paper_v1_A0_seed2026_validation_seed2026_validation_t050,dcase2020_web_lr,0.5437395405446523,0.5480491627484946,14.099173233175678,,,0.6056595162026472,0.36708990044445494
Multi-ACCDOA,noncausal,A0,0,2026,validation,/work/zhanghc/Myllm/SELD/DynamicCausalMultiACCDOA_TAU2020/runs/manifests/32_paper_v1_A0_seed2026_eval_split0_multiaccdoa_foa.json#params,/work/zhanghc/Myllm/SELD/DynamicCausalMultiACCDOA_TAU2020/runs/models/32_paper_v1_A0_seed2026_eval_split0_multiaccdoa_foa_model.h5,/work/zhanghc/Myllm/SELD/DynamicCausalMultiACCDOA_TAU2020/runs/analysis/threshold_predictions/Completion_20260904_paper_v1_A0_seed2026_validation_seed2026_validation_t050,dcase2023_micro,0.5323977306658704,0.5438110749185667,14.128356171880524,,,0.5954437164979154,0.3679084517177367
Multi-ACCDOA,noncausal,A0,0,2026,validation,/work/zhanghc/Myllm/SELD/DynamicCausalMultiACCDOA_TAU2020/runs/manifests/32_paper_v1_A0_seed2026_eval_split0_multiaccdoa_foa.json#params,/work/zhanghc/Myllm/SELD/DynamicCausalMultiACCDOA_TAU2020/runs/models/32_paper_v1_A0_seed2026_eval_split0_multiaccdoa_foa_model.h5,/work/zhanghc/Myllm/SELD/DynamicCausalMultiACCDOA_TAU2020/runs/analysis/threshold_predictions/Completion_20260904_paper_v1_A0_seed2026_validation_seed2026_validation_t050,dcase2023_macro,0.5323977306658704,0.5030211621934676,14.553587514386594,,,0.5597930097718019,0.3876092056673538
Multi-ACCDOA,noncausal,A3_lambda005,0.05,2026,validation,/work/zhanghc/Myllm/SELD/DynamicCausalMultiACCDOA_TAU2020/runs/manifests/52_supplemental_v2_A3_lambda005_seed2026_eval_split0_multiaccdoa_foa.json#params,/work/zhanghc/Myllm/SELD/DynamicCausalMultiACCDOA_TAU2020/runs/models/52_supplemental_v2_A3_lambda005_seed2026_eval_split0_multiaccdoa_foa_model.h5,/work/zhanghc/Myllm/SELD/DynamicCausalMultiACCDOA_TAU2020/runs/analysis/threshold_predictions/Completion_20260904_supplemental_v2_A3_lambda005_seed2026_validation_seed2026_validation_t050,dcase2020_source,0.5756884223337897,0.519654681082893,14.595028595108055,0.6364931690554018,0.37515601609763494,,
Multi-ACCDOA,noncausal,A3_lambda005,0.05,2026,validation,/work/zhanghc/Myllm/SELD/DynamicCausalMultiACCDOA_TAU2020/runs/manifests/52_supplemental_v2_A3_lambda005_seed2026_eval_split0_multiaccdoa_foa.json#params,/work/zhanghc/Myllm/SELD/DynamicCausalMultiACCDOA_TAU2020/runs/models/52_supplemental_v2_A3_lambda005_seed2026_eval_split0_multiaccdoa_foa_model.h5,/work/zhanghc/Myllm/SELD/DynamicCausalMultiACCDOA_TAU2020/runs/analysis/threshold_predictions/Completion_20260904_supplemental_v2_A3_lambda005_seed2026_validation_seed2026_validation_t050,dcase2020_web_lr,0.5756884223337897,0.519654681082893,14.595028595108055,,,0.5776662102540697,0.3898627557979679
Multi-ACCDOA,noncausal,A3_lambda005,0.05,2026,validation,/work/zhanghc/Myllm/SELD/DynamicCausalMultiACCDOA_TAU2020/runs/manifests/52_supplemental_v2_A3_lambda005_seed2026_eval_split0_multiaccdoa_foa.json#params,/work/zhanghc/Myllm/SELD/DynamicCausalMultiACCDOA_TAU2020/runs/models/52_supplemental_v2_A3_lambda005_seed2026_eval_split0_multiaccdoa_foa_model.h5,/work/zhanghc/Myllm/SELD/DynamicCausalMultiACCDOA_TAU2020/runs/analysis/threshold_predictions/Completion_20260904_supplemental_v2_A3_lambda005_seed2026_validation_seed2026_validation_t050,dcase2023_micro,0.5638996715437444,0.514848209115725,14.633801583355172,,,0.5680464562239428,0.3905759759723457
Multi-ACCDOA,noncausal,A3_lambda005,0.05,2026,validation,/work/zhanghc/Myllm/SELD/DynamicCausalMultiACCDOA_TAU2020/runs/manifests/52_supplemental_v2_A3_lambda005_seed2026_eval_split0_multiaccdoa_foa.json#params,/work/zhanghc/Myllm/SELD/DynamicCausalMultiACCDOA_TAU2020/runs/models/52_supplemental_v2_A3_lambda005_seed2026_eval_split0_multiaccdoa_foa_model.h5,/work/zhanghc/Myllm/SELD/DynamicCausalMultiACCDOA_TAU2020/runs/analysis/threshold_predictions/Completion_20260904_supplemental_v2_A3_lambda005_seed2026_validation_seed2026_validation_t050,dcase2023_macro,0.5638996715437444,0.4416386981830738,26.99400946613087,,,0.49168051847706795,0.4451367935349714
Multi-ACCDOA,causal,C0,0,2026,validation,/work/zhanghc/Myllm/SELD/DynamicCausalMultiACCDOA_TAU2020/runs/manifests/35_paper_v1_C0_seed2026_eval_split0_multiaccdoa_foa.json#params,/work/zhanghc/Myllm/SELD/DynamicCausalMultiACCDOA_TAU2020/runs/models/35_paper_v1_C0_seed2026_eval_split0_multiaccdoa_foa_model.h5,/work/zhanghc/Myllm/SELD/DynamicCausalMultiACCDOA_TAU2020/runs/analysis/threshold_predictions/Completion_20260904_paper_v1_C0_seed2026_validation_seed2026_validation_t050,dcase2020_source,0.6474973375931843,0.4667097608274078,16.28351128425925,0.5887201034259857,0.4206328562297522,,
Multi-ACCDOA,causal,C0,0,2026,validation,/work/zhanghc/Myllm/SELD/DynamicCausalMultiACCDOA_TAU2020/runs/manifests/35_paper_v1_C0_seed2026_eval_split0_multiaccdoa_foa.json#params,/work/zhanghc/Myllm/SELD/DynamicCausalMultiACCDOA_TAU2020/runs/models/35_paper_v1_C0_seed2026_eval_split0_multiaccdoa_foa_model.h5,/work/zhanghc/Myllm/SELD/DynamicCausalMultiACCDOA_TAU2020/runs/analysis/threshold_predictions/Completion_20260904_paper_v1_C0_seed2026_validation_seed2026_validation_t050,dcase2020_web_lr,0.6474973375931843,0.4667097608274078,16.28351128425925,,,0.554237030275369,0.4292536245174064
Multi-ACCDOA,causal,C0,0,2026,validation,/work/zhanghc/Myllm/SELD/DynamicCausalMultiACCDOA_TAU2020/runs/manifests/35_paper_v1_C0_seed2026_eval_split0_multiaccdoa_foa.json#params,/work/zhanghc/Myllm/SELD/DynamicCausalMultiACCDOA_TAU2020/runs/models/35_paper_v1_C0_seed2026_eval_split0_multiaccdoa_foa_model.h5,/work/zhanghc/Myllm/SELD/DynamicCausalMultiACCDOA_TAU2020/runs/analysis/threshold_predictions/Completion_20260904_paper_v1_C0_seed2026_validation_seed2026_validation_t050,dcase2023_micro,0.6458644371454165,0.4630620557463461,16.31397259477845,,,0.5449806374739351,0.4321137312518094
Multi-ACCDOA,causal,C0,0,2026,validation,/work/zhanghc/Myllm/SELD/DynamicCausalMultiACCDOA_TAU2020/runs/manifests/35_paper_v1_C0_seed2026_eval_split0_multiaccdoa_foa.json#params,/work/zhanghc/Myllm/SELD/DynamicCausalMultiACCDOA_TAU2020/runs/models/35_paper_v1_C0_seed2026_eval_split0_multiaccdoa_foa_model.h5,/work/zhanghc/Myllm/SELD/DynamicCausalMultiACCDOA_TAU2020/runs/analysis/threshold_predictions/Completion_20260904_paper_v1_C0_seed2026_validation_seed2026_validation_t050,dcase2023_macro,0.6458644371454165,0.3677811947779673,39.89567861210372,,,0.44463577916296976,0.5137725305401529
EINV2,noncausal,E3,0.2,2026,evaluation,/work/zhanghc/Myllm/SELD/experiment_completion_20260904/configs/Completion_20260904_E3_OfflineEINV2_Velocity_JEPAConsistency_seed2026_evaluation.yaml,/work/zhanghc/Myllm/SELD/EINV2/E3_OfflineEINV2_Velocity_JEPAConsistency_seed2026/out_train/ein_seld/E3_OfflineEINV2_Velocity_JEPAConsistency_seed2026/checkpoints/rabbit02_gpu4_e3_epoch_88.pth,/work/zhanghc/Myllm/SELD/EINV2/E3_OfflineEINV2_Velocity_JEPAConsistency_seed2026/out_infer/ein_seld/Completion_20260904_E3_OfflineEINV2_Velocity_JEPAConsistency_seed2026_evaluation/submissions,dcase2020_source,0.3487595781807147,0.7358076078159324,10.024848313847425,0.7945427217019307,0.2185257126016121,,
EINV2,noncausal,E3,0.2,2026,evaluation,/work/zhanghc/Myllm/SELD/experiment_completion_20260904/configs/Completion_20260904_E3_OfflineEINV2_Velocity_JEPAConsistency_seed2026_evaluation.yaml,/work/zhanghc/Myllm/SELD/EINV2/E3_OfflineEINV2_Velocity_JEPAConsistency_seed2026/out_train/ein_seld/E3_OfflineEINV2_Velocity_JEPAConsistency_seed2026/checkpoints/rabbit02_gpu4_e3_epoch_88.pth,/work/zhanghc/Myllm/SELD/EINV2/E3_OfflineEINV2_Velocity_JEPAConsistency_seed2026/out_infer/ein_seld/Completion_20260904_E3_OfflineEINV2_Velocity_JEPAConsistency_seed2026_evaluation/submissions,dcase2020_web_lr,0.3487595781807147,0.7358076078159324,10.024848313847425,,,0.7820347469842955,0.2216527062810209
EINV2,noncausal,E3,0.2,2026,evaluation,/work/zhanghc/Myllm/SELD/experiment_completion_20260904/configs/Completion_20260904_E3_OfflineEINV2_Velocity_JEPAConsistency_seed2026_evaluation.yaml,/work/zhanghc/Myllm/SELD/EINV2/E3_OfflineEINV2_Velocity_JEPAConsistency_seed2026/out_train/ein_seld/E3_OfflineEINV2_Velocity_JEPAConsistency_seed2026/checkpoints/rabbit02_gpu4_e3_epoch_88.pth,/work/zhanghc/Myllm/SELD/EINV2/E3_OfflineEINV2_Velocity_JEPAConsistency_seed2026/out_infer/ein_seld/Completion_20260904_E3_OfflineEINV2_Velocity_JEPAConsistency_seed2026_evaluation/submissions,dcase2023_micro,0.37569801206164843,0.7219555753990401,9.970757343046328,,,0.7769442174849588,0.23304782888197673
EINV2,noncausal,E3,0.2,2026,evaluation,/work/zhanghc/Myllm/SELD/experiment_completion_20260904/configs/Completion_20260904_E3_OfflineEINV2_Velocity_JEPAConsistency_seed2026_evaluation.yaml,/work/zhanghc/Myllm/SELD/EINV2/E3_OfflineEINV2_Velocity_JEPAConsistency_seed2026/out_train/ein_seld/E3_OfflineEINV2_Velocity_JEPAConsistency_seed2026/checkpoints/rabbit02_gpu4_e3_epoch_88.pth,/work/zhanghc/Myllm/SELD/EINV2/E3_OfflineEINV2_Velocity_JEPAConsistency_seed2026/out_infer/ein_seld/Completion_20260904_E3_OfflineEINV2_Velocity_JEPAConsistency_seed2026_evaluation/submissions,dcase2023_macro,0.37569801206164843,0.7371825734741085,9.423570635054881,,,0.7779731648431063,0.22822386098479577
EINV2,causal,C0.1,0,2026,validation,/work/zhanghc/Myllm/SELD/experiment_completion_20260904/configs/Completion_20260904_EINV2_C0_bestfix_seed2026_validation.yaml,/work/zhanghc/Myllm/SELD/EINV2/C0p1_CausalEINV2_fix_seed2026/out_train/ein_seld/EINV2_C0_bestfix_seed2026/checkpoints/rabbit02_gpu3_bestfix_seed2026_epoch_82.pth,/work/zhanghc/Myllm/SELD/EINV2/C0p1_CausalEINV2_fix_seed2026/out_infer/ein_seld/Completion_20260904_EINV2_C0_bestfix_seed2026_validation/submissions,dcase2020_source,0.6263502205994219,0.5423172905525845,16.64318104917051,0.6562566844919785,0.3800595906236738,,
EINV2,causal,C0.1,0,2026,validation,/work/zhanghc/Myllm/SELD/experiment_completion_20260904/configs/Completion_20260904_EINV2_C0_bestfix_seed2026_validation.yaml,/work/zhanghc/Myllm/SELD/EINV2/C0p1_CausalEINV2_fix_seed2026/out_train/ein_seld/EINV2_C0_bestfix_seed2026/checkpoints/rabbit02_gpu3_bestfix_seed2026_epoch_82.pth,/work/zhanghc/Myllm/SELD/EINV2/C0p1_CausalEINV2_fix_seed2026/out_infer/ein_seld/Completion_20260904_EINV2_C0_bestfix_seed2026_validation/submissions,dcase2020_web_lr,0.6263502205994219,0.5423172905525845,16.64318104917051,,,0.7001369237790963,0.3690895308018943
EINV2,causal,C0.1,0,2026,validation,/work/zhanghc/Myllm/SELD/experiment_completion_20260904/configs/Completion_20260904_EINV2_C0_bestfix_seed2026_validation.yaml,/work/zhanghc/Myllm/SELD/EINV2/C0p1_CausalEINV2_fix_seed2026/out_train/ein_seld/EINV2_C0_bestfix_seed2026/checkpoints/rabbit02_gpu3_bestfix_seed2026_epoch_82.pth,/work/zhanghc/Myllm/SELD/EINV2/C0p1_CausalEINV2_fix_seed2026/out_infer/ein_seld/Completion_20260904_EINV2_C0_bestfix_seed2026_validation/submissions,dcase2023_micro,0.6873693639892505,0.5269601100412655,16.625237156022383,,,0.6906357004615156,0.3905339955327595
EINV2,causal,C0.1,0,2026,validation,/work/zhanghc/Myllm/SELD/experiment_completion_20260904/configs/Completion_20260904_EINV2_C0_bestfix_seed2026_validation.yaml,/work/zhanghc/Myllm/SELD/EINV2/C0p1_CausalEINV2_fix_seed2026/out_train/ein_seld/EINV2_C0_bestfix_seed2026/checkpoints/rabbit02_gpu3_bestfix_seed2026_epoch_82.pth,/work/zhanghc/Myllm/SELD/EINV2/C0p1_CausalEINV2_fix_seed2026/out_infer/ein_seld/Completion_20260904_EINV2_C0_bestfix_seed2026_validation/submissions,dcase2023_macro,0.6873693639892505,0.5130371330593483,15.399236600914605,,,0.6804380716883623,0.3948613684227663
EINV2,causal,C1,0.2,2026,validation,/work/zhanghc/Myllm/SELD/experiment_completion_20260904/configs/Completion_20260904_C1_CausalEINV2_Velocity_seed2026_validation.yaml,/work/zhanghc/Myllm/SELD/EINV2/C1_CausalEINV2_Velocity_seed2026/out_train/ein_seld/C1_CausalEINV2_Velocity_seed2026/checkpoints/rabbit02_gpu4_epoch_59.pth,/work/zhanghc/Myllm/SELD/EINV2/C1_CausalEINV2_Velocity_seed2026/out_infer/ein_seld/Completion_20260904_C1_CausalEINV2_Velocity_seed2026_validation/submissions,dcase2020_source,0.6260459455347634,0.5373973194984867,17.150163564713136,0.651534803285776,0.3830981273052823,,
EINV2,causal,C1,0.2,2026,validation,/work/zhanghc/Myllm/SELD/experiment_completion_20260904/configs/Completion_20260904_C1_CausalEINV2_Velocity_seed2026_validation.yaml,/work/zhanghc/Myllm/SELD/EINV2/C1_CausalEINV2_Velocity_seed2026/out_train/ein_seld/C1_CausalEINV2_Velocity_seed2026/checkpoints/rabbit02_gpu4_epoch_59.pth,/work/zhanghc/Myllm/SELD/EINV2/C1_CausalEINV2_Velocity_seed2026/out_infer/ein_seld/Completion_20260904_C1_CausalEINV2_Velocity_seed2026_validation/submissions,dcase2020_web_lr,0.6260459455347634,0.5373973194984867,17.150163564713136,,,0.687813783660429,0.37402838221161905
EINV2,causal,C1,0.2,2026,validation,/work/zhanghc/Myllm/SELD/experiment_completion_20260904/configs/Completion_20260904_C1_CausalEINV2_Velocity_seed2026_validation.yaml,/work/zhanghc/Myllm/SELD/EINV2/C1_CausalEINV2_Velocity_seed2026/out_train/ein_seld/C1_CausalEINV2_Velocity_seed2026/checkpoints/rabbit02_gpu4_epoch_59.pth,/work/zhanghc/Myllm/SELD/EINV2/C1_CausalEINV2_Velocity_seed2026/out_infer/ein_seld/Completion_20260904_C1_CausalEINV2_Velocity_seed2026_validation/submissions,dcase2023_micro,0.6725888324873096,0.5243382917801522,17.126667111902275,,,0.677933293627159,0.39136634942541937
EINV2,causal,C1,0.2,2026,validation,/work/zhanghc/Myllm/SELD/experiment_completion_20260904/configs/Completion_20260904_C1_CausalEINV2_Velocity_seed2026_validation.yaml,/work/zhanghc/Myllm/SELD/EINV2/C1_CausalEINV2_Velocity_seed2026/out_train/ein_seld/C1_CausalEINV2_Velocity_seed2026/checkpoints/rabbit02_gpu4_epoch_59.pth,/work/zhanghc/Myllm/SELD/EINV2/C1_CausalEINV2_Velocity_seed2026/out_infer/ein_seld/Completion_20260904_C1_CausalEINV2_Velocity_seed2026_validation/submissions,dcase2023_macro,0.6725888324873096,0.5138612670363576,16.319532996458552,,,0.6670723770386802,0.3955798151537047
Multi-ACCDOA,causal,C1_lambda005,0.05,2026,validation,/work/zhanghc/Myllm/SELD/DynamicCausalMultiACCDOA_TAU2020/runs/manifests/40_pilot_v2_C1_lambda005_seed2026_eval_split0_multiaccdoa_foa.json#params,/work/zhanghc/Myllm/SELD/DynamicCausalMultiACCDOA_TAU2020/runs/models/40_pilot_v2_C1_lambda005_seed2026_eval_split0_multiaccdoa_foa_model.h5,/work/zhanghc/Myllm/SELD/DynamicCausalMultiACCDOA_TAU2020/runs/analysis/threshold_predictions/Completion_20260904_pilot_v2_C1_lambda005_seed2026_validation_seed2026_validation_t050,dcase2020_source,0.6344135098128708,0.4800327332242225,15.149626991013141,0.5942716857610473,0.4110684213055296,,
Multi-ACCDOA,causal,C1_lambda005,0.05,2026,validation,/work/zhanghc/Myllm/SELD/DynamicCausalMultiACCDOA_TAU2020/runs/manifests/40_pilot_v2_C1_lambda005_seed2026_eval_split0_multiaccdoa_foa.json#params,/work/zhanghc/Myllm/SELD/DynamicCausalMultiACCDOA_TAU2020/runs/models/40_pilot_v2_C1_lambda005_seed2026_eval_split0_multiaccdoa_foa_model.h5,/work/zhanghc/Myllm/SELD/DynamicCausalMultiACCDOA_TAU2020/runs/analysis/threshold_predictions/Completion_20260904_pilot_v2_C1_lambda005_seed2026_validation_seed2026_validation_t050,dcase2020_web_lr,0.6344135098128708,0.4800327332242225,15.149626991013141,,,0.5524113798874182,0.4215334977739369
Multi-ACCDOA,causal,C1_lambda005,0.05,2026,validation,/work/zhanghc/Myllm/SELD/DynamicCausalMultiACCDOA_TAU2020/runs/manifests/40_pilot_v2_C1_lambda005_seed2026_eval_split0_multiaccdoa_foa.json#params,/work/zhanghc/Myllm/SELD/DynamicCausalMultiACCDOA_TAU2020/runs/models/40_pilot_v2_C1_lambda005_seed2026_eval_split0_multiaccdoa_foa_model.h5,/work/zhanghc/Myllm/SELD/DynamicCausalMultiACCDOA_TAU2020/runs/analysis/threshold_predictions/Completion_20260904_pilot_v2_C1_lambda005_seed2026_validation_seed2026_validation_t050,dcase2023_micro,0.6231710958495074,0.4764292067599256,15.170026950311188,,,0.543057210965435,0.4219906514064689
Multi-ACCDOA,causal,C1_lambda005,0.05,2026,validation,/work/zhanghc/Myllm/SELD/DynamicCausalMultiACCDOA_TAU2020/runs/manifests/40_pilot_v2_C1_lambda005_seed2026_eval_split0_multiaccdoa_foa.json#params,/work/zhanghc/Myllm/SELD/DynamicCausalMultiACCDOA_TAU2020/runs/models/40_pilot_v2_C1_lambda005_seed2026_eval_split0_multiaccdoa_foa_model.h5,/work/zhanghc/Myllm/SELD/DynamicCausalMultiACCDOA_TAU2020/runs/analysis/threshold_predictions/Completion_20260904_pilot_v2_C1_lambda005_seed2026_validation_seed2026_validation_t050,dcase2023_macro,0.6231710958495074,0.38679200880510395,39.26661308832873,,,0.46027059488293837,0.49856408566304505
EINV2,causal,C2,0.2,2026,validation,/work/zhanghc/Myllm/SELD/experiment_completion_20260904/configs/Completion_20260904_C2_CausalEINV2_JEPA_seed2026_validation.yaml,/work/zhanghc/Myllm/SELD/EINV2/C2_CausalEINV2_JEPA_seed2026/out_train/ein_seld/C2_CausalEINV2_JEPA_seed2026/checkpoints/rabbit02_gpu4_c2_epoch_59.pth,/work/zhanghc/Myllm/SELD/EINV2/C2_CausalEINV2_JEPA_seed2026/out_infer/ein_seld/Completion_20260904_C2_CausalEINV2_JEPA_seed2026_validation/submissions,dcase2020_source,0.6258938080024342,0.5328146387147898,16.62973499436,0.6542756285570203,0.3827977393414893,,
EINV2,causal,C2,0.2,2026,validation,/work/zhanghc/Myllm/SELD/experiment_completion_20260904/configs/Completion_20260904_C2_CausalEINV2_JEPA_seed2026_validation.yaml,/work/zhanghc/Myllm/SELD/EINV2/C2_CausalEINV2_JEPA_seed2026/out_train/ein_seld/C2_CausalEINV2_JEPA_seed2026/checkpoints/rabbit02_gpu4_c2_epoch_59.pth,/work/zhanghc/Myllm/SELD/EINV2/C2_CausalEINV2_JEPA_seed2026/out_infer/ein_seld/Completion_20260904_C2_CausalEINV2_JEPA_seed2026_validation/submissions,dcase2020_web_lr,0.6258938080024342,0.5328146387147898,16.62973499436,,,0.6908565343070135,0.37365251290399104
EINV2,causal,C2,0.2,2026,validation,/work/zhanghc/Myllm/SELD/experiment_completion_20260904/configs/Completion_20260904_C2_CausalEINV2_JEPA_seed2026_validation.yaml,/work/zhanghc/Myllm/SELD/EINV2/C2_CausalEINV2_JEPA_seed2026/out_train/ein_seld/C2_CausalEINV2_JEPA_seed2026/checkpoints/rabbit02_gpu4_c2_epoch_59.pth,/work/zhanghc/Myllm/SELD/EINV2/C2_CausalEINV2_JEPA_seed2026/out_infer/ein_seld/Completion_20260904_C2_CausalEINV2_JEPA_seed2026_validation/submissions,dcase2023_micro,0.685727082711257,0.5165186007773459,16.634042342661523,,,0.6803156640857654,0.3953260410490663
EINV2,causal,C2,0.2,2026,validation,/work/zhanghc/Myllm/SELD/experiment_completion_20260904/configs/Completion_20260904_C2_CausalEINV2_JEPA_seed2026_validation.yaml,/work/zhanghc/Myllm/SELD/EINV2/C2_CausalEINV2_JEPA_seed2026/out_train/ein_seld/C2_CausalEINV2_JEPA_seed2026/checkpoints/rabbit02_gpu4_c2_epoch_59.pth,/work/zhanghc/Myllm/SELD/EINV2/C2_CausalEINV2_JEPA_seed2026/out_infer/ein_seld/Completion_20260904_C2_CausalEINV2_JEPA_seed2026_validation/submissions,dcase2023_macro,0.685727082711257,0.5167818637035352,15.159148387437643,,,0.6693629019053701,0.39594995203591804
EINV2,causal,C3,0.2,2026,validation,/work/zhanghc/Myllm/SELD/experiment_completion_20260904/configs/Completion_20260904_C3_CausalEINV2_Velocity_JEPA_seed2026_validation.yaml,/work/zhanghc/Myllm/SELD/EINV2/C3_CausalEINV2_Velocity_JEPA_seed2026/out_train/ein_seld/C3_CausalEINV2_Velocity_JEPA_seed2026/checkpoints/rabbit02_gpu4_c3_epoch_77.pth,/work/zhanghc/Myllm/SELD/EINV2/C3_CausalEINV2_Velocity_JEPA_seed2026/out_infer/ein_seld/Completion_20260904_C3_CausalEINV2_Velocity_JEPA_seed2026_validation/submissions,dcase2020_source,0.5854252244028602,0.5898111863199144,11.97252682517611,0.6613466334164588,0.350195360646033,,
EINV2,causal,C3,0.2,2026,validation,/work/zhanghc/Myllm/SELD/experiment_completion_20260904/configs/Completion_20260904_C3_CausalEINV2_Velocity_JEPA_seed2026_validation.yaml,/work/zhanghc/Myllm/SELD/EINV2/C3_CausalEINV2_Velocity_JEPA_seed2026/out_train/ein_seld/C3_CausalEINV2_Velocity_JEPA_seed2026/checkpoints/rabbit02_gpu4_c3_epoch_77.pth,/work/zhanghc/Myllm/SELD/EINV2/C3_CausalEINV2_Velocity_JEPA_seed2026/out_infer/ein_seld/Completion_20260904_C3_CausalEINV2_Velocity_JEPA_seed2026_validation/submissions,dcase2020_web_lr,0.5854252244028602,0.5898111863199144,11.97252682517611,,,0.7060702875399361,0.3390144471151637
EINV2,causal,C3,0.2,2026,validation,/work/zhanghc/Myllm/SELD/experiment_completion_20260904/configs/Completion_20260904_C3_CausalEINV2_Velocity_JEPA_seed2026_validation.yaml,/work/zhanghc/Myllm/SELD/EINV2/C3_CausalEINV2_Velocity_JEPA_seed2026/out_train/ein_seld/C3_CausalEINV2_Velocity_JEPA_seed2026/checkpoints/rabbit02_gpu4_c3_epoch_77.pth,/work/zhanghc/Myllm/SELD/EINV2/C3_CausalEINV2_Velocity_JEPA_seed2026/out_infer/ein_seld/Completion_20260904_C3_CausalEINV2_Velocity_JEPA_seed2026_validation/submissions,dcase2023_micro,0.6425798745894297,0.5735062084105097,11.975626659004396,,,0.6970645209357771,0.3596351011149585
EINV2,causal,C3,0.2,2026,validation,/work/zhanghc/Myllm/SELD/experiment_completion_20260904/configs/Completion_20260904_C3_CausalEINV2_Velocity_JEPA_seed2026_validation.yaml,/work/zhanghc/Myllm/SELD/EINV2/C3_CausalEINV2_Velocity_JEPA_seed2026/out_train/ein_seld/C3_CausalEINV2_Velocity_JEPA_seed2026/checkpoints/rabbit02_gpu4_c3_epoch_77.pth,/work/zhanghc/Myllm/SELD/EINV2/C3_CausalEINV2_Velocity_JEPA_seed2026/out_infer/ein_seld/Completion_20260904_C3_CausalEINV2_Velocity_JEPA_seed2026_validation/submissions,dcase2023_macro,0.6425798745894297,0.551543678094185,11.041523361079243,,,0.6751285940234981,0.3693123497305467
Multi-ACCDOA,causal,C2_lambda005,0.05,2026,validation,/work/zhanghc/Myllm/SELD/DynamicCausalMultiACCDOA_TAU2020/runs/manifests/41_pilot_v2_C2_lambda005_seed2026_eval_split0_multiaccdoa_foa.json#params,/work/zhanghc/Myllm/SELD/DynamicCausalMultiACCDOA_TAU2020/runs/models/41_pilot_v2_C2_lambda005_seed2026_eval_split0_multiaccdoa_foa_model.h5,/work/zhanghc/Myllm/SELD/DynamicCausalMultiACCDOA_TAU2020/runs/analysis/threshold_predictions/Completion_20260904_pilot_v2_C2_lambda005_seed2026_validation_seed2026_validation_t050,dcase2020_source,0.6406511486383691,0.47890738645547104,15.636953542403393,0.604654921609827,0.41099020117438356,,
Multi-ACCDOA,causal,C2_lambda005,0.05,2026,validation,/work/zhanghc/Myllm/SELD/DynamicCausalMultiACCDOA_TAU2020/runs/manifests/41_pilot_v2_C2_lambda005_seed2026_eval_split0_multiaccdoa_foa.json#params,/work/zhanghc/Myllm/SELD/DynamicCausalMultiACCDOA_TAU2020/runs/models/41_pilot_v2_C2_lambda005_seed2026_eval_split0_multiaccdoa_foa_model.h5,/work/zhanghc/Myllm/SELD/DynamicCausalMultiACCDOA_TAU2020/runs/analysis/threshold_predictions/Completion_20260904_pilot_v2_C2_lambda005_seed2026_validation_seed2026_validation_t050,dcase2020_web_lr,0.6406511486383691,0.47890738645547104,15.636953542403393,,,0.569146508443633,0.4198673044659321
Multi-ACCDOA,causal,C2_lambda005,0.05,2026,validation,/work/zhanghc/Myllm/SELD/DynamicCausalMultiACCDOA_TAU2020/runs/manifests/41_pilot_v2_C2_lambda005_seed2026_eval_split0_multiaccdoa_foa.json#params,/work/zhanghc/Myllm/SELD/DynamicCausalMultiACCDOA_TAU2020/runs/models/41_pilot_v2_C2_lambda005_seed2026_eval_split0_multiaccdoa_foa_model.h5,/work/zhanghc/Myllm/SELD/DynamicCausalMultiACCDOA_TAU2020/runs/analysis/threshold_predictions/Completion_20260904_pilot_v2_C2_lambda005_seed2026_validation_seed2026_validation_t050,dcase2023_micro,0.6295909226634816,0.4754909787641705,15.65810839239295,,,0.5597081596188207,0.42034531883733506
Multi-ACCDOA,causal,C2_lambda005,0.05,2026,validation,/work/zhanghc/Myllm/SELD/DynamicCausalMultiACCDOA_TAU2020/runs/manifests/41_pilot_v2_C2_lambda005_seed2026_eval_split0_multiaccdoa_foa.json#params,/work/zhanghc/Myllm/SELD/DynamicCausalMultiACCDOA_TAU2020/runs/models/41_pilot_v2_C2_lambda005_seed2026_eval_split0_multiaccdoa_foa_model.h5,/work/zhanghc/Myllm/SELD/DynamicCausalMultiACCDOA_TAU2020/runs/analysis/threshold_predictions/Completion_20260904_pilot_v2_C2_lambda005_seed2026_validation_seed2026_validation_t050,dcase2023_macro,0.6295909226634816,0.35749778662143356,39.855775368265256,,,0.4367793281523742,0.5141836955394536
EINV2,noncausal,E0,0,2026,validation,/work/zhanghc/Myllm/SELD/experiment_completion_20260904/configs/Completion_20260904_EvalAlias_Pilot_E0_best_seed2026_validation.yaml,/work/zhanghc/Myllm/SELD/EINV2/C0p1_CausalEINV2_fix_seed2026/out_train/ein_seld/EvalAlias_Pilot_E0_best_seed2026/checkpoints/eval_best_epoch_1.pth,/work/zhanghc/Myllm/SELD/EINV2/C0p1_CausalEINV2_fix_seed2026/out_infer/ein_seld/Completion_20260904_EvalAlias_Pilot_E0_best_seed2026_validation/submissions,dcase2020_source,0.3817130686140271,0.7108610190395435,9.871360331870319,0.7728358899252292,0.23821426259546682,,
EINV2,noncausal,E0,0,2026,validation,/work/zhanghc/Myllm/SELD/experiment_completion_20260904/configs/Completion_20260904_EvalAlias_Pilot_E0_best_seed2026_validation.yaml,/work/zhanghc/Myllm/SELD/EINV2/C0p1_CausalEINV2_fix_seed2026/out_train/ein_seld/EvalAlias_Pilot_E0_best_seed2026/checkpoints/eval_best_epoch_1.pth,/work/zhanghc/Myllm/SELD/EINV2/C0p1_CausalEINV2_fix_seed2026/out_infer/ein_seld/Completion_20260904_EvalAlias_Pilot_E0_best_seed2026_validation/submissions,dcase2020_web_lr,0.3817130686140271,0.7108610190395435,9.871360331870319,,,0.762665449566408,0.24075687268517212
EINV2,noncausal,E0,0,2026,validation,/work/zhanghc/Myllm/SELD/experiment_completion_20260904/configs/Completion_20260904_EvalAlias_Pilot_E0_best_seed2026_validation.yaml,/work/zhanghc/Myllm/SELD/EINV2/C0p1_CausalEINV2_fix_seed2026/out_train/ein_seld/EvalAlias_Pilot_E0_best_seed2026/checkpoints/eval_best_epoch_1.pth,/work/zhanghc/Myllm/SELD/EINV2/C0p1_CausalEINV2_fix_seed2026/out_infer/ein_seld/Completion_20260904_EvalAlias_Pilot_E0_best_seed2026_validation/submissions,dcase2023_micro,0.4141534786503434,0.6933492039875019,9.914212631530555,,,0.7540544561821158,0.25545719438619613
EINV2,noncausal,E0,0,2026,validation,/work/zhanghc/Myllm/SELD/experiment_completion_20260904/configs/Completion_20260904_EvalAlias_Pilot_E0_best_seed2026_validation.yaml,/work/zhanghc/Myllm/SELD/EINV2/C0p1_CausalEINV2_fix_seed2026/out_train/ein_seld/EvalAlias_Pilot_E0_best_seed2026/checkpoints/eval_best_epoch_1.pth,/work/zhanghc/Myllm/SELD/EINV2/C0p1_CausalEINV2_fix_seed2026/out_infer/ein_seld/Completion_20260904_EvalAlias_Pilot_E0_best_seed2026_validation/submissions,dcase2023_macro,0.4141534786503434,0.6950641053689762,9.373903981880428,,,0.7571795769625067,0.2534967601656602
Multi-ACCDOA,causal,C3_lambda005,0.05,2026,validation,/work/zhanghc/Myllm/SELD/DynamicCausalMultiACCDOA_TAU2020/runs/manifests/42_supplemental_v2_C3_lambda005_seed2026_eval_split0_multiaccdoa_foa.json#params,/work/zhanghc/Myllm/SELD/DynamicCausalMultiACCDOA_TAU2020/runs/models/42_supplemental_v2_C3_lambda005_seed2026_eval_split0_multiaccdoa_foa_model.h5,/work/zhanghc/Myllm/SELD/DynamicCausalMultiACCDOA_TAU2020/runs/analysis/threshold_predictions/Completion_20260904_supplemental_v2_C3_lambda005_seed2026_validation_seed2026_validation_t050,dcase2020_source,0.6478016126578426,0.46878032999029434,15.449651302010276,0.5915561307020382,0.4183241370219474,,
Multi-ACCDOA,causal,C3_lambda005,0.05,2026,validation,/work/zhanghc/Myllm/SELD/DynamicCausalMultiACCDOA_TAU2020/runs/manifests/42_supplemental_v2_C3_lambda005_seed2026_eval_split0_multiaccdoa_foa.json#params,/work/zhanghc/Myllm/SELD/DynamicCausalMultiACCDOA_TAU2020/runs/models/42_supplemental_v2_C3_lambda005_seed2026_eval_split0_multiaccdoa_foa_model.h5,/work/zhanghc/Myllm/SELD/DynamicCausalMultiACCDOA_TAU2020/runs/analysis/threshold_predictions/Completion_20260904_supplemental_v2_C3_lambda005_seed2026_validation_seed2026_validation_t050,dcase2020_web_lr,0.6478016126578426,0.46878032999029434,15.449651302010276,,,0.5563669557279781,0.4271214307654624
Multi-ACCDOA,causal,C3_lambda005,0.05,2026,validation,/work/zhanghc/Myllm/SELD/DynamicCausalMultiACCDOA_TAU2020/runs/manifests/42_supplemental_v2_C3_lambda005_seed2026_eval_split0_multiaccdoa_foa.json#params,/work/zhanghc/Myllm/SELD/DynamicCausalMultiACCDOA_TAU2020/runs/models/42_supplemental_v2_C3_lambda005_seed2026_eval_split0_multiaccdoa_foa_model.h5,/work/zhanghc/Myllm/SELD/DynamicCausalMultiACCDOA_TAU2020/runs/analysis/threshold_predictions/Completion_20260904_supplemental_v2_C3_lambda005_seed2026_validation_seed2026_validation_t050,dcase2023_micro,0.6401911018214392,0.46541383446621354,15.46289308332425,,,0.5468633586648786,0.4284547175660927
Multi-ACCDOA,causal,C3_lambda005,0.05,2026,validation,/work/zhanghc/Myllm/SELD/DynamicCausalMultiACCDOA_TAU2020/runs/manifests/42_supplemental_v2_C3_lambda005_seed2026_eval_split0_multiaccdoa_foa.json#params,/work/zhanghc/Myllm/SELD/DynamicCausalMultiACCDOA_TAU2020/runs/models/42_supplemental_v2_C3_lambda005_seed2026_eval_split0_multiaccdoa_foa_model.h5,/work/zhanghc/Myllm/SELD/DynamicCausalMultiACCDOA_TAU2020/runs/analysis/threshold_predictions/Completion_20260904_supplemental_v2_C3_lambda005_seed2026_validation_seed2026_validation_t050,dcase2023_macro,0.6401911018214392,0.33761298085580005,39.723758940678444,,,0.42321008455872733,0.5250138965193368
EINV2,noncausal,E1,0.2,2026,validation,/work/zhanghc/Myllm/SELD/experiment_completion_20260904/configs/Completion_20260904_E1_OfflineEINV2_Velocity_seed2026_validation.yaml,/work/zhanghc/Myllm/SELD/EINV2/E1_OfflineEINV2_Velocity_seed2026/out_train/ein_seld/E1_OfflineEINV2_Velocity_seed2026/checkpoints/rabbit02_gpu4_e1_epoch_69.pth,/work/zhanghc/Myllm/SELD/EINV2/E1_OfflineEINV2_Velocity_seed2026/out_infer/ein_seld/Completion_20260904_E1_OfflineEINV2_Velocity_seed2026_validation/submissions,dcase2020_source,0.37958314316141795,0.7101594392667333,9.922361767256573,0.7748594315643532,0.23742212609266142,,
EINV2,noncausal,E1,0.2,2026,validation,/work/zhanghc/Myllm/SELD/experiment_completion_20260904/configs/Completion_20260904_E1_OfflineEINV2_Velocity_seed2026_validation.yaml,/work/zhanghc/Myllm/SELD/EINV2/E1_OfflineEINV2_Velocity_seed2026/out_train/ein_seld/E1_OfflineEINV2_Velocity_seed2026/checkpoints/rabbit02_gpu4_e1_epoch_69.pth,/work/zhanghc/Myllm/SELD/EINV2/E1_OfflineEINV2_Velocity_seed2026/out_infer/ein_seld/Completion_20260904_E1_OfflineEINV2_Velocity_seed2026_validation/submissions,dcase2020_web_lr,0.37958314316141795,0.7101594392667333,9.922361767256573,,,0.7652517876160049,0.2398240370797485
EINV2,noncausal,E1,0.2,2026,validation,/work/zhanghc/Myllm/SELD/experiment_completion_20260904/configs/Completion_20260904_E1_OfflineEINV2_Velocity_seed2026_validation.yaml,/work/zhanghc/Myllm/SELD/EINV2/E1_OfflineEINV2_Velocity_seed2026/out_train/ein_seld/E1_OfflineEINV2_Velocity_seed2026/checkpoints/rabbit02_gpu4_e1_epoch_69.pth,/work/zhanghc/Myllm/SELD/EINV2/E1_OfflineEINV2_Velocity_seed2026/out_infer/ein_seld/Completion_20260904_E1_OfflineEINV2_Velocity_seed2026_validation/submissions,dcase2023_micro,0.41266049567034935,0.6924737586540609,10.006331579841953,,,0.755611713988405,0.2550414385067513
EINV2,noncausal,E1,0.2,2026,validation,/work/zhanghc/Myllm/SELD/experiment_completion_20260904/configs/Completion_20260904_E1_OfflineEINV2_Velocity_seed2026_validation.yaml,/work/zhanghc/Myllm/SELD/EINV2/E1_OfflineEINV2_Velocity_seed2026/out_train/ein_seld/E1_OfflineEINV2_Velocity_seed2026/checkpoints/rabbit02_gpu4_e1_epoch_69.pth,/work/zhanghc/Myllm/SELD/EINV2/E1_OfflineEINV2_Velocity_seed2026/out_infer/ein_seld/Completion_20260904_E1_OfflineEINV2_Velocity_seed2026_validation/submissions,dcase2023_macro,0.41266049567034935,0.6848290622082557,9.36637810630736,,,0.7424487733507021,0.2593545235088303
EINV2,noncausal,E2,0.2,2026,validation,/work/zhanghc/Myllm/SELD/experiment_completion_20260904/configs/Completion_20260904_E2_OfflineEINV2_JEPAConsistency_seed2026_validation.yaml,/work/zhanghc/Myllm/SELD/EINV2/E2_OfflineEINV2_JEPAConsistency_seed2026/out_train/ein_seld/E2_OfflineEINV2_JEPAConsistency_seed2026/checkpoints/rabbit02_gpu4_e2_epoch_60.pth,/work/zhanghc/Myllm/SELD/EINV2/E2_OfflineEINV2_JEPAConsistency_seed2026/out_infer/ein_seld/Completion_20260904_E2_OfflineEINV2_JEPAConsistency_seed2026_validation/submissions,dcase2020_source,0.374258329529895,0.7146160962072153,10.74764366604219,0.7781375269811902,0.2353034594548754,,
EINV2,noncausal,E2,0.2,2026,validation,/work/zhanghc/Myllm/SELD/experiment_completion_20260904/configs/Completion_20260904_E2_OfflineEINV2_JEPAConsistency_seed2026_validation.yaml,/work/zhanghc/Myllm/SELD/EINV2/E2_OfflineEINV2_JEPAConsistency_seed2026/out_train/ein_seld/E2_OfflineEINV2_JEPAConsistency_seed2026/checkpoints/rabbit02_gpu4_e2_epoch_60.pth,/work/zhanghc/Myllm/SELD/EINV2/E2_OfflineEINV2_JEPAConsistency_seed2026/out_infer/ein_seld/Completion_20260904_E2_OfflineEINV2_JEPAConsistency_seed2026_validation/submissions,dcase2020_web_lr,0.374258329529895,0.7146160962072153,10.74764366604219,,,0.7678381256656017,0.23787830978377253
EINV2,noncausal,E2,0.2,2026,validation,/work/zhanghc/Myllm/SELD/experiment_completion_20260904/configs/Completion_20260904_E2_OfflineEINV2_JEPAConsistency_seed2026_validation.yaml,/work/zhanghc/Myllm/SELD/EINV2/E2_OfflineEINV2_JEPAConsistency_seed2026/out_train/ein_seld/E2_OfflineEINV2_JEPAConsistency_seed2026/checkpoints/rabbit02_gpu4_e2_epoch_60.pth,/work/zhanghc/Myllm/SELD/EINV2/E2_OfflineEINV2_JEPAConsistency_seed2026/out_infer/ein_seld/Completion_20260904_E2_OfflineEINV2_JEPAConsistency_seed2026_validation/submissions,dcase2023_micro,0.4117647058823529,0.6929075380616413,10.752086618697781,,,0.757034390352836,0.25538914800404916
EINV2,noncausal,E2,0.2,2026,validation,/work/zhanghc/Myllm/SELD/experiment_completion_20260904/configs/Completion_20260904_E2_OfflineEINV2_JEPAConsistency_seed2026_validation.yaml,/work/zhanghc/Myllm/SELD/EINV2/E2_OfflineEINV2_JEPAConsistency_seed2026/out_train/ein_seld/E2_OfflineEINV2_JEPAConsistency_seed2026/checkpoints/rabbit02_gpu4_e2_epoch_60.pth,/work/zhanghc/Myllm/SELD/EINV2/E2_OfflineEINV2_JEPAConsistency_seed2026/out_infer/ein_seld/Completion_20260904_E2_OfflineEINV2_JEPAConsistency_seed2026_validation/submissions,dcase2023_macro,0.4117647058823529,0.6694247615963097,10.394322257870707,,,0.7417564914338465,0.2645824219045363
EINV2,noncausal,E3,0.2,2026,validation,/work/zhanghc/Myllm/SELD/experiment_completion_20260904/configs/Completion_20260904_E3_OfflineEINV2_Velocity_JEPAConsistency_seed2026_validation.yaml,/work/zhanghc/Myllm/SELD/EINV2/E3_OfflineEINV2_Velocity_JEPAConsistency_seed2026/out_train/ein_seld/E3_OfflineEINV2_Velocity_JEPAConsistency_seed2026/checkpoints/rabbit02_gpu4_e3_epoch_88.pth,/work/zhanghc/Myllm/SELD/EINV2/E3_OfflineEINV2_Velocity_JEPAConsistency_seed2026/out_infer/ein_seld/Completion_20260904_E3_OfflineEINV2_Velocity_JEPAConsistency_seed2026_validation/submissions,dcase2020_source,0.4045336984634109,0.6956854931412367,9.053574229258782,0.7461108130891256,0.2532587567100104,,
EINV2,noncausal,E3,0.2,2026,validation,/work/zhanghc/Myllm/SELD/experiment_completion_20260904/configs/Completion_20260904_E3_OfflineEINV2_Velocity_JEPAConsistency_seed2026_validation.yaml,/work/zhanghc/Myllm/SELD/EINV2/E3_OfflineEINV2_Velocity_JEPAConsistency_seed2026/out_train/ein_seld/E3_OfflineEINV2_Velocity_JEPAConsistency_seed2026/checkpoints/rabbit02_gpu4_e3_epoch_88.pth,/work/zhanghc/Myllm/SELD/EINV2/E3_OfflineEINV2_Velocity_JEPAConsistency_seed2026/out_infer/ein_seld/Completion_20260904_E3_OfflineEINV2_Velocity_JEPAConsistency_seed2026_validation/submissions,dcase2020_web_lr,0.4045336984634109,0.6956854931412367,9.053574229258782,,,0.7406055073786704,0.2546350831376243
EINV2,noncausal,E3,0.2,2026,validation,/work/zhanghc/Myllm/SELD/experiment_completion_20260904/configs/Completion_20260904_E3_OfflineEINV2_Velocity_JEPAConsistency_seed2026_validation.yaml,/work/zhanghc/Myllm/SELD/EINV2/E3_OfflineEINV2_Velocity_JEPAConsistency_seed2026/out_train/ein_seld/E3_OfflineEINV2_Velocity_JEPAConsistency_seed2026/checkpoints/rabbit02_gpu4_e3_epoch_88.pth,/work/zhanghc/Myllm/SELD/EINV2/E3_OfflineEINV2_Velocity_JEPAConsistency_seed2026/out_infer/ein_seld/Completion_20260904_E3_OfflineEINV2_Velocity_JEPAConsistency_seed2026_validation/submissions,dcase2023_micro,0.43684681994625263,0.6769413159454654,9.06343423120656,,,0.7295204051236223,0.27018437781818927
EINV2,noncausal,E3,0.2,2026,validation,/work/zhanghc/Myllm/SELD/experiment_completion_20260904/configs/Completion_20260904_E3_OfflineEINV2_Velocity_JEPAConsistency_seed2026_validation.yaml,/work/zhanghc/Myllm/SELD/EINV2/E3_OfflineEINV2_Velocity_JEPAConsistency_seed2026/out_train/ein_seld/E3_OfflineEINV2_Velocity_JEPAConsistency_seed2026/checkpoints/rabbit02_gpu4_e3_epoch_88.pth,/work/zhanghc/Myllm/SELD/EINV2/E3_OfflineEINV2_Velocity_JEPAConsistency_seed2026/out_infer/ein_seld/Completion_20260904_E3_OfflineEINV2_Velocity_JEPAConsistency_seed2026_validation/submissions,dcase2023_macro,0.43684681994625263,0.6752723786755837,8.761269230273681,,,0.7345882530191191,0.2689149765493786
EINV2,causal,C0.1,0,2027,evaluation,/work/zhanghc/Myllm/SELD/experiment_completion_20260904/configs/Completion_20260904_EINV2_C0_bestfix_seed2027_evaluation.yaml,/work/zhanghc/Myllm/SELD/EINV2/C0p1_CausalEINV2_fix_seed2026/out_train/ein_seld/EINV2_C0_bestfix_seed2027/checkpoints/rabbit02_gpu3_bestfix_seed2027_epoch_82.pth,/work/zhanghc/Myllm/SELD/EINV2/C0p1_CausalEINV2_fix_seed2026/out_infer/ein_seld/Completion_20260904_EINV2_C0_bestfix_seed2027_evaluation/submissions,dcase2020_source,0.6085274258402246,0.5890819729682288,12.443813773859933,0.6554326838687028,0.35828626693673976,,
EINV2,causal,C0.1,0,2027,evaluation,/work/zhanghc/Myllm/SELD/experiment_completion_20260904/configs/Completion_20260904_EINV2_C0_bestfix_seed2027_evaluation.yaml,/work/zhanghc/Myllm/SELD/EINV2/C0p1_CausalEINV2_fix_seed2026/out_train/ein_seld/EINV2_C0_bestfix_seed2027/checkpoints/rabbit02_gpu3_bestfix_seed2027_epoch_82.pth,/work/zhanghc/Myllm/SELD/EINV2/C0p1_CausalEINV2_fix_seed2026/out_infer/ein_seld/Completion_20260904_EINV2_C0_bestfix_seed2027_evaluation/submissions,dcase2020_web_lr,0.6085274258402246,0.5890819729682288,12.443813773859933,,,0.708216372050679,0.3450903448912457
EINV2,causal,C0.1,0,2027,evaluation,/work/zhanghc/Myllm/SELD/experiment_completion_20260904/configs/Completion_20260904_EINV2_C0_bestfix_seed2027_evaluation.yaml,/work/zhanghc/Myllm/SELD/EINV2/C0p1_CausalEINV2_fix_seed2026/out_train/ein_seld/EINV2_C0_bestfix_seed2027/checkpoints/rabbit02_gpu3_bestfix_seed2027_epoch_82.pth,/work/zhanghc/Myllm/SELD/EINV2/C0p1_CausalEINV2_fix_seed2026/out_infer/ein_seld/Completion_20260904_EINV2_C0_bestfix_seed2027_evaluation/submissions,dcase2023_micro,0.6580299307572035,0.5761097223160597,12.385536199298931,,,0.7032967032967034,0.3618580098962475
EINV2,causal,C0.1,0,2027,evaluation,/work/zhanghc/Myllm/SELD/experiment_completion_20260904/configs/Completion_20260904_EINV2_C0_bestfix_seed2027_evaluation.yaml,/work/zhanghc/Myllm/SELD/EINV2/C0p1_CausalEINV2_fix_seed2026/out_train/ein_seld/EINV2_C0_bestfix_seed2027/checkpoints/rabbit02_gpu3_bestfix_seed2027_epoch_82.pth,/work/zhanghc/Myllm/SELD/EINV2/C0p1_CausalEINV2_fix_seed2026/out_infer/ein_seld/Completion_20260904_EINV2_C0_bestfix_seed2027_evaluation/submissions,dcase2023_macro,0.6580299307572035,0.5789820540510069,11.395742311735395,,,0.6801079355709575,0.36556240516122
Multi-ACCDOA,noncausal,A0,0,2027,evaluation,/work/zhanghc/Myllm/SELD/DynamicCausalMultiACCDOA_TAU2020/runs/manifests/32_paper_v1_A0_seed2027_eval_split0_multiaccdoa_foa.json#params,/work/zhanghc/Myllm/SELD/DynamicCausalMultiACCDOA_TAU2020/runs/models/32_paper_v1_A0_seed2027_eval_split0_multiaccdoa_foa_model.h5,/work/zhanghc/Myllm/SELD/DynamicCausalMultiACCDOA_TAU2020/runs/results/32_paper_v1_A0_seed2027_eval_split0_multiaccdoa_foa_20260902103752_test,dcase2020_source,0.5464684014869888,0.543359661265369,15.302024187462534,0.679586352902858,0.3521334082011661,,
Multi-ACCDOA,noncausal,A0,0,2027,evaluation,/work/zhanghc/Myllm/SELD/DynamicCausalMultiACCDOA_TAU2020/runs/manifests/32_paper_v1_A0_seed2027_eval_split0_multiaccdoa_foa.json#params,/work/zhanghc/Myllm/SELD/DynamicCausalMultiACCDOA_TAU2020/runs/models/32_paper_v1_A0_seed2027_eval_split0_multiaccdoa_foa_model.h5,/work/zhanghc/Myllm/SELD/DynamicCausalMultiACCDOA_TAU2020/runs/results/32_paper_v1_A0_seed2027_eval_split0_multiaccdoa_foa_20260902103752_test,dcase2020_web_lr,0.5464684014869888,0.543359661265369,15.302024187462534,,,0.6331841286700554,0.36373396425936677
Multi-ACCDOA,noncausal,A0,0,2027,evaluation,/work/zhanghc/Myllm/SELD/DynamicCausalMultiACCDOA_TAU2020/runs/manifests/32_paper_v1_A0_seed2027_eval_split0_multiaccdoa_foa.json#params,/work/zhanghc/Myllm/SELD/DynamicCausalMultiACCDOA_TAU2020/runs/models/32_paper_v1_A0_seed2027_eval_split0_multiaccdoa_foa_model.h5,/work/zhanghc/Myllm/SELD/DynamicCausalMultiACCDOA_TAU2020/runs/results/32_paper_v1_A0_seed2027_eval_split0_multiaccdoa_foa_20260902103752_test,dcase2023_micro,0.5306380760926216,0.5383597353118107,15.366948323202687,,,0.6233054300318542,0.3635862114694651
Multi-ACCDOA,noncausal,A0,0,2027,evaluation,/work/zhanghc/Myllm/SELD/DynamicCausalMultiACCDOA_TAU2020/runs/manifests/32_paper_v1_A0_seed2027_eval_split0_multiaccdoa_foa.json#params,/work/zhanghc/Myllm/SELD/DynamicCausalMultiACCDOA_TAU2020/runs/models/32_paper_v1_A0_seed2027_eval_split0_multiaccdoa_foa_model.h5,/work/zhanghc/Myllm/SELD/DynamicCausalMultiACCDOA_TAU2020/runs/results/32_paper_v1_A0_seed2027_eval_split0_multiaccdoa_foa_20260902103752_test,dcase2023_macro,0.5306380760926216,0.5004923719123678,14.142055018927385,,,0.5516395674653515,0.3892682772605692
Multi-ACCDOA,causal,C0,0,2027,evaluation,/work/zhanghc/Myllm/SELD/DynamicCausalMultiACCDOA_TAU2020/runs/manifests/35_paper_v1_C0_seed2027_eval_split0_multiaccdoa_foa.json#params,/work/zhanghc/Myllm/SELD/DynamicCausalMultiACCDOA_TAU2020/runs/models/35_paper_v1_C0_seed2027_eval_split0_multiaccdoa_foa_model.h5,/work/zhanghc/Myllm/SELD/DynamicCausalMultiACCDOA_TAU2020/runs/results/35_paper_v1_C0_seed2027_eval_split0_multiaccdoa_foa_20260902122653_test,dcase2020_source,0.6165693043016464,0.493994778067885,15.398705591396132,0.6155452902189192,0.3981444001028718,,
Multi-ACCDOA,causal,C0,0,2027,evaluation,/work/zhanghc/Myllm/SELD/DynamicCausalMultiACCDOA_TAU2020/runs/manifests/35_paper_v1_C0_seed2027_eval_split0_multiaccdoa_foa.json#params,/work/zhanghc/Myllm/SELD/DynamicCausalMultiACCDOA_TAU2020/runs/models/35_paper_v1_C0_seed2027_eval_split0_multiaccdoa_foa_model.h5,/work/zhanghc/Myllm/SELD/DynamicCausalMultiACCDOA_TAU2020/runs/results/35_paper_v1_C0_seed2027_eval_split0_multiaccdoa_foa_20260902122653_test,dcase2020_web_lr,0.6165693043016464,0.493994778067885,15.398705591396132,,,0.5812912525605037,0.4067079095174757
Multi-ACCDOA,causal,C0,0,2027,evaluation,/work/zhanghc/Myllm/SELD/DynamicCausalMultiACCDOA_TAU2020/runs/manifests/35_paper_v1_C0_seed2027_eval_split0_multiaccdoa_foa.json#params,/work/zhanghc/Myllm/SELD/DynamicCausalMultiACCDOA_TAU2020/runs/models/35_paper_v1_C0_seed2027_eval_split0_multiaccdoa_foa_model.h5,/work/zhanghc/Myllm/SELD/DynamicCausalMultiACCDOA_TAU2020/runs/results/35_paper_v1_C0_seed2027_eval_split0_multiaccdoa_foa_20260902122653_test,dcase2023_micro,0.6120914302732484,0.49002217294900224,15.444784744303728,,,0.5725083364208966,0.4088413201484814
Multi-ACCDOA,causal,C0,0,2027,evaluation,/work/zhanghc/Myllm/SELD/DynamicCausalMultiACCDOA_TAU2020/runs/manifests/35_paper_v1_C0_seed2027_eval_split0_multiaccdoa_foa.json#params,/work/zhanghc/Myllm/SELD/DynamicCausalMultiACCDOA_TAU2020/runs/models/35_paper_v1_C0_seed2027_eval_split0_multiaccdoa_foa_model.h5,/work/zhanghc/Myllm/SELD/DynamicCausalMultiACCDOA_TAU2020/runs/results/35_paper_v1_C0_seed2027_eval_split0_multiaccdoa_foa_20260902122653_test,dcase2023_macro,0.6120914302732484,0.43512449624964383,26.47055625858186,,,0.5064026681836572,0.4544057279302394
Multi-ACCDOA,noncausal,A3_lambda005,0.05,2027,evaluation,/work/zhanghc/Myllm/SELD/DynamicCausalMultiACCDOA_TAU2020/runs/manifests/52_supplemental_v2_A3_lambda005_seed2027_eval_split0_multiaccdoa_foa.json#params,/work/zhanghc/Myllm/SELD/DynamicCausalMultiACCDOA_TAU2020/runs/models/52_supplemental_v2_A3_lambda005_seed2027_eval_split0_multiaccdoa_foa_model.h5,/work/zhanghc/Myllm/SELD/DynamicCausalMultiACCDOA_TAU2020/runs/analysis/threshold_predictions/Completion_20260904_supplemental_v2_A3_lambda005_seed2027_evaluation_seed2027_evaluation_t050,dcase2020_source,0.551399742052955,0.5358890701468189,15.247370585556528,0.6668026101141925,0.3583539190390367,,
Multi-ACCDOA,noncausal,A3_lambda005,0.05,2027,evaluation,/work/zhanghc/Myllm/SELD/DynamicCausalMultiACCDOA_TAU2020/runs/manifests/52_supplemental_v2_A3_lambda005_seed2027_eval_split0_multiaccdoa_foa.json#params,/work/zhanghc/Myllm/SELD/DynamicCausalMultiACCDOA_TAU2020/runs/models/52_supplemental_v2_A3_lambda005_seed2027_eval_split0_multiaccdoa_foa_model.h5,/work/zhanghc/Myllm/SELD/DynamicCausalMultiACCDOA_TAU2020/runs/analysis/threshold_predictions/Completion_20260904_supplemental_v2_A3_lambda005_seed2027_evaluation_seed2027_evaluation_t050,dcase2020_web_lr,0.551399742052955,0.5358890701468189,15.247370585556528,,,0.6202109096426675,0.37000184415691795
Multi-ACCDOA,noncausal,A3_lambda005,0.05,2027,evaluation,/work/zhanghc/Myllm/SELD/DynamicCausalMultiACCDOA_TAU2020/runs/manifests/52_supplemental_v2_A3_lambda005_seed2027_eval_split0_multiaccdoa_foa.json#params,/work/zhanghc/Myllm/SELD/DynamicCausalMultiACCDOA_TAU2020/runs/models/52_supplemental_v2_A3_lambda005_seed2027_eval_split0_multiaccdoa_foa_model.h5,/work/zhanghc/Myllm/SELD/DynamicCausalMultiACCDOA_TAU2020/runs/analysis/threshold_predictions/Completion_20260904_supplemental_v2_A3_lambda005_seed2027_evaluation_seed2027_evaluation_t050,dcase2023_micro,0.5418062690789963,0.5308091161220306,15.309344388779671,,,0.6103202846975089,0.37143219538261374
Multi-ACCDOA,noncausal,A3_lambda005,0.05,2027,evaluation,/work/zhanghc/Myllm/SELD/DynamicCausalMultiACCDOA_TAU2020/runs/manifests/52_supplemental_v2_A3_lambda005_seed2027_eval_split0_multiaccdoa_foa.json#params,/work/zhanghc/Myllm/SELD/DynamicCausalMultiACCDOA_TAU2020/runs/models/52_supplemental_v2_A3_lambda005_seed2027_eval_split0_multiaccdoa_foa_model.h5,/work/zhanghc/Myllm/SELD/DynamicCausalMultiACCDOA_TAU2020/runs/analysis/threshold_predictions/Completion_20260904_supplemental_v2_A3_lambda005_seed2027_evaluation_seed2027_evaluation_t050,dcase2023_macro,0.5418062690789963,0.49210762832747834,14.204040174359687,,,0.5420843230612276,0.3966314129980722
EINV2,causal,C1,0.2,2027,evaluation,/work/zhanghc/Myllm/SELD/experiment_completion_20260904/configs/Completion_20260904_C1_CausalEINV2_Velocity_seed2027_evaluation.yaml,/work/zhanghc/Myllm/SELD/EINV2/C1_CausalEINV2_Velocity_seed2026/out_train/ein_seld/C1_CausalEINV2_Velocity_seed2027/checkpoints/rabbit02_gpu0_c1_seed2027_epoch_48.pth,/work/zhanghc/Myllm/SELD/EINV2/C1_CausalEINV2_Velocity_seed2026/out_infer/ein_seld/Completion_20260904_C1_CausalEINV2_Velocity_seed2027_evaluation/submissions,dcase2020_source,0.6084515590622867,0.5744635649033354,15.570491420821224,0.6762977126265843,0.36104825291201015,,
EINV2,causal,C1,0.2,2027,evaluation,/work/zhanghc/Myllm/SELD/experiment_completion_20260904/configs/Completion_20260904_C1_CausalEINV2_Velocity_seed2027_evaluation.yaml,/work/zhanghc/Myllm/SELD/EINV2/C1_CausalEINV2_Velocity_seed2026/out_train/ein_seld/C1_CausalEINV2_Velocity_seed2027/checkpoints/rabbit02_gpu0_c1_seed2027_epoch_48.pth,/work/zhanghc/Myllm/SELD/EINV2/C1_CausalEINV2_Velocity_seed2026/out_infer/ein_seld/Completion_20260904_C1_CausalEINV2_Velocity_seed2027_evaluation/submissions,dcase2020_web_lr,0.6084515590622867,0.5744635649033354,15.570491420821224,,,0.7245277293073363,0.3489907487418221
EINV2,causal,C1,0.2,2027,evaluation,/work/zhanghc/Myllm/SELD/experiment_completion_20260904/configs/Completion_20260904_C1_CausalEINV2_Velocity_seed2027_evaluation.yaml,/work/zhanghc/Myllm/SELD/EINV2/C1_CausalEINV2_Velocity_seed2026/out_train/ein_seld/C1_CausalEINV2_Velocity_seed2027/checkpoints/rabbit02_gpu0_c1_seed2027_epoch_48.pth,/work/zhanghc/Myllm/SELD/EINV2/C1_CausalEINV2_Velocity_seed2026/out_infer/ein_seld/Completion_20260904_C1_CausalEINV2_Velocity_seed2027_evaluation/submissions,dcase2023_micro,0.6546050182413818,0.5619246432360289,15.579016214192949,,,0.7165727838719241,0.36566442030306967
EINV2,causal,C1,0.2,2027,evaluation,/work/zhanghc/Myllm/SELD/experiment_completion_20260904/configs/Completion_20260904_C1_CausalEINV2_Velocity_seed2027_evaluation.yaml,/work/zhanghc/Myllm/SELD/EINV2/C1_CausalEINV2_Velocity_seed2026/out_train/ein_seld/C1_CausalEINV2_Velocity_seed2027/checkpoints/rabbit02_gpu0_c1_seed2027_epoch_48.pth,/work/zhanghc/Myllm/SELD/EINV2/C1_CausalEINV2_Velocity_seed2026/out_infer/ein_seld/Completion_20260904_C1_CausalEINV2_Velocity_seed2027_evaluation/submissions,dcase2023_macro,0.6546050182413818,0.5714103570905306,13.993872125585577,,,0.69173660163934,0.3673004483856356
EINV2,causal,C2,0.2,2027,evaluation,/work/zhanghc/Myllm/SELD/experiment_completion_20260904/configs/Completion_20260904_C2_CausalEINV2_JEPA_seed2027_evaluation.yaml,/work/zhanghc/Myllm/SELD/EINV2/C2_CausalEINV2_JEPA_seed2026/out_train/ein_seld/C2_CausalEINV2_JEPA_seed2027/checkpoints/rabbit02_gpu1_c2_seed2027_epoch_75.pth,/work/zhanghc/Myllm/SELD/EINV2/C2_CausalEINV2_JEPA_seed2026/out_infer/ein_seld/Completion_20260904_C2_CausalEINV2_JEPA_seed2027_evaluation/submissions,dcase2020_source,0.588726196798422,0.5863799283154121,12.83634507259131,0.6548387096774193,0.3547051467466633,,
EINV2,causal,C2,0.2,2027,evaluation,/work/zhanghc/Myllm/SELD/experiment_completion_20260904/configs/Completion_20260904_C2_CausalEINV2_JEPA_seed2027_evaluation.yaml,/work/zhanghc/Myllm/SELD/EINV2/C2_CausalEINV2_JEPA_seed2026/out_train/ein_seld/C2_CausalEINV2_JEPA_seed2027/checkpoints/rabbit02_gpu1_c2_seed2027_epoch_75.pth,/work/zhanghc/Myllm/SELD/EINV2/C2_CausalEINV2_JEPA_seed2026/out_infer/ein_seld/Completion_20260904_C2_CausalEINV2_JEPA_seed2027_evaluation/submissions,dcase2020_web_lr,0.588726196798422,0.5863799283154121,12.83634507259131,,,0.6930430164630909,0.34515407005024545
EINV2,causal,C2,0.2,2027,evaluation,/work/zhanghc/Myllm/SELD/experiment_completion_20260904/configs/Completion_20260904_C2_CausalEINV2_JEPA_seed2027_evaluation.yaml,/work/zhanghc/Myllm/SELD/EINV2/C2_CausalEINV2_JEPA_seed2026/out_train/ein_seld/C2_CausalEINV2_JEPA_seed2027/checkpoints/rabbit02_gpu1_c2_seed2027_epoch_75.pth,/work/zhanghc/Myllm/SELD/EINV2/C2_CausalEINV2_JEPA_seed2026/out_infer/ein_seld/Completion_20260904_C2_CausalEINV2_JEPA_seed2027_evaluation/submissions,dcase2023_micro,0.6366614548432731,0.571959913214175,12.791185390342767,,,0.6877552535828321,0.3620021072759314
EINV2,causal,C2,0.2,2027,evaluation,/work/zhanghc/Myllm/SELD/experiment_completion_20260904/configs/Completion_20260904_C2_CausalEINV2_JEPA_seed2027_evaluation.yaml,/work/zhanghc/Myllm/SELD/EINV2/C2_CausalEINV2_JEPA_seed2026/out_train/ein_seld/C2_CausalEINV2_JEPA_seed2027/checkpoints/rabbit02_gpu1_c2_seed2027_epoch_75.pth,/work/zhanghc/Myllm/SELD/EINV2/C2_CausalEINV2_JEPA_seed2026/out_infer/ein_seld/Completion_20260904_C2_CausalEINV2_JEPA_seed2027_evaluation/submissions,dcase2023_macro,0.6366614548432731,0.5739848613760545,11.610352223343028,,,0.6613989210822815,0.3664449072953218
Multi-ACCDOA,causal,C1_lambda005,0.05,2027,evaluation,/work/zhanghc/Myllm/SELD/DynamicCausalMultiACCDOA_TAU2020/runs/manifests/40_promoted_v2_C1_lambda005_seed2027_eval_split0_multiaccdoa_foa.json#params,/work/zhanghc/Myllm/SELD/DynamicCausalMultiACCDOA_TAU2020/runs/models/40_promoted_v2_C1_lambda005_seed2027_eval_split0_multiaccdoa_foa_model.h5,/work/zhanghc/Myllm/SELD/DynamicCausalMultiACCDOA_TAU2020/runs/analysis/threshold_predictions/Completion_20260904_promoted_v2_C1_lambda005_seed2027_evaluation_seed2027_evaluation_t050,dcase2020_source,0.6237007814278127,0.48432397126061383,15.393324215710228,0.600097975179621,0.40619932571315875,,
Multi-ACCDOA,causal,C1_lambda005,0.05,2027,evaluation,/work/zhanghc/Myllm/SELD/DynamicCausalMultiACCDOA_TAU2020/runs/manifests/40_promoted_v2_C1_lambda005_seed2027_eval_split0_multiaccdoa_foa.json#params,/work/zhanghc/Myllm/SELD/DynamicCausalMultiACCDOA_TAU2020/runs/models/40_promoted_v2_C1_lambda005_seed2027_eval_split0_multiaccdoa_foa_model.h5,/work/zhanghc/Myllm/SELD/DynamicCausalMultiACCDOA_TAU2020/runs/analysis/threshold_predictions/Completion_20260904_promoted_v2_C1_lambda005_seed2027_evaluation_seed2027_evaluation_t050,dcase2020_web_lr,0.6237007814278127,0.48432397126061383,15.393324215710228,,,0.5576208178438662,0.41681861504709744
Multi-ACCDOA,causal,C1_lambda005,0.05,2027,evaluation,/work/zhanghc/Myllm/SELD/DynamicCausalMultiACCDOA_TAU2020/runs/manifests/40_promoted_v2_C1_lambda005_seed2027_eval_split0_multiaccdoa_foa.json#params,/work/zhanghc/Myllm/SELD/DynamicCausalMultiACCDOA_TAU2020/runs/models/40_promoted_v2_C1_lambda005_seed2027_eval_split0_multiaccdoa_foa_model.h5,/work/zhanghc/Myllm/SELD/DynamicCausalMultiACCDOA_TAU2020/runs/analysis/threshold_predictions/Completion_20260904_promoted_v2_C1_lambda005_seed2027_evaluation_seed2027_evaluation_t050,dcase2023_micro,0.6146228873501601,0.48052837179332286,15.42352840392656,,,0.5490545050055617,0.4176815698654947
Multi-ACCDOA,causal,C1_lambda005,0.05,2027,evaluation,/work/zhanghc/Myllm/SELD/DynamicCausalMultiACCDOA_TAU2020/runs/manifests/40_promoted_v2_C1_lambda005_seed2027_eval_split0_multiaccdoa_foa.json#params,/work/zhanghc/Myllm/SELD/DynamicCausalMultiACCDOA_TAU2020/runs/models/40_promoted_v2_C1_lambda005_seed2027_eval_split0_multiaccdoa_foa_model.h5,/work/zhanghc/Myllm/SELD/DynamicCausalMultiACCDOA_TAU2020/runs/analysis/threshold_predictions/Completion_20260904_promoted_v2_C1_lambda005_seed2027_evaluation_seed2027_evaluation_t050,dcase2023_macro,0.6146228873501601,0.3996208816357777,38.31978235602703,,,0.45663428926271254,0.49281384905184383
Multi-ACCDOA,causal,C2_lambda005,0.05,2027,evaluation,/work/zhanghc/Myllm/SELD/DynamicCausalMultiACCDOA_TAU2020/runs/manifests/41_promoted_v2_C2_lambda005_seed2027_eval_split0_multiaccdoa_foa.json#params,/work/zhanghc/Myllm/SELD/DynamicCausalMultiACCDOA_TAU2020/runs/models/41_promoted_v2_C2_lambda005_seed2027_eval_split0_multiaccdoa_foa_model.h5,/work/zhanghc/Myllm/SELD/DynamicCausalMultiACCDOA_TAU2020/runs/analysis/threshold_predictions/Completion_20260904_promoted_v2_C2_lambda005_seed2027_evaluation_seed2027_evaluation_t050,dcase2020_source,0.6255974508762613,0.4838272785213511,15.325843134339815,0.6054811982154238,0.4053581367770102,,
Multi-ACCDOA,causal,C2_lambda005,0.05,2027,evaluation,/work/zhanghc/Myllm/SELD/DynamicCausalMultiACCDOA_TAU2020/runs/manifests/41_promoted_v2_C2_lambda005_seed2027_eval_split0_multiaccdoa_foa.json#params,/work/zhanghc/Myllm/SELD/DynamicCausalMultiACCDOA_TAU2020/runs/models/41_promoted_v2_C2_lambda005_seed2027_eval_split0_multiaccdoa_foa_model.h5,/work/zhanghc/Myllm/SELD/DynamicCausalMultiACCDOA_TAU2020/runs/analysis/threshold_predictions/Completion_20260904_promoted_v2_C2_lambda005_seed2027_evaluation_seed2027_evaluation_t050,dcase2020_web_lr,0.6255974508762613,0.4838272785213511,15.325843134339815,,,0.5765875123283514,0.4125815582487783
Multi-ACCDOA,causal,C2_lambda005,0.05,2027,evaluation,/work/zhanghc/Myllm/SELD/DynamicCausalMultiACCDOA_TAU2020/runs/manifests/41_promoted_v2_C2_lambda005_seed2027_eval_split0_multiaccdoa_foa.json#params,/work/zhanghc/Myllm/SELD/DynamicCausalMultiACCDOA_TAU2020/runs/models/41_promoted_v2_C2_lambda005_seed2027_eval_split0_multiaccdoa_foa_model.h5,/work/zhanghc/Myllm/SELD/DynamicCausalMultiACCDOA_TAU2020/runs/analysis/threshold_predictions/Completion_20260904_promoted_v2_C2_lambda005_seed2027_evaluation_seed2027_evaluation_t050,dcase2023_micro,0.6256421710967166,0.4802799732609807,15.366973457924912,,,0.5675936225435669,0.41578516251460457
Multi-ACCDOA,causal,C2_lambda005,0.05,2027,evaluation,/work/zhanghc/Myllm/SELD/DynamicCausalMultiACCDOA_TAU2020/runs/manifests/41_promoted_v2_C2_lambda005_seed2027_eval_split0_multiaccdoa_foa.json#params,/work/zhanghc/Myllm/SELD/DynamicCausalMultiACCDOA_TAU2020/runs/models/41_promoted_v2_C2_lambda005_seed2027_eval_split0_multiaccdoa_foa_model.h5,/work/zhanghc/Myllm/SELD/DynamicCausalMultiACCDOA_TAU2020/runs/analysis/threshold_predictions/Completion_20260904_promoted_v2_C2_lambda005_seed2027_evaluation_seed2027_evaluation_t050,dcase2023_macro,0.6256421710967166,0.4222454947879283,14.147579493994318,,,0.5053142476595338,0.44417002312619464
EINV2,causal,C3,0.2,2027,evaluation,/work/zhanghc/Myllm/SELD/experiment_completion_20260904/configs/Completion_20260904_C3_CausalEINV2_Velocity_JEPA_seed2027_evaluation.yaml,/work/zhanghc/Myllm/SELD/EINV2/C3_CausalEINV2_Velocity_JEPA_seed2026/out_train/ein_seld/C3_CausalEINV2_Velocity_JEPA_seed2027/checkpoints/rabbit02_gpu3_c3_seed2027_epoch_80.pth,/work/zhanghc/Myllm/SELD/EINV2/C3_CausalEINV2_Velocity_JEPA_seed2026/out_infer/ein_seld/Completion_20260904_C3_CausalEINV2_Velocity_JEPA_seed2027_evaluation/submissions,dcase2020_source,0.6094378271754799,0.59083452584552,13.103149628041248,0.6639209800705036,0.3568693992426991,,
EINV2,causal,C3,0.2,2027,evaluation,/work/zhanghc/Myllm/SELD/experiment_completion_20260904/configs/Completion_20260904_C3_CausalEINV2_Velocity_JEPA_seed2027_evaluation.yaml,/work/zhanghc/Myllm/SELD/EINV2/C3_CausalEINV2_Velocity_JEPA_seed2026/out_train/ein_seld/C3_CausalEINV2_Velocity_JEPA_seed2027/checkpoints/rabbit02_gpu3_c3_seed2027_epoch_80.pth,/work/zhanghc/Myllm/SELD/EINV2/C3_CausalEINV2_Velocity_JEPA_seed2026/out_infer/ein_seld/Completion_20260904_C3_CausalEINV2_Velocity_JEPA_seed2027_evaluation/submissions,dcase2020_web_lr,0.6094378271754799,0.59083452584552,13.103149628041248,,,0.7215689249677566,0.3424574130183859
EINV2,causal,C3,0.2,2027,evaluation,/work/zhanghc/Myllm/SELD/experiment_completion_20260904/configs/Completion_20260904_C3_CausalEINV2_Velocity_JEPA_seed2027_evaluation.yaml,/work/zhanghc/Myllm/SELD/EINV2/C3_CausalEINV2_Velocity_JEPA_seed2026/out_train/ein_seld/C3_CausalEINV2_Velocity_JEPA_seed2027/checkpoints/rabbit02_gpu3_c3_seed2027_epoch_80.pth,/work/zhanghc/Myllm/SELD/EINV2/C3_CausalEINV2_Velocity_JEPA_seed2026/out_infer/ein_seld/Completion_20260904_C3_CausalEINV2_Velocity_JEPA_seed2027_evaluation/submissions,dcase2023_micro,0.6701660338023975,0.5747518299408403,13.049226934676337,,,0.715993465993466,0.3629791107651844
EINV2,causal,C3,0.2,2027,evaluation,/work/zhanghc/Myllm/SELD/experiment_completion_20260904/configs/Completion_20260904_C3_CausalEINV2_Velocity_JEPA_seed2027_evaluation.yaml,/work/zhanghc/Myllm/SELD/EINV2/C3_CausalEINV2_Velocity_JEPA_seed2026/out_train/ein_seld/C3_CausalEINV2_Velocity_JEPA_seed2027/checkpoints/rabbit02_gpu3_c3_seed2027_epoch_80.pth,/work/zhanghc/Myllm/SELD/EINV2/C3_CausalEINV2_Velocity_JEPA_seed2026/out_infer/ein_seld/Completion_20260904_C3_CausalEINV2_Velocity_JEPA_seed2027_evaluation/submissions,dcase2023_macro,0.6701660338023975,0.5781107877797567,11.89912631712274,,,0.6946040662158243,0.3658893592810413
Multi-ACCDOA,causal,C3_lambda005,0.05,2027,evaluation,/work/zhanghc/Myllm/SELD/DynamicCausalMultiACCDOA_TAU2020/runs/manifests/42_supplemental_v2_C3_lambda005_seed2027_eval_split0_multiaccdoa_foa.json#params,/work/zhanghc/Myllm/SELD/DynamicCausalMultiACCDOA_TAU2020/runs/models/42_supplemental_v2_C3_lambda005_seed2027_eval_split0_multiaccdoa_foa_model.h5,/work/zhanghc/Myllm/SELD/DynamicCausalMultiACCDOA_TAU2020/runs/analysis/threshold_predictions/Completion_20260904_supplemental_v2_C3_lambda005_seed2027_evaluation_seed2027_evaluation_t050,dcase2020_source,0.6177831727486534,0.48737507648378536,14.453141255170166,0.5878849683867019,0.4057045892683889,,
Multi-ACCDOA,causal,C3_lambda005,0.05,2027,evaluation,/work/zhanghc/Myllm/SELD/DynamicCausalMultiACCDOA_TAU2020/runs/manifests/42_supplemental_v2_C3_lambda005_seed2027_eval_split0_multiaccdoa_foa.json#params,/work/zhanghc/Myllm/SELD/DynamicCausalMultiACCDOA_TAU2020/runs/models/42_supplemental_v2_C3_lambda005_seed2027_eval_split0_multiaccdoa_foa_model.h5,/work/zhanghc/Myllm/SELD/DynamicCausalMultiACCDOA_TAU2020/runs/analysis/threshold_predictions/Completion_20260904_supplemental_v2_C3_lambda005_seed2027_evaluation_seed2027_evaluation_t050,dcase2020_web_lr,0.6177831727486534,0.48737507648378536,14.453141255170166,,,0.5466960018208027,0.41600183090986376
Multi-ACCDOA,causal,C3_lambda005,0.05,2027,evaluation,/work/zhanghc/Myllm/SELD/DynamicCausalMultiACCDOA_TAU2020/runs/manifests/42_supplemental_v2_C3_lambda005_seed2027_eval_split0_multiaccdoa_foa.json#params,/work/zhanghc/Myllm/SELD/DynamicCausalMultiACCDOA_TAU2020/runs/models/42_supplemental_v2_C3_lambda005_seed2027_eval_split0_multiaccdoa_foa_model.h5,/work/zhanghc/Myllm/SELD/DynamicCausalMultiACCDOA_TAU2020/runs/analysis/threshold_predictions/Completion_20260904_supplemental_v2_C3_lambda005_seed2027_evaluation_seed2027_evaluation_t050,dcase2023_micro,0.6183456183456183,0.4835544833132288,14.544430510927643,,,0.5387180437198963,0.4192188707599672
Multi-ACCDOA,causal,C3_lambda005,0.05,2027,evaluation,/work/zhanghc/Myllm/SELD/DynamicCausalMultiACCDOA_TAU2020/runs/manifests/42_supplemental_v2_C3_lambda005_seed2027_eval_split0_multiaccdoa_foa.json#params,/work/zhanghc/Myllm/SELD/DynamicCausalMultiACCDOA_TAU2020/runs/models/42_supplemental_v2_C3_lambda005_seed2027_eval_split0_multiaccdoa_foa_model.h5,/work/zhanghc/Myllm/SELD/DynamicCausalMultiACCDOA_TAU2020/runs/analysis/threshold_predictions/Completion_20260904_supplemental_v2_C3_lambda005_seed2027_evaluation_seed2027_evaluation_t050,dcase2023_macro,0.6183456183456183,0.4145884082007618,38.03427057581199,,,0.4719896601703502,0.4857672632933654
EINV2,noncausal,E0,0,2027,evaluation,/work/zhanghc/Myllm/SELD/experiment_completion_20260904/configs/Completion_20260904_E0_OfflineEINV2_seed2027_evaluation.yaml,/work/zhanghc/Myllm/SELD/EINV2/C0p1_CausalEINV2_fix_seed2026/out_train/ein_seld/E0_OfflineEINV2_seed2027/checkpoints/completion_20260904_E0_seed2027_epoch_82.pth,/work/zhanghc/Myllm/SELD/EINV2/C0p1_CausalEINV2_fix_seed2026/out_infer/ein_seld/Completion_20260904_E0_OfflineEINV2_seed2027_evaluation/submissions,dcase2020_source,0.3480767771792732,0.7297827340895982,10.835278461870294,0.8060757546625649,0.2181035699704863,,
EINV2,noncausal,E0,0,2027,evaluation,/work/zhanghc/Myllm/SELD/experiment_completion_20260904/configs/Completion_20260904_E0_OfflineEINV2_seed2027_evaluation.yaml,/work/zhanghc/Myllm/SELD/EINV2/C0p1_CausalEINV2_fix_seed2026/out_train/ein_seld/E0_OfflineEINV2_seed2027/checkpoints/completion_20260904_E0_seed2027_epoch_82.pth,/work/zhanghc/Myllm/SELD/EINV2/C0p1_CausalEINV2_fix_seed2026/out_infer/ein_seld/Completion_20260904_E0_OfflineEINV2_seed2027_evaluation/submissions,dcase2020_web_lr,0.3480767771792732,0.7297827340895982,10.835278461870294,,,0.7951596995675594,0.22083258374423767
EINV2,noncausal,E0,0,2027,evaluation,/work/zhanghc/Myllm/SELD/experiment_completion_20260904/configs/Completion_20260904_E0_OfflineEINV2_seed2027_evaluation.yaml,/work/zhanghc/Myllm/SELD/EINV2/C0p1_CausalEINV2_fix_seed2026/out_train/ein_seld/E0_OfflineEINV2_seed2027/checkpoints/completion_20260904_E0_seed2027_epoch_82.pth,/work/zhanghc/Myllm/SELD/EINV2/C0p1_CausalEINV2_fix_seed2026/out_infer/ein_seld/Completion_20260904_E0_OfflineEINV2_seed2027_evaluation/submissions,dcase2023_micro,0.37651701288064926,0.7156768007135955,10.789805869446347,,,0.7878607998812792,0.2332306945567858
EINV2,noncausal,E0,0,2027,evaluation,/work/zhanghc/Myllm/SELD/experiment_completion_20260904/configs/Completion_20260904_E0_OfflineEINV2_seed2027_evaluation.yaml,/work/zhanghc/Myllm/SELD/EINV2/C0p1_CausalEINV2_fix_seed2026/out_train/ein_seld/E0_OfflineEINV2_seed2027/checkpoints/completion_20260904_E0_seed2027_epoch_82.pth,/work/zhanghc/Myllm/SELD/EINV2/C0p1_CausalEINV2_fix_seed2026/out_infer/ein_seld/Completion_20260904_E0_OfflineEINV2_seed2027_evaluation/submissions,dcase2023_macro,0.37651701288064926,0.7316658917660973,9.844958806970274,,,0.7839982134288331,0.2288867808199995
EINV2,noncausal,E1,0.2,2027,evaluation,/work/zhanghc/Myllm/SELD/experiment_completion_20260904/configs/Completion_20260904_E1_OfflineEINV2_Velocity_seed2027_evaluation.yaml,/work/zhanghc/Myllm/SELD/EINV2/E1_OfflineEINV2_Velocity_seed2026/out_train/ein_seld/E1_OfflineEINV2_Velocity_seed2027/checkpoints/completion_20260904_E1_seed2027_epoch_87.pth,/work/zhanghc/Myllm/SELD/EINV2/E1_OfflineEINV2_Velocity_seed2026/out_infer/ein_seld/Completion_20260904_E1_OfflineEINV2_Velocity_seed2027_evaluation/submissions,dcase2020_source,0.3379106289355891,0.7399652308286652,10.85995129493972,0.8124396368553214,0.2114597060003169,,
EINV2,noncausal,E1,0.2,2027,evaluation,/work/zhanghc/Myllm/SELD/experiment_completion_20260904/configs/Completion_20260904_E1_OfflineEINV2_Velocity_seed2027_evaluation.yaml,/work/zhanghc/Myllm/SELD/EINV2/E1_OfflineEINV2_Velocity_seed2026/out_train/ein_seld/E1_OfflineEINV2_Velocity_seed2027/checkpoints/completion_20260904_E1_seed2027_epoch_87.pth,/work/zhanghc/Myllm/SELD/EINV2/E1_OfflineEINV2_Velocity_seed2026/out_infer/ein_seld/Completion_20260904_E1_OfflineEINV2_Velocity_seed2027_evaluation/submissions,dcase2020_web_lr,0.3379106289355891,0.7399652308286652,10.85995129493972,,,0.7977391700174493,0.21513482270978493
EINV2,noncausal,E1,0.2,2027,evaluation,/work/zhanghc/Myllm/SELD/experiment_completion_20260904/configs/Completion_20260904_E1_OfflineEINV2_Velocity_seed2027_evaluation.yaml,/work/zhanghc/Myllm/SELD/EINV2/E1_OfflineEINV2_Velocity_seed2026/out_train/ein_seld/E1_OfflineEINV2_Velocity_seed2027/checkpoints/completion_20260904_E1_seed2027_epoch_87.pth,/work/zhanghc/Myllm/SELD/EINV2/E1_OfflineEINV2_Velocity_seed2026/out_infer/ein_seld/Completion_20260904_E1_OfflineEINV2_Velocity_seed2027_evaluation/submissions,dcase2023_micro,0.3702628248082794,0.7249272984863172,10.819218847624477,,,0.7915800415800416,0.22846556402940305
EINV2,noncausal,E1,0.2,2027,evaluation,/work/zhanghc/Myllm/SELD/experiment_completion_20260904/configs/Completion_20260904_E1_OfflineEINV2_Velocity_seed2027_evaluation.yaml,/work/zhanghc/Myllm/SELD/EINV2/E1_OfflineEINV2_Velocity_seed2026/out_train/ein_seld/E1_OfflineEINV2_Velocity_seed2027/checkpoints/completion_20260904_E1_seed2027_epoch_87.pth,/work/zhanghc/Myllm/SELD/EINV2/E1_OfflineEINV2_Velocity_seed2026/out_infer/ein_seld/Completion_20260904_E1_OfflineEINV2_Velocity_seed2027_evaluation/submissions,dcase2023_macro,0.3702628248082794,0.7352448737719628,10.173570943516191,,,0.7882663597809875,0.2258178574576048
EINV2,noncausal,E2,0.2,2027,evaluation,/work/zhanghc/Myllm/SELD/experiment_completion_20260904/configs/Completion_20260904_E2_OfflineEINV2_JEPAConsistency_seed2027_evaluation.yaml,/work/zhanghc/Myllm/SELD/EINV2/E2_OfflineEINV2_JEPAConsistency_seed2026/out_train/ein_seld/E2_OfflineEINV2_JEPAConsistency_seed2027/checkpoints/completion_20260904_E2_seed2027_epoch_90.pth,/work/zhanghc/Myllm/SELD/EINV2/E2_OfflineEINV2_JEPAConsistency_seed2026/out_infer/ein_seld/Completion_20260904_E2_OfflineEINV2_JEPAConsistency_seed2027_evaluation/submissions,dcase2020_source,0.34724224262195585,0.729910540645663,10.758323901630632,0.8017113963438349,0.21884719293815705,,
EINV2,noncausal,E2,0.2,2027,evaluation,/work/zhanghc/Myllm/SELD/experiment_completion_20260904/configs/Completion_20260904_E2_OfflineEINV2_JEPAConsistency_seed2027_evaluation.yaml,/work/zhanghc/Myllm/SELD/EINV2/E2_OfflineEINV2_JEPAConsistency_seed2026/out_train/ein_seld/E2_OfflineEINV2_JEPAConsistency_seed2027/checkpoints/completion_20260904_E2_seed2027_epoch_90.pth,/work/zhanghc/Myllm/SELD/EINV2/E2_OfflineEINV2_JEPAConsistency_seed2026/out_infer/ein_seld/Completion_20260904_E2_OfflineEINV2_JEPAConsistency_seed2027_evaluation/submissions,dcase2020_web_lr,0.34724224262195585,0.729910540645663,10.758323901630632,,,0.7818830134284197,0.22380428866701085
EINV2,noncausal,E2,0.2,2027,evaluation,/work/zhanghc/Myllm/SELD/experiment_completion_20260904/configs/Completion_20260904_E2_OfflineEINV2_JEPAConsistency_seed2027_evaluation.yaml,/work/zhanghc/Myllm/SELD/EINV2/E2_OfflineEINV2_JEPAConsistency_seed2026/out_train/ein_seld/E2_OfflineEINV2_JEPAConsistency_seed2027/checkpoints/completion_20260904_E2_seed2027_epoch_90.pth,/work/zhanghc/Myllm/SELD/EINV2/E2_OfflineEINV2_JEPAConsistency_seed2026/out_infer/ein_seld/Completion_20260904_E2_OfflineEINV2_JEPAConsistency_seed2027_evaluation/submissions,dcase2023_micro,0.37175191720646267,0.7176199992458806,10.70759966436347,,,0.7750315445706227,0.23464675954799463
EINV2,noncausal,E2,0.2,2027,evaluation,/work/zhanghc/Myllm/SELD/experiment_completion_20260904/configs/Completion_20260904_E2_OfflineEINV2_JEPAConsistency_seed2027_evaluation.yaml,/work/zhanghc/Myllm/SELD/EINV2/E2_OfflineEINV2_JEPAConsistency_seed2026/out_train/ein_seld/E2_OfflineEINV2_JEPAConsistency_seed2027/checkpoints/completion_20260904_E2_seed2027_epoch_90.pth,/work/zhanghc/Myllm/SELD/EINV2/E2_OfflineEINV2_JEPAConsistency_seed2026/out_infer/ein_seld/Completion_20260904_E2_OfflineEINV2_JEPAConsistency_seed2027_evaluation/submissions,dcase2023_macro,0.37175191720646267,0.7321056292180003,9.872738072113593,,,0.775444086054304,0.22976268669480845
Multi-ACCDOA,noncausal,A0,0,2027,validation,/work/zhanghc/Myllm/SELD/DynamicCausalMultiACCDOA_TAU2020/runs/manifests/32_paper_v1_A0_seed2027_eval_split0_multiaccdoa_foa.json#params,/work/zhanghc/Myllm/SELD/DynamicCausalMultiACCDOA_TAU2020/runs/models/32_paper_v1_A0_seed2027_eval_split0_multiaccdoa_foa_model.h5,/work/zhanghc/Myllm/SELD/DynamicCausalMultiACCDOA_TAU2020/runs/analysis/threshold_predictions/Completion_20260904_paper_v1_A0_seed2027_validation_seed2027_validation_t050,dcase2020_source,0.5600182565038795,0.5310316481709821,14.73084483606559,0.6655158240854911,0.3613272027786093,,
Multi-ACCDOA,noncausal,A0,0,2027,validation,/work/zhanghc/Myllm/SELD/DynamicCausalMultiACCDOA_TAU2020/runs/manifests/32_paper_v1_A0_seed2027_eval_split0_multiaccdoa_foa.json#params,/work/zhanghc/Myllm/SELD/DynamicCausalMultiACCDOA_TAU2020/runs/models/32_paper_v1_A0_seed2027_eval_split0_multiaccdoa_foa_model.h5,/work/zhanghc/Myllm/SELD/DynamicCausalMultiACCDOA_TAU2020/runs/analysis/threshold_predictions/Completion_20260904_paper_v1_A0_seed2027_validation_seed2027_validation_t050,dcase2020_web_lr,0.5600182565038795,0.5310316481709821,14.73084483606559,,,0.6158527308687053,0.3737429760828058
Multi-ACCDOA,noncausal,A0,0,2027,validation,/work/zhanghc/Myllm/SELD/DynamicCausalMultiACCDOA_TAU2020/runs/manifests/32_paper_v1_A0_seed2027_eval_split0_multiaccdoa_foa.json#params,/work/zhanghc/Myllm/SELD/DynamicCausalMultiACCDOA_TAU2020/runs/models/32_paper_v1_A0_seed2027_eval_split0_multiaccdoa_foa_model.h5,/work/zhanghc/Myllm/SELD/DynamicCausalMultiACCDOA_TAU2020/runs/analysis/threshold_predictions/Completion_20260904_paper_v1_A0_seed2027_validation_seed2027_validation_t050,dcase2023_micro,0.5509107196177964,0.5259571706683971,14.810587426539655,,,0.6054786362959654,0.3754389884779969
Multi-ACCDOA,noncausal,A0,0,2027,validation,/work/zhanghc/Myllm/SELD/DynamicCausalMultiACCDOA_TAU2020/runs/manifests/32_paper_v1_A0_seed2027_eval_split0_multiaccdoa_foa.json#params,/work/zhanghc/Myllm/SELD/DynamicCausalMultiACCDOA_TAU2020/runs/models/32_paper_v1_A0_seed2027_eval_split0_multiaccdoa_foa_model.h5,/work/zhanghc/Myllm/SELD/DynamicCausalMultiACCDOA_TAU2020/runs/analysis/threshold_predictions/Completion_20260904_paper_v1_A0_seed2027_validation_seed2027_validation_t050,dcase2023_macro,0.5509107196177964,0.45386601682793065,26.955512597853396,,,0.5202192653086986,0.4316445713117548
Multi-ACCDOA,noncausal,A3_lambda005,0.05,2027,validation,/work/zhanghc/Myllm/SELD/DynamicCausalMultiACCDOA_TAU2020/runs/manifests/52_supplemental_v2_A3_lambda005_seed2027_eval_split0_multiaccdoa_foa.json#params,/work/zhanghc/Myllm/SELD/DynamicCausalMultiACCDOA_TAU2020/runs/models/52_supplemental_v2_A3_lambda005_seed2027_eval_split0_multiaccdoa_foa_model.h5,/work/zhanghc/Myllm/SELD/DynamicCausalMultiACCDOA_TAU2020/runs/analysis/threshold_predictions/Completion_20260904_supplemental_v2_A3_lambda005_seed2027_validation_seed2027_validation_t050,dcase2020_source,0.5635174197474517,0.5347461803844258,14.6438883678958,0.6582881550846064,0.3629595049139046,,
Multi-ACCDOA,noncausal,A3_lambda005,0.05,2027,validation,/work/zhanghc/Myllm/SELD/DynamicCausalMultiACCDOA_TAU2020/runs/manifests/52_supplemental_v2_A3_lambda005_seed2027_eval_split0_multiaccdoa_foa.json#params,/work/zhanghc/Myllm/SELD/DynamicCausalMultiACCDOA_TAU2020/runs/models/52_supplemental_v2_A3_lambda005_seed2027_eval_split0_multiaccdoa_foa_model.h5,/work/zhanghc/Myllm/SELD/DynamicCausalMultiACCDOA_TAU2020/runs/analysis/threshold_predictions/Completion_20260904_supplemental_v2_A3_lambda005_seed2027_validation_seed2027_validation_t050,dcase2020_web_lr,0.5635174197474517,0.5347461803844258,14.6438883678958,,,0.6096150920432071,0.37512777067425446
Multi-ACCDOA,noncausal,A3_lambda005,0.05,2027,validation,/work/zhanghc/Myllm/SELD/DynamicCausalMultiACCDOA_TAU2020/runs/manifests/52_supplemental_v2_A3_lambda005_seed2027_eval_split0_multiaccdoa_foa.json#params,/work/zhanghc/Myllm/SELD/DynamicCausalMultiACCDOA_TAU2020/runs/models/52_supplemental_v2_A3_lambda005_seed2027_eval_split0_multiaccdoa_foa_model.h5,/work/zhanghc/Myllm/SELD/DynamicCausalMultiACCDOA_TAU2020/runs/analysis/threshold_predictions/Completion_20260904_supplemental_v2_A3_lambda005_seed2027_validation_seed2027_validation_t050,dcase2023_micro,0.5546431770677814,0.530065730747383,14.662562536755507,,,0.5990762812872468,0.37673996144822613
Multi-ACCDOA,noncausal,A3_lambda005,0.05,2027,validation,/work/zhanghc/Myllm/SELD/DynamicCausalMultiACCDOA_TAU2020/runs/manifests/52_supplemental_v2_A3_lambda005_seed2027_eval_split0_multiaccdoa_foa.json#params,/work/zhanghc/Myllm/SELD/DynamicCausalMultiACCDOA_TAU2020/runs/models/52_supplemental_v2_A3_lambda005_seed2027_eval_split0_multiaccdoa_foa_model.h5,/work/zhanghc/Myllm/SELD/DynamicCausalMultiACCDOA_TAU2020/runs/analysis/threshold_predictions/Completion_20260904_supplemental_v2_A3_lambda005_seed2027_validation_seed2027_validation_t050,dcase2023_macro,0.5546431770677814,0.44589234430821384,26.904605701009338,,,0.5049583184223191,0.43831563650238065
EINV2,noncausal,E3,0.2,2027,evaluation,/work/zhanghc/Myllm/SELD/experiment_completion_20260904/configs/Completion_20260904_E3_OfflineEINV2_Velocity_JEPAConsistency_seed2027_evaluation.yaml,/work/zhanghc/Myllm/SELD/EINV2/E3_OfflineEINV2_Velocity_JEPAConsistency_seed2026/out_train/ein_seld/E3_OfflineEINV2_Velocity_JEPAConsistency_seed2027/checkpoints/completion_20260904_E3_seed2027_epoch_68.pth,/work/zhanghc/Myllm/SELD/EINV2/E3_OfflineEINV2_Velocity_JEPAConsistency_seed2026/out_infer/ein_seld/Completion_20260904_E3_OfflineEINV2_Velocity_JEPAConsistency_seed2027_evaluation/submissions,dcase2020_source,0.37129201122828315,0.7057535959974983,13.105387958956355,0.8006566604127578,0.23442236642527947,,
EINV2,noncausal,E3,0.2,2027,evaluation,/work/zhanghc/Myllm/SELD/experiment_completion_20260904/configs/Completion_20260904_E3_OfflineEINV2_Velocity_JEPAConsistency_seed2027_evaluation.yaml,/work/zhanghc/Myllm/SELD/EINV2/E3_OfflineEINV2_Velocity_JEPAConsistency_seed2026/out_train/ein_seld/E3_OfflineEINV2_Velocity_JEPAConsistency_seed2027/checkpoints/completion_20260904_E3_seed2027_epoch_68.pth,/work/zhanghc/Myllm/SELD/EINV2/E3_OfflineEINV2_Velocity_JEPAConsistency_seed2026/out_infer/ein_seld/Completion_20260904_E3_OfflineEINV2_Velocity_JEPAConsistency_seed2027_evaluation/submissions,dcase2020_web_lr,0.37129201122828315,0.7057535959974983,13.105387958956355,,,0.7770275396403915,0.24032964661837106
EINV2,noncausal,E3,0.2,2027,evaluation,/work/zhanghc/Myllm/SELD/experiment_completion_20260904/configs/Completion_20260904_E3_OfflineEINV2_Velocity_JEPAConsistency_seed2027_evaluation.yaml,/work/zhanghc/Myllm/SELD/EINV2/E3_OfflineEINV2_Velocity_JEPAConsistency_seed2026/out_train/ein_seld/E3_OfflineEINV2_Velocity_JEPAConsistency_seed2027/checkpoints/completion_20260904_E3_seed2027_epoch_68.pth,/work/zhanghc/Myllm/SELD/EINV2/E3_OfflineEINV2_Velocity_JEPAConsistency_seed2026/out_infer/ein_seld/Completion_20260904_E3_OfflineEINV2_Velocity_JEPAConsistency_seed2027_evaluation/submissions,dcase2023_micro,0.40883031792122704,0.6882060551287844,13.10332014600781,,,0.7680847909872517,0.2563339237096419
EINV2,noncausal,E3,0.2,2027,evaluation,/work/zhanghc/Myllm/SELD/experiment_completion_20260904/configs/Completion_20260904_E3_OfflineEINV2_Velocity_JEPAConsistency_seed2027_evaluation.yaml,/work/zhanghc/Myllm/SELD/EINV2/E3_OfflineEINV2_Velocity_JEPAConsistency_seed2026/out_train/ein_seld/E3_OfflineEINV2_Velocity_JEPAConsistency_seed2027/checkpoints/completion_20260904_E3_seed2027_epoch_68.pth,/work/zhanghc/Myllm/SELD/EINV2/E3_OfflineEINV2_Velocity_JEPAConsistency_seed2026/out_infer/ein_seld/Completion_20260904_E3_OfflineEINV2_Velocity_JEPAConsistency_seed2027_evaluation/submissions,dcase2023_macro,0.40883031792122704,0.6994651713783651,12.28270202835567,,,0.7704224500673459,0.2517949824915952
Multi-ACCDOA,causal,C0,0,2027,validation,/work/zhanghc/Myllm/SELD/DynamicCausalMultiACCDOA_TAU2020/runs/manifests/35_paper_v1_C0_seed2027_eval_split0_multiaccdoa_foa.json#params,/work/zhanghc/Myllm/SELD/DynamicCausalMultiACCDOA_TAU2020/runs/models/35_paper_v1_C0_seed2027_eval_split0_multiaccdoa_foa_model.h5,/work/zhanghc/Myllm/SELD/DynamicCausalMultiACCDOA_TAU2020/runs/analysis/threshold_predictions/Completion_20260904_paper_v1_C0_seed2027_validation_seed2027_validation_t050,dcase2020_source,0.6400425985090522,0.4762594559793979,15.46026337427858,0.5889264445517463,0.4151867625143084,,
Multi-ACCDOA,causal,C0,0,2027,validation,/work/zhanghc/Myllm/SELD/DynamicCausalMultiACCDOA_TAU2020/runs/manifests/35_paper_v1_C0_seed2027_eval_split0_multiaccdoa_foa.json#params,/work/zhanghc/Myllm/SELD/DynamicCausalMultiACCDOA_TAU2020/runs/models/35_paper_v1_C0_seed2027_eval_split0_multiaccdoa_foa_model.h5,/work/zhanghc/Myllm/SELD/DynamicCausalMultiACCDOA_TAU2020/runs/analysis/threshold_predictions/Completion_20260904_paper_v1_C0_seed2027_validation_seed2027_validation_t050,dcase2020_web_lr,0.6400425985090522,0.4762594559793979,15.46026337427858,,,0.5566712307926366,0.42325056595408583
Multi-ACCDOA,causal,C0,0,2027,validation,/work/zhanghc/Myllm/SELD/DynamicCausalMultiACCDOA_TAU2020/runs/manifests/35_paper_v1_C0_seed2027_eval_split0_multiaccdoa_foa.json#params,/work/zhanghc/Myllm/SELD/DynamicCausalMultiACCDOA_TAU2020/runs/models/35_paper_v1_C0_seed2027_eval_split0_multiaccdoa_foa_model.h5,/work/zhanghc/Myllm/SELD/DynamicCausalMultiACCDOA_TAU2020/runs/analysis/threshold_predictions/Completion_20260904_paper_v1_C0_seed2027_validation_seed2027_validation_t050,dcase2023_micro,0.6313825022394745,0.4727041222346013,15.510696159236765,,,0.5470938897168406,0.4244387561265036
Multi-ACCDOA,causal,C0,0,2027,validation,/work/zhanghc/Myllm/SELD/DynamicCausalMultiACCDOA_TAU2020/runs/manifests/35_paper_v1_C0_seed2027_eval_split0_multiaccdoa_foa.json#params,/work/zhanghc/Myllm/SELD/DynamicCausalMultiACCDOA_TAU2020/runs/models/35_paper_v1_C0_seed2027_eval_split0_multiaccdoa_foa_model.h5,/work/zhanghc/Myllm/SELD/DynamicCausalMultiACCDOA_TAU2020/runs/analysis/threshold_predictions/Completion_20260904_paper_v1_C0_seed2027_validation_seed2027_validation_t050,dcase2023_macro,0.6313825022394745,0.401802579625049,27.78636414015432,,,0.4697610542515753,0.4785468895075935
EINV2,causal,C0.1,0,2027,validation,/work/zhanghc/Myllm/SELD/experiment_completion_20260904/configs/Completion_20260904_EINV2_C0_bestfix_seed2027_validation.yaml,/work/zhanghc/Myllm/SELD/EINV2/C0p1_CausalEINV2_fix_seed2026/out_train/ein_seld/EINV2_C0_bestfix_seed2027/checkpoints/rabbit02_gpu3_bestfix_seed2027_epoch_82.pth,/work/zhanghc/Myllm/SELD/EINV2/C0p1_CausalEINV2_fix_seed2026/out_infer/ein_seld/Completion_20260904_EINV2_C0_bestfix_seed2027_validation/submissions,dcase2020_source,0.5893808002434201,0.5830099180681327,12.234117937366563,0.6488428920511714,0.3563738279995937,,
EINV2,causal,C0.1,0,2027,validation,/work/zhanghc/Myllm/SELD/experiment_completion_20260904/configs/Completion_20260904_EINV2_C0_bestfix_seed2027_validation.yaml,/work/zhanghc/Myllm/SELD/EINV2/C0p1_CausalEINV2_fix_seed2026/out_train/ein_seld/EINV2_C0_bestfix_seed2027/checkpoints/rabbit02_gpu3_bestfix_seed2027_epoch_82.pth,/work/zhanghc/Myllm/SELD/EINV2/C0p1_CausalEINV2_fix_seed2026/out_infer/ein_seld/Completion_20260904_EINV2_C0_bestfix_seed2027_validation/submissions,dcase2020_web_lr,0.5893808002434201,0.5830099180681327,12.234117937366563,,,0.6867488209341245,0.34689734577885545
EINV2,causal,C0.1,0,2027,validation,/work/zhanghc/Myllm/SELD/experiment_completion_20260904/configs/Completion_20260904_EINV2_C0_bestfix_seed2027_validation.yaml,/work/zhanghc/Myllm/SELD/EINV2/C0p1_CausalEINV2_fix_seed2026/out_train/ein_seld/EINV2_C0_bestfix_seed2027/checkpoints/rabbit02_gpu3_bestfix_seed2027_epoch_82.pth,/work/zhanghc/Myllm/SELD/EINV2/C0p1_CausalEINV2_fix_seed2026/out_infer/ein_seld/Completion_20260904_EINV2_C0_bestfix_seed2027_validation/submissions,dcase2023_micro,0.6401911018214392,0.5665973665973666,12.249587201716542,,,0.6771407297096054,0.36612656693655643
EINV2,causal,C0.1,0,2027,validation,/work/zhanghc/Myllm/SELD/experiment_completion_20260904/configs/Completion_20260904_EINV2_C0_bestfix_seed2027_validation.yaml,/work/zhanghc/Myllm/SELD/EINV2/C0p1_CausalEINV2_fix_seed2026/out_train/ein_seld/EINV2_C0_bestfix_seed2027/checkpoints/rabbit02_gpu3_bestfix_seed2027_epoch_82.pth,/work/zhanghc/Myllm/SELD/EINV2/C0p1_CausalEINV2_fix_seed2026/out_infer/ein_seld/Completion_20260904_EINV2_C0_bestfix_seed2027_validation/submissions,dcase2023_macro,0.6401911018214392,0.550481124004366,11.376024226151667,,,0.6556814410157623,0.37430716784776064
EINV2,causal,C1,0.2,2027,validation,/work/zhanghc/Myllm/SELD/experiment_completion_20260904/configs/Completion_20260904_C1_CausalEINV2_Velocity_seed2027_validation.yaml,/work/zhanghc/Myllm/SELD/EINV2/C1_CausalEINV2_Velocity_seed2026/out_train/ein_seld/C1_CausalEINV2_Velocity_seed2027/checkpoints/rabbit02_gpu0_c1_seed2027_epoch_48.pth,/work/zhanghc/Myllm/SELD/EINV2/C1_CausalEINV2_Velocity_seed2026/out_infer/ein_seld/Completion_20260904_C1_CausalEINV2_Velocity_seed2027_validation/submissions,dcase2020_source,0.5989654647801612,0.5490310359900917,16.220972287342136,0.6655981349264168,0.3686132016427773,,
EINV2,causal,C1,0.2,2027,validation,/work/zhanghc/Myllm/SELD/experiment_completion_20260904/configs/Completion_20260904_C1_CausalEINV2_Velocity_seed2027_validation.yaml,/work/zhanghc/Myllm/SELD/EINV2/C1_CausalEINV2_Velocity_seed2026/out_train/ein_seld/C1_CausalEINV2_Velocity_seed2027/checkpoints/rabbit02_gpu0_c1_seed2027_epoch_48.pth,/work/zhanghc/Myllm/SELD/EINV2/C1_CausalEINV2_Velocity_seed2026/out_infer/ein_seld/Completion_20260904_C1_CausalEINV2_Velocity_seed2027_validation/submissions,dcase2020_web_lr,0.5989654647801612,0.5490310359900917,16.220972287342136,,,0.6949642476799026,0.3612716734544058
EINV2,causal,C1,0.2,2027,validation,/work/zhanghc/Myllm/SELD/experiment_completion_20260904/configs/Completion_20260904_C1_CausalEINV2_Velocity_seed2027_validation.yaml,/work/zhanghc/Myllm/SELD/EINV2/C1_CausalEINV2_Velocity_seed2026/out_train/ein_seld/C1_CausalEINV2_Velocity_seed2027/checkpoints/rabbit02_gpu0_c1_seed2027_epoch_48.pth,/work/zhanghc/Myllm/SELD/EINV2/C1_CausalEINV2_Velocity_seed2026/out_infer/ein_seld/Completion_20260904_C1_CausalEINV2_Velocity_seed2027_validation/submissions,dcase2023_micro,0.6625858465213497,0.5310988009256012,16.234749810599244,,,0.684562760261749,0.38427933495933214
EINV2,causal,C1,0.2,2027,validation,/work/zhanghc/Myllm/SELD/experiment_completion_20260904/configs/Completion_20260904_C1_CausalEINV2_Velocity_seed2027_validation.yaml,/work/zhanghc/Myllm/SELD/EINV2/C1_CausalEINV2_Velocity_seed2026/out_train/ein_seld/C1_CausalEINV2_Velocity_seed2027/checkpoints/rabbit02_gpu0_c1_seed2027_epoch_48.pth,/work/zhanghc/Myllm/SELD/EINV2/C1_CausalEINV2_Velocity_seed2026/out_infer/ein_seld/Completion_20260904_C1_CausalEINV2_Velocity_seed2027_validation/submissions,dcase2023_macro,0.6625858465213497,0.5240683524987171,14.942934871318714,,,0.664277092851971,0.38931417650283023
EINV2,causal,C2,0.2,2027,validation,/work/zhanghc/Myllm/SELD/experiment_completion_20260904/configs/Completion_20260904_C2_CausalEINV2_JEPA_seed2027_validation.yaml,/work/zhanghc/Myllm/SELD/EINV2/C2_CausalEINV2_JEPA_seed2026/out_train/ein_seld/C2_CausalEINV2_JEPA_seed2027/checkpoints/rabbit02_gpu1_c2_seed2027_epoch_75.pth,/work/zhanghc/Myllm/SELD/EINV2/C2_CausalEINV2_JEPA_seed2026/out_infer/ein_seld/Completion_20260904_C2_CausalEINV2_JEPA_seed2027_validation/submissions,dcase2020_source,0.5788833105127035,0.5803273938867158,13.355154479240738,0.6600028972910328,0.3531870804993508,,
EINV2,causal,C2,0.2,2027,validation,/work/zhanghc/Myllm/SELD/experiment_completion_20260904/configs/Completion_20260904_C2_CausalEINV2_JEPA_seed2027_validation.yaml,/work/zhanghc/Myllm/SELD/EINV2/C2_CausalEINV2_JEPA_seed2026/out_train/ein_seld/C2_CausalEINV2_JEPA_seed2027/checkpoints/rabbit02_gpu1_c2_seed2027_epoch_75.pth,/work/zhanghc/Myllm/SELD/EINV2/C2_CausalEINV2_JEPA_seed2026/out_infer/ein_seld/Completion_20260904_C2_CausalEINV2_JEPA_seed2027_validation/submissions,dcase2020_web_lr,0.5788833105127035,0.5803273938867158,13.355154479240738,,,0.6931385972919519,0.34490315549912104
EINV2,causal,C2,0.2,2027,validation,/work/zhanghc/Myllm/SELD/experiment_completion_20260904/configs/Completion_20260904_C2_CausalEINV2_JEPA_seed2027_validation.yaml,/work/zhanghc/Myllm/SELD/EINV2/C2_CausalEINV2_JEPA_seed2026/out_train/ein_seld/C2_CausalEINV2_JEPA_seed2027/checkpoints/rabbit02_gpu1_c2_seed2027_epoch_75.pth,/work/zhanghc/Myllm/SELD/EINV2/C2_CausalEINV2_JEPA_seed2026/out_infer/ein_seld/Completion_20260904_C2_CausalEINV2_JEPA_seed2027_validation/submissions,dcase2023_micro,0.6439235592714243,0.5598447570864232,13.405939524929236,,,0.6847907046030091,0.36844138484678857
EINV2,causal,C2,0.2,2027,validation,/work/zhanghc/Myllm/SELD/experiment_completion_20260904/configs/Completion_20260904_C2_CausalEINV2_JEPA_seed2027_validation.yaml,/work/zhanghc/Myllm/SELD/EINV2/C2_CausalEINV2_JEPA_seed2026/out_train/ein_seld/C2_CausalEINV2_JEPA_seed2027/checkpoints/rabbit02_gpu1_c2_seed2027_epoch_75.pth,/work/zhanghc/Myllm/SELD/EINV2/C2_CausalEINV2_JEPA_seed2026/out_infer/ein_seld/Completion_20260904_C2_CausalEINV2_JEPA_seed2027_validation/submissions,dcase2023_macro,0.6439235592714243,0.5473278841529667,12.296597611745138,,,0.6514458180686706,0.3783660720565372
Multi-ACCDOA,causal,C1_lambda005,0.05,2027,validation,/work/zhanghc/Myllm/SELD/DynamicCausalMultiACCDOA_TAU2020/runs/manifests/40_promoted_v2_C1_lambda005_seed2027_eval_split0_multiaccdoa_foa.json#params,/work/zhanghc/Myllm/SELD/DynamicCausalMultiACCDOA_TAU2020/runs/models/40_promoted_v2_C1_lambda005_seed2027_eval_split0_multiaccdoa_foa_model.h5,/work/zhanghc/Myllm/SELD/DynamicCausalMultiACCDOA_TAU2020/runs/analysis/threshold_predictions/Completion_20260904_promoted_v2_C1_lambda005_seed2027_validation_seed2027_validation_t050,dcase2020_source,0.6328921344895786,0.482478250264249,15.354382763410575,0.6055776892430278,0.4075345803614234,,
Multi-ACCDOA,causal,C1_lambda005,0.05,2027,validation,/work/zhanghc/Myllm/SELD/DynamicCausalMultiACCDOA_TAU2020/runs/manifests/40_promoted_v2_C1_lambda005_seed2027_eval_split0_multiaccdoa_foa.json#params,/work/zhanghc/Myllm/SELD/DynamicCausalMultiACCDOA_TAU2020/runs/models/40_promoted_v2_C1_lambda005_seed2027_eval_split0_multiaccdoa_foa_model.h5,/work/zhanghc/Myllm/SELD/DynamicCausalMultiACCDOA_TAU2020/runs/analysis/threshold_predictions/Completion_20260904_promoted_v2_C1_lambda005_seed2027_validation_seed2027_validation_t050,dcase2020_web_lr,0.6328921344895786,0.482478250264249,15.354382763410575,,,0.5665601703940362,0.41728896007367133
Multi-ACCDOA,causal,C1_lambda005,0.05,2027,validation,/work/zhanghc/Myllm/SELD/DynamicCausalMultiACCDOA_TAU2020/runs/manifests/40_promoted_v2_C1_lambda005_seed2027_eval_split0_multiaccdoa_foa.json#params,/work/zhanghc/Myllm/SELD/DynamicCausalMultiACCDOA_TAU2020/runs/models/40_promoted_v2_C1_lambda005_seed2027_eval_split0_multiaccdoa_foa_model.h5,/work/zhanghc/Myllm/SELD/DynamicCausalMultiACCDOA_TAU2020/runs/analysis/threshold_predictions/Completion_20260904_promoted_v2_C1_lambda005_seed2027_validation_seed2027_validation_t050,dcase2023_micro,0.6239175873395043,0.4788166251306375,15.416628509781864,,,0.5569129916567342,0.4184589766793968
Multi-ACCDOA,causal,C1_lambda005,0.05,2027,validation,/work/zhanghc/Myllm/SELD/DynamicCausalMultiACCDOA_TAU2020/runs/manifests/40_promoted_v2_C1_lambda005_seed2027_eval_split0_multiaccdoa_foa.json#params,/work/zhanghc/Myllm/SELD/DynamicCausalMultiACCDOA_TAU2020/runs/models/40_promoted_v2_C1_lambda005_seed2027_eval_split0_multiaccdoa_foa_model.h5,/work/zhanghc/Myllm/SELD/DynamicCausalMultiACCDOA_TAU2020/runs/analysis/threshold_predictions/Completion_20260904_promoted_v2_C1_lambda005_seed2027_validation_seed2027_validation_t050,dcase2023_macro,0.6239175873395043,0.36753714177296243,39.24630972566697,,,0.4400135318797903,0.5086004919295587
EINV2,causal,C3,0.2,2027,validation,/work/zhanghc/Myllm/SELD/experiment_completion_20260904/configs/Completion_20260904_C3_CausalEINV2_Velocity_JEPA_seed2027_validation.yaml,/work/zhanghc/Myllm/SELD/EINV2/C3_CausalEINV2_Velocity_JEPA_seed2026/out_train/ein_seld/C3_CausalEINV2_Velocity_JEPA_seed2027/checkpoints/rabbit02_gpu3_c3_seed2027_epoch_80.pth,/work/zhanghc/Myllm/SELD/EINV2/C3_CausalEINV2_Velocity_JEPA_seed2026/out_infer/ein_seld/Completion_20260904_C3_CausalEINV2_Velocity_JEPA_seed2027_validation/submissions,dcase2020_source,0.5790354480450327,0.592836205047544,12.743203762533641,0.6666190033602629,0.34759395402393656,,
EINV2,causal,C3,0.2,2027,validation,/work/zhanghc/Myllm/SELD/experiment_completion_20260904/configs/Completion_20260904_C3_CausalEINV2_Velocity_JEPA_seed2027_validation.yaml,/work/zhanghc/Myllm/SELD/EINV2/C3_CausalEINV2_Velocity_JEPA_seed2026/out_train/ein_seld/C3_CausalEINV2_Velocity_JEPA_seed2027/checkpoints/rabbit02_gpu3_c3_seed2027_epoch_80.pth,/work/zhanghc/Myllm/SELD/EINV2/C3_CausalEINV2_Velocity_JEPA_seed2026/out_infer/ein_seld/Completion_20260904_C3_CausalEINV2_Velocity_JEPA_seed2027_validation/submissions,dcase2020_web_lr,0.5790354480450327,0.592836205047544,12.743203762533641,,,0.7092651757188498,0.3369324109342898
EINV2,causal,C3,0.2,2027,validation,/work/zhanghc/Myllm/SELD/experiment_completion_20260904/configs/Completion_20260904_C3_CausalEINV2_Velocity_JEPA_seed2027_validation.yaml,/work/zhanghc/Myllm/SELD/EINV2/C3_CausalEINV2_Velocity_JEPA_seed2026/out_train/ein_seld/C3_CausalEINV2_Velocity_JEPA_seed2027/checkpoints/rabbit02_gpu3_c3_seed2027_epoch_80.pth,/work/zhanghc/Myllm/SELD/EINV2/C3_CausalEINV2_Velocity_JEPA_seed2026/out_infer/ein_seld/Completion_20260904_C3_CausalEINV2_Velocity_JEPA_seed2027_validation/submissions,dcase2023_micro,0.6348163630934608,0.5773649810801513,12.740304259386535,,,0.701430274135876,0.3567001439962841
EINV2,causal,C3,0.2,2027,validation,/work/zhanghc/Myllm/SELD/experiment_completion_20260904/configs/Completion_20260904_C3_CausalEINV2_Velocity_JEPA_seed2027_validation.yaml,/work/zhanghc/Myllm/SELD/EINV2/C3_CausalEINV2_Velocity_JEPA_seed2026/out_train/ein_seld/C3_CausalEINV2_Velocity_JEPA_seed2027/checkpoints/rabbit02_gpu3_c3_seed2027_epoch_80.pth,/work/zhanghc/Myllm/SELD/EINV2/C3_CausalEINV2_Velocity_JEPA_seed2026/out_infer/ein_seld/Completion_20260904_C3_CausalEINV2_Velocity_JEPA_seed2027_validation/submissions,dcase2023_macro,0.6348163630934608,0.5579285952400559,12.10337599678794,,,0.6859014913806225,0.3645568135581789
Multi-ACCDOA,causal,C2_lambda005,0.05,2027,validation,/work/zhanghc/Myllm/SELD/DynamicCausalMultiACCDOA_TAU2020/runs/manifests/41_promoted_v2_C2_lambda005_seed2027_eval_split0_multiaccdoa_foa.json#params,/work/zhanghc/Myllm/SELD/DynamicCausalMultiACCDOA_TAU2020/runs/models/41_promoted_v2_C2_lambda005_seed2027_eval_split0_multiaccdoa_foa_model.h5,/work/zhanghc/Myllm/SELD/DynamicCausalMultiACCDOA_TAU2020/runs/analysis/threshold_predictions/Completion_20260904_promoted_v2_C2_lambda005_seed2027_validation_seed2027_validation_t050,dcase2020_source,0.6444545869465997,0.469842797561758,16.064008086718562,0.5899903753609238,0.41846647584864416,,
Multi-ACCDOA,causal,C2_lambda005,0.05,2027,validation,/work/zhanghc/Myllm/SELD/DynamicCausalMultiACCDOA_TAU2020/runs/manifests/41_promoted_v2_C2_lambda005_seed2027_eval_split0_multiaccdoa_foa.json#params,/work/zhanghc/Myllm/SELD/DynamicCausalMultiACCDOA_TAU2020/runs/models/41_promoted_v2_C2_lambda005_seed2027_eval_split0_multiaccdoa_foa_model.h5,/work/zhanghc/Myllm/SELD/DynamicCausalMultiACCDOA_TAU2020/runs/analysis/threshold_predictions/Completion_20260904_promoted_v2_C2_lambda005_seed2027_validation_seed2027_validation_t050,dcase2020_web_lr,0.6444545869465997,0.469842797561758,16.064008086718562,,,0.5595618439068918,0.42607360871215216
Multi-ACCDOA,causal,C2_lambda005,0.05,2027,validation,/work/zhanghc/Myllm/SELD/DynamicCausalMultiACCDOA_TAU2020/runs/manifests/41_promoted_v2_C2_lambda005_seed2027_eval_split0_multiaccdoa_foa.json#params,/work/zhanghc/Myllm/SELD/DynamicCausalMultiACCDOA_TAU2020/runs/models/41_promoted_v2_C2_lambda005_seed2027_eval_split0_multiaccdoa_foa_model.h5,/work/zhanghc/Myllm/SELD/DynamicCausalMultiACCDOA_TAU2020/runs/analysis/threshold_predictions/Completion_20260904_promoted_v2_C2_lambda005_seed2027_validation_seed2027_validation_t050,dcase2023_micro,0.6398925052254404,0.4661749543976525,16.12732859402608,,,0.5499925495455222,0.42833031781226927
Multi-ACCDOA,causal,C2_lambda005,0.05,2027,validation,/work/zhanghc/Myllm/SELD/DynamicCausalMultiACCDOA_TAU2020/runs/manifests/41_promoted_v2_C2_lambda005_seed2027_eval_split0_multiaccdoa_foa.json#params,/work/zhanghc/Myllm/SELD/DynamicCausalMultiACCDOA_TAU2020/runs/models/41_promoted_v2_C2_lambda005_seed2027_eval_split0_multiaccdoa_foa_model.h5,/work/zhanghc/Myllm/SELD/DynamicCausalMultiACCDOA_TAU2020/runs/analysis/threshold_predictions/Completion_20260904_promoted_v2_C2_lambda005_seed2027_validation_seed2027_validation_t050,dcase2023_macro,0.6398925052254404,0.3843807997235281,39.92885282540976,,,0.4660320436159494,0.5028266555067821
EINV2,noncausal,E0,0,2027,validation,/work/zhanghc/Myllm/SELD/experiment_completion_20260904/configs/Completion_20260904_E0_OfflineEINV2_seed2027_validation.yaml,/work/zhanghc/Myllm/SELD/EINV2/C0p1_CausalEINV2_fix_seed2026/out_train/ein_seld/E0_OfflineEINV2_seed2027/checkpoints/completion_20260904_E0_seed2027_epoch_82.pth,/work/zhanghc/Myllm/SELD/EINV2/C0p1_CausalEINV2_fix_seed2026/out_infer/ein_seld/Completion_20260904_E0_OfflineEINV2_seed2027_validation/submissions,dcase2020_source,0.4083371367716416,0.6880036840893391,10.501785617334015,0.7586153964233631,0.25501532742214317,,
EINV2,noncausal,E0,0,2027,validation,/work/zhanghc/Myllm/SELD/experiment_completion_20260904/configs/Completion_20260904_E0_OfflineEINV2_seed2027_validation.yaml,/work/zhanghc/Myllm/SELD/EINV2/C0p1_CausalEINV2_fix_seed2026/out_train/ein_seld/E0_OfflineEINV2_seed2027/checkpoints/completion_20260904_E0_seed2027_epoch_82.pth,/work/zhanghc/Myllm/SELD/EINV2/C0p1_CausalEINV2_fix_seed2026/out_infer/ein_seld/Completion_20260904_E0_OfflineEINV2_seed2027_validation/submissions,dcase2020_web_lr,0.4083371367716416,0.6880036840893391,10.501785617334015,,,0.751863684771033,0.2567032553352257
EINV2,noncausal,E0,0,2027,validation,/work/zhanghc/Myllm/SELD/experiment_completion_20260904/configs/Completion_20260904_E0_OfflineEINV2_seed2027_validation.yaml,/work/zhanghc/Myllm/SELD/EINV2/C0p1_CausalEINV2_fix_seed2026/out_train/ein_seld/E0_OfflineEINV2_seed2027/checkpoints/completion_20260904_E0_seed2027_epoch_82.pth,/work/zhanghc/Myllm/SELD/EINV2/C0p1_CausalEINV2_fix_seed2026/out_infer/ein_seld/Completion_20260904_E0_OfflineEINV2_seed2027_validation/submissions,dcase2023_micro,0.4423708569722305,0.6694864945087563,10.57495712970076,,,0.7405919976201101,0.2727605316687588
EINV2,noncausal,E0,0,2027,validation,/work/zhanghc/Myllm/SELD/experiment_completion_20260904/configs/Completion_20260904_E0_OfflineEINV2_seed2027_validation.yaml,/work/zhanghc/Myllm/SELD/EINV2/C0p1_CausalEINV2_fix_seed2026/out_train/ein_seld/E0_OfflineEINV2_seed2027/checkpoints/completion_20260904_E0_seed2027_epoch_82.pth,/work/zhanghc/Myllm/SELD/EINV2/C0p1_CausalEINV2_fix_seed2026/out_infer/ein_seld/Completion_20260904_E0_OfflineEINV2_seed2027_validation/submissions,dcase2023_macro,0.4423708569722305,0.6628992669787855,10.208818994879811,,,0.7437107266831996,0.2731191310982277
Multi-ACCDOA,causal,C3_lambda005,0.05,2027,validation,/work/zhanghc/Myllm/SELD/DynamicCausalMultiACCDOA_TAU2020/runs/manifests/42_supplemental_v2_C3_lambda005_seed2027_eval_split0_multiaccdoa_foa.json#params,/work/zhanghc/Myllm/SELD/DynamicCausalMultiACCDOA_TAU2020/runs/models/42_supplemental_v2_C3_lambda005_seed2027_eval_split0_multiaccdoa_foa_model.h5,/work/zhanghc/Myllm/SELD/DynamicCausalMultiACCDOA_TAU2020/runs/analysis/threshold_predictions/Completion_20260904_supplemental_v2_C3_lambda005_seed2027_validation_seed2027_validation_t050,dcase2020_source,0.6331964095542371,0.478720787207872,14.717787050721864,0.5871258712587125,0.41227880867569344,,
Multi-ACCDOA,causal,C3_lambda005,0.05,2027,validation,/work/zhanghc/Myllm/SELD/DynamicCausalMultiACCDOA_TAU2020/runs/manifests/42_supplemental_v2_C3_lambda005_seed2027_eval_split0_multiaccdoa_foa.json#params,/work/zhanghc/Myllm/SELD/DynamicCausalMultiACCDOA_TAU2020/runs/models/42_supplemental_v2_C3_lambda005_seed2027_eval_split0_multiaccdoa_foa_model.h5,/work/zhanghc/Myllm/SELD/DynamicCausalMultiACCDOA_TAU2020/runs/analysis/threshold_predictions/Completion_20260904_supplemental_v2_C3_lambda005_seed2027_validation_seed2027_validation_t050,dcase2020_web_lr,0.6331964095542371,0.478720787207872,14.717787050721864,,,0.5446523657386277,0.42289718505571466
Multi-ACCDOA,causal,C3_lambda005,0.05,2027,validation,/work/zhanghc/Myllm/SELD/DynamicCausalMultiACCDOA_TAU2020/runs/manifests/42_supplemental_v2_C3_lambda005_seed2027_eval_split0_multiaccdoa_foa.json#params,/work/zhanghc/Myllm/SELD/DynamicCausalMultiACCDOA_TAU2020/runs/models/42_supplemental_v2_C3_lambda005_seed2027_eval_split0_multiaccdoa_foa_model.h5,/work/zhanghc/Myllm/SELD/DynamicCausalMultiACCDOA_TAU2020/runs/analysis/threshold_predictions/Completion_20260904_supplemental_v2_C3_lambda005_seed2027_validation_seed2027_validation_t050,dcase2023_micro,0.6236189907435056,0.47498581042730886,14.775350354805433,,,0.5352511551647041,0.42386682622510297
Multi-ACCDOA,causal,C3_lambda005,0.05,2027,validation,/work/zhanghc/Myllm/SELD/DynamicCausalMultiACCDOA_TAU2020/runs/manifests/42_supplemental_v2_C3_lambda005_seed2027_eval_split0_multiaccdoa_foa.json#params,/work/zhanghc/Myllm/SELD/DynamicCausalMultiACCDOA_TAU2020/runs/models/42_supplemental_v2_C3_lambda005_seed2027_eval_split0_multiaccdoa_foa_model.h5,/work/zhanghc/Myllm/SELD/DynamicCausalMultiACCDOA_TAU2020/runs/analysis/threshold_predictions/Completion_20260904_supplemental_v2_C3_lambda005_seed2027_validation_seed2027_validation_t050,dcase2023_macro,0.6236189907435056,0.37194827494589117,38.99274094532207,,,0.4463507407760832,0.5054865784016634
EINV2,noncausal,E1,0.2,2027,validation,/work/zhanghc/Myllm/SELD/experiment_completion_20260904/configs/Completion_20260904_E1_OfflineEINV2_Velocity_seed2027_validation.yaml,/work/zhanghc/Myllm/SELD/EINV2/E1_OfflineEINV2_Velocity_seed2026/out_train/ein_seld/E1_OfflineEINV2_Velocity_seed2027/checkpoints/completion_20260904_E1_seed2027_epoch_87.pth,/work/zhanghc/Myllm/SELD/EINV2/E1_OfflineEINV2_Velocity_seed2026/out_infer/ein_seld/Completion_20260904_E1_OfflineEINV2_Velocity_seed2027_validation/submissions,dcase2020_source,0.3946447588620113,0.6942429387251118,10.398406385683527,0.7627720327210987,0.24884967794517732,,
EINV2,noncausal,E1,0.2,2027,validation,/work/zhanghc/Myllm/SELD/experiment_completion_20260904/configs/Completion_20260904_E1_OfflineEINV2_Velocity_seed2027_validation.yaml,/work/zhanghc/Myllm/SELD/EINV2/E1_OfflineEINV2_Velocity_seed2026/out_train/ein_seld/E1_OfflineEINV2_Velocity_seed2027/checkpoints/completion_20260904_E1_seed2027_epoch_87.pth,/work/zhanghc/Myllm/SELD/EINV2/E1_OfflineEINV2_Velocity_seed2026/out_infer/ein_seld/Completion_20260904_E1_OfflineEINV2_Velocity_seed2027_validation/submissions,dcase2020_web_lr,0.3946447588620113,0.6942429387251118,10.398406385683527,,,0.751863684771033,0.25157676493269376
EINV2,noncausal,E1,0.2,2027,validation,/work/zhanghc/Myllm/SELD/experiment_completion_20260904/configs/Completion_20260904_E1_OfflineEINV2_Velocity_seed2027_validation.yaml,/work/zhanghc/Myllm/SELD/EINV2/E1_OfflineEINV2_Velocity_seed2026/out_train/ein_seld/E1_OfflineEINV2_Velocity_seed2027/checkpoints/completion_20260904_E1_seed2027_epoch_87.pth,/work/zhanghc/Myllm/SELD/EINV2/E1_OfflineEINV2_Velocity_seed2026/out_infer/ein_seld/Completion_20260904_E1_OfflineEINV2_Velocity_seed2027_validation/submissions,dcase2023_micro,0.4266945356822932,0.6754215788688256,10.397127093662364,,,0.7406580318594611,0.2670941855352549
EINV2,noncausal,E1,0.2,2027,validation,/work/zhanghc/Myllm/SELD/experiment_completion_20260904/configs/Completion_20260904_E1_OfflineEINV2_Velocity_seed2027_validation.yaml,/work/zhanghc/Myllm/SELD/EINV2/E1_OfflineEINV2_Velocity_seed2026/out_train/ein_seld/E1_OfflineEINV2_Velocity_seed2027/checkpoints/completion_20260904_E1_seed2027_epoch_87.pth,/work/zhanghc/Myllm/SELD/EINV2/E1_OfflineEINV2_Velocity_seed2026/out_infer/ein_seld/Completion_20260904_E1_OfflineEINV2_Velocity_seed2027_validation/submissions,dcase2023_macro,0.4266945356822932,0.6561157444627195,10.140334587109535,,,0.7311664914057372,0.27393687299111136
EINV2,noncausal,E2,0.2,2027,validation,/work/zhanghc/Myllm/SELD/experiment_completion_20260904/configs/Completion_20260904_E2_OfflineEINV2_JEPAConsistency_seed2027_validation.yaml,/work/zhanghc/Myllm/SELD/EINV2/E2_OfflineEINV2_JEPAConsistency_seed2026/out_train/ein_seld/E2_OfflineEINV2_JEPAConsistency_seed2027/checkpoints/completion_20260904_E2_seed2027_epoch_90.pth,/work/zhanghc/Myllm/SELD/EINV2/E2_OfflineEINV2_JEPAConsistency_seed2026/out_infer/ein_seld/Completion_20260904_E2_OfflineEINV2_JEPAConsistency_seed2027_validation/submissions,dcase2020_source,0.39175414574775597,0.7012204541943456,10.295551537815173,0.7665688243472886,0.24529059393738487,,
EINV2,noncausal,E2,0.2,2027,validation,/work/zhanghc/Myllm/SELD/experiment_completion_20260904/configs/Completion_20260904_E2_OfflineEINV2_JEPAConsistency_seed2027_validation.yaml,/work/zhanghc/Myllm/SELD/EINV2/E2_OfflineEINV2_JEPAConsistency_seed2026/out_train/ein_seld/E2_OfflineEINV2_JEPAConsistency_seed2027/checkpoints/completion_20260904_E2_seed2027_epoch_90.pth,/work/zhanghc/Myllm/SELD/EINV2/E2_OfflineEINV2_JEPAConsistency_seed2026/out_infer/ein_seld/Completion_20260904_E2_OfflineEINV2_JEPAConsistency_seed2027_validation/submissions,dcase2020_web_lr,0.39175414574775597,0.7012204541943456,10.295551537815173,,,0.7549064354176175,0.24820619116980264
EINV2,noncausal,E2,0.2,2027,validation,/work/zhanghc/Myllm/SELD/experiment_completion_20260904/configs/Completion_20260904_E2_OfflineEINV2_JEPAConsistency_seed2027_validation.yaml,/work/zhanghc/Myllm/SELD/EINV2/E2_OfflineEINV2_JEPAConsistency_seed2026/out_train/ein_seld/E2_OfflineEINV2_JEPAConsistency_seed2027/checkpoints/completion_20260904_E2_seed2027_epoch_90.pth,/work/zhanghc/Myllm/SELD/EINV2/E2_OfflineEINV2_JEPAConsistency_seed2026/out_infer/ein_seld/Completion_20260904_E2_OfflineEINV2_JEPAConsistency_seed2027_validation/submissions,dcase2023_micro,0.43445804717826214,0.6805792796138136,10.378993192976107,,,0.7456845238095238,0.2664638292623091
EINV2,noncausal,E2,0.2,2027,validation,/work/zhanghc/Myllm/SELD/experiment_completion_20260904/configs/Completion_20260904_E2_OfflineEINV2_JEPAConsistency_seed2027_validation.yaml,/work/zhanghc/Myllm/SELD/EINV2/E2_OfflineEINV2_JEPAConsistency_seed2026/out_train/ein_seld/E2_OfflineEINV2_JEPAConsistency_seed2027/checkpoints/completion_20260904_E2_seed2027_epoch_90.pth,/work/zhanghc/Myllm/SELD/EINV2/E2_OfflineEINV2_JEPAConsistency_seed2026/out_infer/ein_seld/Completion_20260904_E2_OfflineEINV2_JEPAConsistency_seed2027_validation/submissions,dcase2023_macro,0.43445804717826214,0.6757674501269084,9.815929615706837,,,0.7434938878960617,0.2674324128661935
EINV2,noncausal,E3,0.2,2027,validation,/work/zhanghc/Myllm/SELD/experiment_completion_20260904/configs/Completion_20260904_E3_OfflineEINV2_Velocity_JEPAConsistency_seed2027_validation.yaml,/work/zhanghc/Myllm/SELD/EINV2/E3_OfflineEINV2_Velocity_JEPAConsistency_seed2026/out_train/ein_seld/E3_OfflineEINV2_Velocity_JEPAConsistency_seed2027/checkpoints/completion_20260904_E3_seed2027_epoch_68.pth,/work/zhanghc/Myllm/SELD/EINV2/E3_OfflineEINV2_Velocity_JEPAConsistency_seed2026/out_infer/ein_seld/Completion_20260904_E3_OfflineEINV2_Velocity_JEPAConsistency_seed2027_validation/submissions,dcase2020_source,0.4151833257264567,0.6677976557680444,12.100454671275864,0.7629549660703269,0.26291386301546005,,
EINV2,noncausal,E3,0.2,2027,validation,/work/zhanghc/Myllm/SELD/experiment_completion_20260904/configs/Completion_20260904_E3_OfflineEINV2_Velocity_JEPAConsistency_seed2027_validation.yaml,/work/zhanghc/Myllm/SELD/EINV2/E3_OfflineEINV2_Velocity_JEPAConsistency_seed2026/out_train/ein_seld/E3_OfflineEINV2_Velocity_JEPAConsistency_seed2027/checkpoints/completion_20260904_E3_seed2027_epoch_68.pth,/work/zhanghc/Myllm/SELD/EINV2/E3_OfflineEINV2_Velocity_JEPAConsistency_seed2026/out_infer/ein_seld/Completion_20260904_E3_OfflineEINV2_Velocity_JEPAConsistency_seed2027_validation/submissions,dcase2020_web_lr,0.4151833257264567,0.6677976557680444,12.100454671275864,,,0.7526243724326791,0.26549651142487196
EINV2,noncausal,E3,0.2,2027,validation,/work/zhanghc/Myllm/SELD/experiment_completion_20260904/configs/Completion_20260904_E3_OfflineEINV2_Velocity_JEPAConsistency_seed2027_validation.yaml,/work/zhanghc/Myllm/SELD/EINV2/E3_OfflineEINV2_Velocity_JEPAConsistency_seed2026/out_train/ein_seld/E3_OfflineEINV2_Velocity_JEPAConsistency_seed2027/checkpoints/completion_20260904_E3_seed2027_epoch_68.pth,/work/zhanghc/Myllm/SELD/EINV2/E3_OfflineEINV2_Velocity_JEPAConsistency_seed2026/out_infer/ein_seld/Completion_20260904_E3_OfflineEINV2_Velocity_JEPAConsistency_seed2027_validation/submissions,dcase2023_micro,0.46909525231412363,0.6457405758385277,12.131406353759209,,,0.7404318689501117,0.2875798773727033
EINV2,noncausal,E3,0.2,2027,validation,/work/zhanghc/Myllm/SELD/experiment_completion_20260904/configs/Completion_20260904_E3_OfflineEINV2_Velocity_JEPAConsistency_seed2027_validation.yaml,/work/zhanghc/Myllm/SELD/EINV2/E3_OfflineEINV2_Velocity_JEPAConsistency_seed2026/out_train/ein_seld/E3_OfflineEINV2_Velocity_JEPAConsistency_seed2027/checkpoints/completion_20260904_E3_seed2027_epoch_68.pth,/work/zhanghc/Myllm/SELD/EINV2/E3_OfflineEINV2_Velocity_JEPAConsistency_seed2026/out_infer/ein_seld/Completion_20260904_E3_OfflineEINV2_Velocity_JEPAConsistency_seed2027_validation/submissions,dcase2023_macro,0.46909525231412363,0.6337651744427292,12.01509304821589,,,0.7426776425642873,0.28985073806041
EINV2,causal,C0.1,0,2028,evaluation,/work/zhanghc/Myllm/SELD/experiment_completion_20260904/configs/Completion_20260904_EINV2_C0_bestfix_seed2028_evaluation.yaml,/work/zhanghc/Myllm/SELD/EINV2/C0p1_CausalEINV2_fix_seed2026/out_train/ein_seld/EINV2_C0_bestfix_seed2028/checkpoints/rabbit02_gpu3_bestfix_seed2028_epoch_45.pth,/work/zhanghc/Myllm/SELD/EINV2/C0p1_CausalEINV2_fix_seed2026/out_infer/ein_seld/Completion_20260904_EINV2_C0_bestfix_seed2028_evaluation/submissions,dcase2020_source,0.5428267961459676,0.6039348611008768,13.936269940416631,0.7019379559354505,0.328594425250211,,
EINV2,causal,C0.1,0,2028,evaluation,/work/zhanghc/Myllm/SELD/experiment_completion_20260904/configs/Completion_20260904_EINV2_C0_bestfix_seed2028_evaluation.yaml,/work/zhanghc/Myllm/SELD/EINV2/C0p1_CausalEINV2_fix_seed2026/out_train/ein_seld/EINV2_C0_bestfix_seed2028/checkpoints/rabbit02_gpu3_bestfix_seed2028_epoch_45.pth,/work/zhanghc/Myllm/SELD/EINV2/C0p1_CausalEINV2_fix_seed2026/out_infer/ein_seld/Completion_20260904_EINV2_C0_bestfix_seed2028_evaluation/submissions,dcase2020_web_lr,0.5428267961459676,0.6039348611008768,13.936269940416631,,,0.7227069266368258,0.32340218257486714
EINV2,causal,C0.1,0,2028,evaluation,/work/zhanghc/Myllm/SELD/experiment_completion_20260904/configs/Completion_20260904_EINV2_C0_bestfix_seed2028_evaluation.yaml,/work/zhanghc/Myllm/SELD/EINV2/C0p1_CausalEINV2_fix_seed2026/out_train/ein_seld/EINV2_C0_bestfix_seed2028/checkpoints/rabbit02_gpu3_bestfix_seed2028_epoch_45.pth,/work/zhanghc/Myllm/SELD/EINV2/C0p1_CausalEINV2_fix_seed2026/out_infer/ein_seld/Completion_20260904_EINV2_C0_bestfix_seed2028_evaluation/submissions,dcase2023_micro,0.580373762191944,0.5928912996930983,13.905229473079444,,,0.7146348689083099,0.33752471711024434
EINV2,causal,C0.1,0,2028,evaluation,/work/zhanghc/Myllm/SELD/experiment_completion_20260904/configs/Completion_20260904_EINV2_C0_bestfix_seed2028_evaluation.yaml,/work/zhanghc/Myllm/SELD/EINV2/C0p1_CausalEINV2_fix_seed2026/out_train/ein_seld/EINV2_C0_bestfix_seed2028/checkpoints/rabbit02_gpu3_bestfix_seed2028_epoch_45.pth,/work/zhanghc/Myllm/SELD/EINV2/C0p1_CausalEINV2_fix_seed2026/out_infer/ein_seld/Completion_20260904_EINV2_C0_bestfix_seed2028_evaluation/submissions,dcase2023_macro,0.580373762191944,0.5914213983508949,13.10512531954379,,,0.6989865709218288,0.3406930111736159
Multi-ACCDOA,noncausal,A0,0,2028,evaluation,/work/zhanghc/Myllm/SELD/DynamicCausalMultiACCDOA_TAU2020/runs/manifests/32_paper_v1_A0_seed2028_eval_split0_multiaccdoa_foa.json#params,/work/zhanghc/Myllm/SELD/DynamicCausalMultiACCDOA_TAU2020/runs/models/32_paper_v1_A0_seed2028_eval_split0_multiaccdoa_foa_model.h5,/work/zhanghc/Myllm/SELD/DynamicCausalMultiACCDOA_TAU2020/runs/results/32_paper_v1_A0_seed2028_eval_split0_multiaccdoa_foa_20260902113350_test,dcase2020_source,0.5285638418936348,0.5557227078674526,14.587928432177396,0.6773734498881885,0.3441279327458559,,
Multi-ACCDOA,noncausal,A0,0,2028,evaluation,/work/zhanghc/Myllm/SELD/DynamicCausalMultiACCDOA_TAU2020/runs/manifests/32_paper_v1_A0_seed2028_eval_split0_multiaccdoa_foa.json#params,/work/zhanghc/Myllm/SELD/DynamicCausalMultiACCDOA_TAU2020/runs/models/32_paper_v1_A0_seed2028_eval_split0_multiaccdoa_foa_model.h5,/work/zhanghc/Myllm/SELD/DynamicCausalMultiACCDOA_TAU2020/runs/results/32_paper_v1_A0_seed2028_eval_split0_multiaccdoa_foa_20260902113350_test,dcase2020_web_lr,0.5285638418936348,0.5557227078674526,14.587928432177396,,,0.6319702602230484,0.35547873016214093
Multi-ACCDOA,noncausal,A0,0,2028,evaluation,/work/zhanghc/Myllm/SELD/DynamicCausalMultiACCDOA_TAU2020/runs/manifests/32_paper_v1_A0_seed2028_eval_split0_multiaccdoa_foa.json#params,/work/zhanghc/Myllm/SELD/DynamicCausalMultiACCDOA_TAU2020/runs/models/32_paper_v1_A0_seed2028_eval_split0_multiaccdoa_foa_model.h5,/work/zhanghc/Myllm/SELD/DynamicCausalMultiACCDOA_TAU2020/runs/results/32_paper_v1_A0_seed2028_eval_split0_multiaccdoa_foa_20260902113350_test,dcase2023_micro,0.522299158662795,0.5502963318917187,14.684526689514902,,,0.6221201570486703,0.3578658433882611
Multi-ACCDOA,noncausal,A0,0,2028,evaluation,/work/zhanghc/Myllm/SELD/DynamicCausalMultiACCDOA_TAU2020/runs/manifests/32_paper_v1_A0_seed2028_eval_split0_multiaccdoa_foa.json#params,/work/zhanghc/Myllm/SELD/DynamicCausalMultiACCDOA_TAU2020/runs/models/32_paper_v1_A0_seed2028_eval_split0_multiaccdoa_foa_model.h5,/work/zhanghc/Myllm/SELD/DynamicCausalMultiACCDOA_TAU2020/runs/results/32_paper_v1_A0_seed2028_eval_split0_multiaccdoa_foa_20260902113350_test,dcase2023_macro,0.522299158662795,0.53614220699494,13.942479677550313,,,0.5842520249023015,0.3698407867990971
Multi-ACCDOA,causal,C0,0,2028,evaluation,/work/zhanghc/Myllm/SELD/DynamicCausalMultiACCDOA_TAU2020/runs/manifests/35_paper_v1_C0_seed2028_eval_split0_multiaccdoa_foa.json#params,/work/zhanghc/Myllm/SELD/DynamicCausalMultiACCDOA_TAU2020/runs/models/35_paper_v1_C0_seed2028_eval_split0_multiaccdoa_foa_model.h5,/work/zhanghc/Myllm/SELD/DynamicCausalMultiACCDOA_TAU2020/runs/results/35_paper_v1_C0_seed2028_eval_split0_multiaccdoa_foa_20260902131803_test,dcase2020_source,0.6215765116455504,0.48720012880373526,15.128792857559969,0.600869425213331,0.4043889517092877,,
Multi-ACCDOA,causal,C0,0,2028,evaluation,/work/zhanghc/Myllm/SELD/DynamicCausalMultiACCDOA_TAU2020/runs/manifests/35_paper_v1_C0_seed2028_eval_split0_multiaccdoa_foa.json#params,/work/zhanghc/Myllm/SELD/DynamicCausalMultiACCDOA_TAU2020/runs/models/35_paper_v1_C0_seed2028_eval_split0_multiaccdoa_foa_model.h5,/work/zhanghc/Myllm/SELD/DynamicCausalMultiACCDOA_TAU2020/runs/results/35_paper_v1_C0_seed2028_eval_split0_multiaccdoa_foa_20260902131803_test,dcase2020_web_lr,0.6215765116455504,0.48720012880373526,15.128792857559969,,,0.5662696305287914,0.41303890038042257
Multi-ACCDOA,causal,C0,0,2028,evaluation,/work/zhanghc/Myllm/SELD/DynamicCausalMultiACCDOA_TAU2020/runs/manifests/35_paper_v1_C0_seed2028_eval_split0_multiaccdoa_foa.json#params,/work/zhanghc/Myllm/SELD/DynamicCausalMultiACCDOA_TAU2020/runs/models/35_paper_v1_C0_seed2028_eval_split0_multiaccdoa_foa_model.h5,/work/zhanghc/Myllm/SELD/DynamicCausalMultiACCDOA_TAU2020/runs/results/35_paper_v1_C0_seed2028_eval_split0_multiaccdoa_foa_20260902131803_test,dcase2023_micro,0.6159630705085251,0.48278051102999525,15.23286959351985,,,0.557770695916401,0.41500972921486534
Multi-ACCDOA,causal,C0,0,2028,evaluation,/work/zhanghc/Myllm/SELD/DynamicCausalMultiACCDOA_TAU2020/runs/manifests/35_paper_v1_C0_seed2028_eval_split0_multiaccdoa_foa.json#params,/work/zhanghc/Myllm/SELD/DynamicCausalMultiACCDOA_TAU2020/runs/models/35_paper_v1_C0_seed2028_eval_split0_multiaccdoa_foa_model.h5,/work/zhanghc/Myllm/SELD/DynamicCausalMultiACCDOA_TAU2020/runs/results/35_paper_v1_C0_seed2028_eval_split0_multiaccdoa_foa_20260902131803_test,dcase2023_macro,0.6159630705085251,0.42410465251834106,38.075138179768544,,,0.48807268379496727,0.4788285699095938
Multi-ACCDOA,noncausal,A3_lambda005,0.05,2028,evaluation,/work/zhanghc/Myllm/SELD/DynamicCausalMultiACCDOA_TAU2020/runs/manifests/52_supplemental_v2_A3_lambda005_seed2028_eval_split0_multiaccdoa_foa.json#params,/work/zhanghc/Myllm/SELD/DynamicCausalMultiACCDOA_TAU2020/runs/models/52_supplemental_v2_A3_lambda005_seed2028_eval_split0_multiaccdoa_foa_model.h5,/work/zhanghc/Myllm/SELD/DynamicCausalMultiACCDOA_TAU2020/runs/analysis/threshold_predictions/Completion_20260904_supplemental_v2_A3_lambda005_seed2028_evaluation_seed2028_evaluation_t050,dcase2020_source,0.5457856004855474,0.54274815490505,14.55993423460796,0.6679658346463222,0.35399003361494374,,
Multi-ACCDOA,noncausal,A3_lambda005,0.05,2028,evaluation,/work/zhanghc/Myllm/SELD/DynamicCausalMultiACCDOA_TAU2020/runs/manifests/52_supplemental_v2_A3_lambda005_seed2028_eval_split0_multiaccdoa_foa.json#params,/work/zhanghc/Myllm/SELD/DynamicCausalMultiACCDOA_TAU2020/runs/models/52_supplemental_v2_A3_lambda005_seed2028_eval_split0_multiaccdoa_foa_model.h5,/work/zhanghc/Myllm/SELD/DynamicCausalMultiACCDOA_TAU2020/runs/analysis/threshold_predictions/Completion_20260904_supplemental_v2_A3_lambda005_seed2028_evaluation_seed2028_evaluation_t050,dcase2020_web_lr,0.5457856004855474,0.54274815490505,14.55993423460796,,,0.6111068962901146,0.3682047682039956
Multi-ACCDOA,noncausal,A3_lambda005,0.05,2028,evaluation,/work/zhanghc/Myllm/SELD/DynamicCausalMultiACCDOA_TAU2020/runs/manifests/52_supplemental_v2_A3_lambda005_seed2028_eval_split0_multiaccdoa_foa.json#params,/work/zhanghc/Myllm/SELD/DynamicCausalMultiACCDOA_TAU2020/runs/models/52_supplemental_v2_A3_lambda005_seed2028_eval_split0_multiaccdoa_foa_model.h5,/work/zhanghc/Myllm/SELD/DynamicCausalMultiACCDOA_TAU2020/runs/analysis/threshold_predictions/Completion_20260904_supplemental_v2_A3_lambda005_seed2028_evaluation_seed2028_evaluation_t050,dcase2023_micro,0.5319038046310773,0.5371096942945889,14.649255348230628,,,0.6013939349002744,0.36869623184270717
Multi-ACCDOA,noncausal,A3_lambda005,0.05,2028,evaluation,/work/zhanghc/Myllm/SELD/DynamicCausalMultiACCDOA_TAU2020/runs/manifests/52_supplemental_v2_A3_lambda005_seed2028_eval_split0_multiaccdoa_foa.json#params,/work/zhanghc/Myllm/SELD/DynamicCausalMultiACCDOA_TAU2020/runs/models/52_supplemental_v2_A3_lambda005_seed2028_eval_split0_multiaccdoa_foa_model.h5,/work/zhanghc/Myllm/SELD/DynamicCausalMultiACCDOA_TAU2020/runs/analysis/threshold_predictions/Completion_20260904_supplemental_v2_A3_lambda005_seed2028_evaluation_seed2028_evaluation_t050,dcase2023_macro,0.5319038046310773,0.4879498126748686,14.098092103131066,,,0.5320694084942182,0.3975518293420685
EINV2,causal,C1,0.2,2028,evaluation,/work/zhanghc/Myllm/SELD/experiment_completion_20260904/configs/Completion_20260904_C1_CausalEINV2_Velocity_seed2028_evaluation.yaml,/work/zhanghc/Myllm/SELD/EINV2/C1_CausalEINV2_Velocity_seed2026/out_train/ein_seld/C1_CausalEINV2_Velocity_seed2028/checkpoints/rabbit02_gpu2_c1_seed2028_epoch_81.pth,/work/zhanghc/Myllm/SELD/EINV2/C1_CausalEINV2_Velocity_seed2026/out_infer/ein_seld/Completion_20260904_C1_CausalEINV2_Velocity_seed2028_evaluation/submissions,dcase2020_source,0.6652757757378044,0.5622409505388227,12.870967515396012,0.6298701298701297,0.38616751760359636,,
EINV2,causal,C1,0.2,2028,evaluation,/work/zhanghc/Myllm/SELD/experiment_completion_20260904/configs/Completion_20260904_C1_CausalEINV2_Velocity_seed2028_evaluation.yaml,/work/zhanghc/Myllm/SELD/EINV2/C1_CausalEINV2_Velocity_seed2026/out_train/ein_seld/C1_CausalEINV2_Velocity_seed2028/checkpoints/rabbit02_gpu2_c1_seed2028_epoch_81.pth,/work/zhanghc/Myllm/SELD/EINV2/C1_CausalEINV2_Velocity_seed2026/out_infer/ein_seld/Completion_20260904_C1_CausalEINV2_Velocity_seed2028_evaluation/submissions,dcase2020_web_lr,0.6652757757378044,0.5622409505388227,12.870967515396012,,,0.6917532812381458,0.3706967297615923
EINV2,causal,C1,0.2,2028,evaluation,/work/zhanghc/Myllm/SELD/experiment_completion_20260904/configs/Completion_20260904_C1_CausalEINV2_Velocity_seed2028_evaluation.yaml,/work/zhanghc/Myllm/SELD/EINV2/C1_CausalEINV2_Velocity_seed2026/out_train/ein_seld/C1_CausalEINV2_Velocity_seed2028/checkpoints/rabbit02_gpu2_c1_seed2028_epoch_81.pth,/work/zhanghc/Myllm/SELD/EINV2/C1_CausalEINV2_Velocity_seed2026/out_infer/ein_seld/Completion_20260904_C1_CausalEINV2_Velocity_seed2028_evaluation/submissions,dcase2023_micro,0.7143176234085326,0.5506137520375237,12.827262904762788,,,0.6864098567505381,0.3871391465783993
EINV2,causal,C1,0.2,2028,evaluation,/work/zhanghc/Myllm/SELD/experiment_completion_20260904/configs/Completion_20260904_C1_CausalEINV2_Velocity_seed2028_evaluation.yaml,/work/zhanghc/Myllm/SELD/EINV2/C1_CausalEINV2_Velocity_seed2026/out_train/ein_seld/C1_CausalEINV2_Velocity_seed2028/checkpoints/rabbit02_gpu2_c1_seed2028_epoch_81.pth,/work/zhanghc/Myllm/SELD/EINV2/C1_CausalEINV2_Velocity_seed2026/out_infer/ein_seld/Completion_20260904_C1_CausalEINV2_Velocity_seed2028_evaluation/submissions,dcase2023_macro,0.7143176234085326,0.5493912579917951,11.791628433062632,,,0.6578944238061978,0.3931352471152219
EINV2,causal,C2,0.2,2028,evaluation,/work/zhanghc/Myllm/SELD/experiment_completion_20260904/configs/Completion_20260904_C2_CausalEINV2_JEPA_seed2028_evaluation.yaml,/work/zhanghc/Myllm/SELD/EINV2/C2_CausalEINV2_JEPA_seed2026/out_train/ein_seld/C2_CausalEINV2_JEPA_seed2028/checkpoints/rabbit02_gpu4_c2_seed2028_epoch_42.pth,/work/zhanghc/Myllm/SELD/EINV2/C2_CausalEINV2_JEPA_seed2026/out_infer/ein_seld/Completion_20260904_C2_CausalEINV2_JEPA_seed2028_evaluation/submissions,dcase2020_source,0.5915332675821258,0.5650315935571056,15.032184162931355,0.6674458526607984,0.36064198890068233,,
EINV2,causal,C2,0.2,2028,evaluation,/work/zhanghc/Myllm/SELD/experiment_completion_20260904/configs/Completion_20260904_C2_CausalEINV2_JEPA_seed2028_evaluation.yaml,/work/zhanghc/Myllm/SELD/EINV2/C2_CausalEINV2_JEPA_seed2026/out_train/ein_seld/C2_CausalEINV2_JEPA_seed2028/checkpoints/rabbit02_gpu4_c2_seed2028_epoch_42.pth,/work/zhanghc/Myllm/SELD/EINV2/C2_CausalEINV2_JEPA_seed2026/out_infer/ein_seld/Completion_20260904_C2_CausalEINV2_JEPA_seed2028_evaluation/submissions,dcase2020_web_lr,0.5915332675821258,0.5650315935571056,15.032184162931355,,,0.6931947500189667,0.35420476456114025
EINV2,causal,C2,0.2,2028,evaluation,/work/zhanghc/Myllm/SELD/experiment_completion_20260904/configs/Completion_20260904_C2_CausalEINV2_JEPA_seed2028_evaluation.yaml,/work/zhanghc/Myllm/SELD/EINV2/C2_CausalEINV2_JEPA_seed2026/out_train/ein_seld/C2_CausalEINV2_JEPA_seed2028/checkpoints/rabbit02_gpu4_c2_seed2028_epoch_42.pth,/work/zhanghc/Myllm/SELD/EINV2/C2_CausalEINV2_JEPA_seed2026/out_infer/ein_seld/Completion_20260904_C2_CausalEINV2_JEPA_seed2028_evaluation/submissions,dcase2023_micro,0.6409053681780954,0.5520628683693517,14.963441957988907,,,0.6881776325560671,0.37094877508815377
EINV2,causal,C2,0.2,2028,evaluation,/work/zhanghc/Myllm/SELD/experiment_completion_20260904/configs/Completion_20260904_C2_CausalEINV2_JEPA_seed2028_evaluation.yaml,/work/zhanghc/Myllm/SELD/EINV2/C2_CausalEINV2_JEPA_seed2026/out_train/ein_seld/C2_CausalEINV2_JEPA_seed2028/checkpoints/rabbit02_gpu4_c2_seed2028_epoch_42.pth,/work/zhanghc/Myllm/SELD/EINV2/C2_CausalEINV2_JEPA_seed2026/out_infer/ein_seld/Completion_20260904_C2_CausalEINV2_JEPA_seed2028_evaluation/submissions,dcase2023_macro,0.6409053681780954,0.5489210356159828,13.842687183112707,,,0.6659488211155817,0.37573483228262267
Multi-ACCDOA,causal,C1_lambda005,0.05,2028,evaluation,/work/zhanghc/Myllm/SELD/DynamicCausalMultiACCDOA_TAU2020/runs/manifests/40_promoted_v2_C1_lambda005_seed2028_eval_split0_multiaccdoa_foa.json#params,/work/zhanghc/Myllm/SELD/DynamicCausalMultiACCDOA_TAU2020/runs/models/40_promoted_v2_C1_lambda005_seed2028_eval_split0_multiaccdoa_foa_model.h5,/work/zhanghc/Myllm/SELD/DynamicCausalMultiACCDOA_TAU2020/runs/analysis/threshold_predictions/Completion_20260904_promoted_v2_C1_lambda005_seed2028_evaluation_seed2028_evaluation_t050,dcase2020_source,0.6151278355208254,0.4902527369663423,15.12227646956862,0.6081966545928126,0.4001727727537074,,
Multi-ACCDOA,causal,C1_lambda005,0.05,2028,evaluation,/work/zhanghc/Myllm/SELD/DynamicCausalMultiACCDOA_TAU2020/runs/manifests/40_promoted_v2_C1_lambda005_seed2028_eval_split0_multiaccdoa_foa.json#params,/work/zhanghc/Myllm/SELD/DynamicCausalMultiACCDOA_TAU2020/runs/models/40_promoted_v2_C1_lambda005_seed2028_eval_split0_multiaccdoa_foa_model.h5,/work/zhanghc/Myllm/SELD/DynamicCausalMultiACCDOA_TAU2020/runs/analysis/threshold_predictions/Completion_20260904_promoted_v2_C1_lambda005_seed2028_evaluation_seed2028_evaluation_t050,dcase2020_web_lr,0.6151278355208254,0.4902527369663423,15.12227646956862,,,0.566876564752295,0.4105027952138368
Multi-ACCDOA,causal,C1_lambda005,0.05,2028,evaluation,/work/zhanghc/Myllm/SELD/DynamicCausalMultiACCDOA_TAU2020/runs/manifests/40_promoted_v2_C1_lambda005_seed2028_eval_split0_multiaccdoa_foa.json#params,/work/zhanghc/Myllm/SELD/DynamicCausalMultiACCDOA_TAU2020/runs/models/40_promoted_v2_C1_lambda005_seed2028_eval_split0_multiaccdoa_foa_model.h5,/work/zhanghc/Myllm/SELD/DynamicCausalMultiACCDOA_TAU2020/runs/analysis/threshold_predictions/Completion_20260904_promoted_v2_C1_lambda005_seed2028_evaluation_seed2028_evaluation_t050,dcase2023_micro,0.606507333780061,0.48577733199598794,15.197679036797952,,,0.5582981246757097,0.4117158568281991
Multi-ACCDOA,causal,C1_lambda005,0.05,2028,evaluation,/work/zhanghc/Myllm/SELD/DynamicCausalMultiACCDOA_TAU2020/runs/manifests/40_promoted_v2_C1_lambda005_seed2028_eval_split0_multiaccdoa_foa.json#params,/work/zhanghc/Myllm/SELD/DynamicCausalMultiACCDOA_TAU2020/runs/models/40_promoted_v2_C1_lambda005_seed2028_eval_split0_multiaccdoa_foa_model.h5,/work/zhanghc/Myllm/SELD/DynamicCausalMultiACCDOA_TAU2020/runs/analysis/threshold_predictions/Completion_20260904_promoted_v2_C1_lambda005_seed2028_evaluation_seed2028_evaluation_t050,dcase2023_macro,0.606507333780061,0.40895783250087414,26.340815700452872,,,0.47604070564761036,0.46696166515852316
Multi-ACCDOA,causal,C2_lambda005,0.05,2028,evaluation,/work/zhanghc/Myllm/SELD/DynamicCausalMultiACCDOA_TAU2020/runs/manifests/41_promoted_v2_C2_lambda005_seed2028_eval_split0_multiaccdoa_foa.json#params,/work/zhanghc/Myllm/SELD/DynamicCausalMultiACCDOA_TAU2020/runs/models/41_promoted_v2_C2_lambda005_seed2028_eval_split0_multiaccdoa_foa_model.h5,/work/zhanghc/Myllm/SELD/DynamicCausalMultiACCDOA_TAU2020/runs/analysis/threshold_predictions/Completion_20260904_promoted_v2_C2_lambda005_seed2028_evaluation_seed2028_evaluation_t050,dcase2020_source,0.6215006448676125,0.49047257619941664,14.734573396359526,0.5981704150521311,0.4036790986767377,,
Multi-ACCDOA,causal,C2_lambda005,0.05,2028,evaluation,/work/zhanghc/Myllm/SELD/DynamicCausalMultiACCDOA_TAU2020/runs/manifests/41_promoted_v2_C2_lambda005_seed2028_eval_split0_multiaccdoa_foa.json#params,/work/zhanghc/Myllm/SELD/DynamicCausalMultiACCDOA_TAU2020/runs/models/41_promoted_v2_C2_lambda005_seed2028_eval_split0_multiaccdoa_foa_model.h5,/work/zhanghc/Myllm/SELD/DynamicCausalMultiACCDOA_TAU2020/runs/analysis/threshold_predictions/Completion_20260904_promoted_v2_C2_lambda005_seed2028_evaluation_seed2028_evaluation_t050,dcase2020_web_lr,0.6215006448676125,0.49047257619941664,14.734573396359526,,,0.568014566421364,0.41121806083442947
Multi-ACCDOA,causal,C2_lambda005,0.05,2028,evaluation,/work/zhanghc/Myllm/SELD/DynamicCausalMultiACCDOA_TAU2020/runs/manifests/41_promoted_v2_C2_lambda005_seed2028_eval_split0_multiaccdoa_foa.json#params,/work/zhanghc/Myllm/SELD/DynamicCausalMultiACCDOA_TAU2020/runs/models/41_promoted_v2_C2_lambda005_seed2028_eval_split0_multiaccdoa_foa_model.h5,/work/zhanghc/Myllm/SELD/DynamicCausalMultiACCDOA_TAU2020/runs/analysis/threshold_predictions/Completion_20260904_promoted_v2_C2_lambda005_seed2028_evaluation_seed2028_evaluation_t050,dcase2023_micro,0.6218449854813491,0.48632027122920446,14.816300325904669,,,0.5591158581812787,0.41468040891480634
Multi-ACCDOA,causal,C2_lambda005,0.05,2028,evaluation,/work/zhanghc/Myllm/SELD/DynamicCausalMultiACCDOA_TAU2020/runs/manifests/41_promoted_v2_C2_lambda005_seed2028_eval_split0_multiaccdoa_foa.json#params,/work/zhanghc/Myllm/SELD/DynamicCausalMultiACCDOA_TAU2020/runs/models/41_promoted_v2_C2_lambda005_seed2028_eval_split0_multiaccdoa_foa_model.h5,/work/zhanghc/Myllm/SELD/DynamicCausalMultiACCDOA_TAU2020/runs/analysis/threshold_predictions/Completion_20260904_promoted_v2_C2_lambda005_seed2028_evaluation_seed2028_evaluation_t050,dcase2023_macro,0.6218449854813491,0.4134318751274673,37.94998019158948,,,0.47447694399728085,0.4861923474108023
EINV2,causal,C3,0.2,2028,evaluation,/work/zhanghc/Myllm/SELD/experiment_completion_20260904/configs/Completion_20260904_C3_CausalEINV2_Velocity_JEPA_seed2028_evaluation.yaml,/work/zhanghc/Myllm/SELD/EINV2/C3_CausalEINV2_Velocity_JEPA_seed2026/out_train/ein_seld/C3_CausalEINV2_Velocity_JEPA_seed2028/checkpoints/rabbit02_gpu3_c3_seed2028_epoch_60.pth,/work/zhanghc/Myllm/SELD/EINV2/C3_CausalEINV2_Velocity_JEPA_seed2026/out_infer/ein_seld/Completion_20260904_C3_CausalEINV2_Velocity_JEPA_seed2028_evaluation/submissions,dcase2020_source,0.601471815491996,0.5800949220283338,13.35145919814811,0.6559611747493129,0.3598976230093486,,
EINV2,causal,C3,0.2,2028,evaluation,/work/zhanghc/Myllm/SELD/experiment_completion_20260904/configs/Completion_20260904_C3_CausalEINV2_Velocity_JEPA_seed2028_evaluation.yaml,/work/zhanghc/Myllm/SELD/EINV2/C3_CausalEINV2_Velocity_JEPA_seed2026/out_train/ein_seld/C3_CausalEINV2_Velocity_JEPA_seed2028/checkpoints/rabbit02_gpu3_c3_seed2028_epoch_60.pth,/work/zhanghc/Myllm/SELD/EINV2/C3_CausalEINV2_Velocity_JEPA_seed2026/out_infer/ein_seld/Completion_20260904_C3_CausalEINV2_Velocity_JEPA_seed2028_evaluation/submissions,dcase2020_web_lr,0.601471815491996,0.5800949220283338,13.35145919814811,,,0.6972915560276155,0.34956502768977293
EINV2,causal,C3,0.2,2028,evaluation,/work/zhanghc/Myllm/SELD/experiment_completion_20260904/configs/Completion_20260904_C3_CausalEINV2_Velocity_JEPA_seed2028_evaluation.yaml,/work/zhanghc/Myllm/SELD/EINV2/C3_CausalEINV2_Velocity_JEPA_seed2026/out_train/ein_seld/C3_CausalEINV2_Velocity_JEPA_seed2028/checkpoints/rabbit02_gpu3_c3_seed2028_epoch_60.pth,/work/zhanghc/Myllm/SELD/EINV2/C3_CausalEINV2_Velocity_JEPA_seed2026/out_infer/ein_seld/Completion_20260904_C3_CausalEINV2_Velocity_JEPA_seed2028_evaluation/submissions,dcase2023_micro,0.6494676494676495,0.5660455201815306,13.318521909270887,,,0.6902359400504526,0.3667944944051261
EINV2,causal,C3,0.2,2028,evaluation,/work/zhanghc/Myllm/SELD/experiment_completion_20260904/configs/Completion_20260904_C3_CausalEINV2_Velocity_JEPA_seed2028_evaluation.yaml,/work/zhanghc/Myllm/SELD/EINV2/C3_CausalEINV2_Velocity_JEPA_seed2026/out_train/ein_seld/C3_CausalEINV2_Velocity_JEPA_seed2028/checkpoints/rabbit02_gpu3_c3_seed2028_epoch_60.pth,/work/zhanghc/Myllm/SELD/EINV2/C3_CausalEINV2_Velocity_JEPA_seed2026/out_infer/ein_seld/Completion_20260904_C3_CausalEINV2_Velocity_JEPA_seed2028_evaluation/submissions,dcase2023_macro,0.6494676494676495,0.5659107918410989,12.470066730270592,,,0.672049726951946,0.37019631979402684
Multi-ACCDOA,causal,C3_lambda005,0.05,2028,evaluation,/work/zhanghc/Myllm/SELD/DynamicCausalMultiACCDOA_TAU2020/runs/manifests/42_supplemental_v2_C3_lambda005_seed2028_eval_split0_multiaccdoa_foa.json#params,/work/zhanghc/Myllm/SELD/DynamicCausalMultiACCDOA_TAU2020/runs/models/42_supplemental_v2_C3_lambda005_seed2028_eval_split0_multiaccdoa_foa_model.h5,/work/zhanghc/Myllm/SELD/DynamicCausalMultiACCDOA_TAU2020/runs/analysis/threshold_predictions/Completion_20260904_supplemental_v2_C3_lambda005_seed2028_evaluation_seed2028_evaluation_t050,dcase2020_source,0.6190729079735984,0.4856401170217148,14.322214519111807,0.5862623099427252,0.4066845848621671,,
Multi-ACCDOA,causal,C3_lambda005,0.05,2028,evaluation,/work/zhanghc/Myllm/SELD/DynamicCausalMultiACCDOA_TAU2020/runs/manifests/42_supplemental_v2_C3_lambda005_seed2028_eval_split0_multiaccdoa_foa.json#params,/work/zhanghc/Myllm/SELD/DynamicCausalMultiACCDOA_TAU2020/runs/models/42_supplemental_v2_C3_lambda005_seed2028_eval_split0_multiaccdoa_foa_model.h5,/work/zhanghc/Myllm/SELD/DynamicCausalMultiACCDOA_TAU2020/runs/analysis/threshold_predictions/Completion_20260904_supplemental_v2_C3_lambda005_seed2028_evaluation_seed2028_evaluation_t050,dcase2020_web_lr,0.6190729079735984,0.4856401170217148,14.322214519111807,,,0.5397162582505121,0.4183210977852204
Multi-ACCDOA,causal,C3_lambda005,0.05,2028,evaluation,/work/zhanghc/Myllm/SELD/DynamicCausalMultiACCDOA_TAU2020/runs/manifests/42_supplemental_v2_C3_lambda005_seed2028_eval_split0_multiaccdoa_foa.json#params,/work/zhanghc/Myllm/SELD/DynamicCausalMultiACCDOA_TAU2020/runs/models/42_supplemental_v2_C3_lambda005_seed2028_eval_split0_multiaccdoa_foa_model.h5,/work/zhanghc/Myllm/SELD/DynamicCausalMultiACCDOA_TAU2020/runs/analysis/threshold_predictions/Completion_20260904_supplemental_v2_C3_lambda005_seed2028_evaluation_seed2028_evaluation_t050,dcase2023_micro,0.6158141612687067,0.48185033128734606,14.385304294907527,,,0.531379821958457,0.4206255913042086
Multi-ACCDOA,causal,C3_lambda005,0.05,2028,evaluation,/work/zhanghc/Myllm/SELD/DynamicCausalMultiACCDOA_TAU2020/runs/manifests/42_supplemental_v2_C3_lambda005_seed2028_eval_split0_multiaccdoa_foa.json#params,/work/zhanghc/Myllm/SELD/DynamicCausalMultiACCDOA_TAU2020/runs/models/42_supplemental_v2_C3_lambda005_seed2028_eval_split0_multiaccdoa_foa_model.h5,/work/zhanghc/Myllm/SELD/DynamicCausalMultiACCDOA_TAU2020/runs/analysis/threshold_predictions/Completion_20260904_supplemental_v2_C3_lambda005_seed2028_evaluation_seed2028_evaluation_t050,dcase2023_macro,0.6158141612687067,0.39524686457981056,37.640821217529535,,,0.4463779347459492,0.4958262588434166
EINV2,noncausal,E0,0,2028,evaluation,/work/zhanghc/Myllm/SELD/experiment_completion_20260904/configs/Completion_20260904_E0_OfflineEINV2_seed2028_evaluation.yaml,/work/zhanghc/Myllm/SELD/EINV2/C0p1_CausalEINV2_fix_seed2026/out_train/ein_seld/E0_OfflineEINV2_seed2028/checkpoints/completion_20260904_E0_seed2028_epoch_90.pth,/work/zhanghc/Myllm/SELD/EINV2/C0p1_CausalEINV2_fix_seed2026/out_infer/ein_seld/Completion_20260904_E0_OfflineEINV2_seed2028_evaluation/submissions,dcase2020_source,0.35020104696153553,0.7372358476014189,10.279316798851491,0.8037945395650161,0.21656949383606885,,
EINV2,noncausal,E0,0,2028,evaluation,/work/zhanghc/Myllm/SELD/experiment_completion_20260904/configs/Completion_20260904_E0_OfflineEINV2_seed2028_evaluation.yaml,/work/zhanghc/Myllm/SELD/EINV2/C0p1_CausalEINV2_fix_seed2026/out_train/ein_seld/E0_OfflineEINV2_seed2028/checkpoints/completion_20260904_E0_seed2028_epoch_90.pth,/work/zhanghc/Myllm/SELD/EINV2/C0p1_CausalEINV2_fix_seed2026/out_infer/ein_seld/Completion_20260904_E0_OfflineEINV2_seed2028_evaluation/submissions,dcase2020_web_lr,0.35020104696153553,0.7372358476014189,10.279316798851491,,,0.7906835596692209,0.21984723881001766
EINV2,noncausal,E0,0,2028,evaluation,/work/zhanghc/Myllm/SELD/experiment_completion_20260904/configs/Completion_20260904_E0_OfflineEINV2_seed2028_evaluation.yaml,/work/zhanghc/Myllm/SELD/EINV2/C0p1_CausalEINV2_fix_seed2026/out_train/ein_seld/E0_OfflineEINV2_seed2028/checkpoints/completion_20260904_E0_seed2028_epoch_90.pth,/work/zhanghc/Myllm/SELD/EINV2/C0p1_CausalEINV2_fix_seed2026/out_infer/ein_seld/Completion_20260904_E0_OfflineEINV2_seed2028_evaluation/submissions,dcase2023_micro,0.38120765393492667,0.7222987307849779,10.219862605577466,,,0.7845742706554821,0.23277791674247425
EINV2,noncausal,E0,0,2028,evaluation,/work/zhanghc/Myllm/SELD/experiment_completion_20260904/configs/Completion_20260904_E0_OfflineEINV2_seed2028_evaluation.yaml,/work/zhanghc/Myllm/SELD/EINV2/C0p1_CausalEINV2_fix_seed2026/out_train/ein_seld/E0_OfflineEINV2_seed2028/checkpoints/completion_20260904_E0_seed2028_epoch_90.pth,/work/zhanghc/Myllm/SELD/EINV2/C0p1_CausalEINV2_fix_seed2026/out_infer/ein_seld/Completion_20260904_E0_OfflineEINV2_seed2028_evaluation/submissions,dcase2023_macro,0.38120765393492667,0.7347576116505172,9.569171060982516,,,0.78419906266918,0.228853260266283
EINV2,noncausal,E1,0.2,2028,evaluation,/work/zhanghc/Myllm/SELD/experiment_completion_20260904/configs/Completion_20260904_E1_OfflineEINV2_Velocity_seed2028_evaluation.yaml,/work/zhanghc/Myllm/SELD/EINV2/E1_OfflineEINV2_Velocity_seed2026/out_train/ein_seld/E1_OfflineEINV2_Velocity_seed2028/checkpoints/completion_20260904_E1_seed2028_epoch_83.pth,/work/zhanghc/Myllm/SELD/EINV2/E1_OfflineEINV2_Velocity_seed2026/out_infer/ein_seld/Completion_20260904_E1_OfflineEINV2_Velocity_seed2028_evaluation/submissions,dcase2020_source,0.3273651468022153,0.7526285384170999,9.876871377858567,0.8169458886963219,0.20316555683589083,,
EINV2,noncausal,E1,0.2,2028,evaluation,/work/zhanghc/Myllm/SELD/experiment_completion_20260904/configs/Completion_20260904_E1_OfflineEINV2_Velocity_seed2028_evaluation.yaml,/work/zhanghc/Myllm/SELD/EINV2/E1_OfflineEINV2_Velocity_seed2026/out_train/ein_seld/E1_OfflineEINV2_Velocity_seed2028/checkpoints/completion_20260904_E1_seed2028_epoch_83.pth,/work/zhanghc/Myllm/SELD/EINV2/E1_OfflineEINV2_Velocity_seed2026/out_infer/ein_seld/Completion_20260904_E1_OfflineEINV2_Velocity_seed2028_evaluation/submissions,dcase2020_web_lr,0.3273651468022153,0.7526285384170999,9.876871377858567,,,0.804643046809802,0.2062412673075208
EINV2,noncausal,E1,0.2,2028,evaluation,/work/zhanghc/Myllm/SELD/experiment_completion_20260904/configs/Completion_20260904_E1_OfflineEINV2_Velocity_seed2028_evaluation.yaml,/work/zhanghc/Myllm/SELD/EINV2/E1_OfflineEINV2_Velocity_seed2026/out_train/ein_seld/E1_OfflineEINV2_Velocity_seed2028/checkpoints/completion_20260904_E1_seed2028_epoch_83.pth,/work/zhanghc/Myllm/SELD/EINV2/E1_OfflineEINV2_Velocity_seed2026/out_infer/ein_seld/Completion_20260904_E1_OfflineEINV2_Velocity_seed2028_evaluation/submissions,dcase2023_micro,0.3619239073784528,0.7372251931075461,9.837159775262553,,,0.7986492504081936,0.22017508787576517
EINV2,noncausal,E1,0.2,2028,evaluation,/work/zhanghc/Myllm/SELD/experiment_completion_20260904/configs/Completion_20260904_E1_OfflineEINV2_Velocity_seed2028_evaluation.yaml,/work/zhanghc/Myllm/SELD/EINV2/E1_OfflineEINV2_Velocity_seed2026/out_train/ein_seld/E1_OfflineEINV2_Velocity_seed2028/checkpoints/completion_20260904_E1_seed2028_epoch_83.pth,/work/zhanghc/Myllm/SELD/EINV2/E1_OfflineEINV2_Velocity_seed2026/out_infer/ein_seld/Completion_20260904_E1_OfflineEINV2_Velocity_seed2028_evaluation/submissions,dcase2023_macro,0.3619239073784528,0.7504273474540748,9.163713742710124,,,0.7928284892103908,0.21739439787670525
EINV2,noncausal,E2,0.2,2028,evaluation,/work/zhanghc/Myllm/SELD/experiment_completion_20260904/configs/Completion_20260904_E2_OfflineEINV2_JEPAConsistency_seed2028_evaluation.yaml,/work/zhanghc/Myllm/SELD/EINV2/E2_OfflineEINV2_JEPAConsistency_seed2026/out_train/ein_seld/E2_OfflineEINV2_JEPAConsistency_seed2028/checkpoints/completion_20260904_E2_seed2028_epoch_85.pth,/work/zhanghc/Myllm/SELD/EINV2/E2_OfflineEINV2_JEPAConsistency_seed2026/out_infer/ein_seld/Completion_20260904_E2_OfflineEINV2_JEPAConsistency_seed2028_evaluation/submissions,dcase2020_source,0.36522266899324785,0.7116259182959536,13.107497074186497,0.8168849846464802,0.22738279856018476,,
EINV2,noncausal,E2,0.2,2028,evaluation,/work/zhanghc/Myllm/SELD/experiment_completion_20260904/configs/Completion_20260904_E2_OfflineEINV2_JEPAConsistency_seed2028_evaluation.yaml,/work/zhanghc/Myllm/SELD/EINV2/E2_OfflineEINV2_JEPAConsistency_seed2026/out_train/ein_seld/E2_OfflineEINV2_JEPAConsistency_seed2028/checkpoints/completion_20260904_E2_seed2028_epoch_85.pth,/work/zhanghc/Myllm/SELD/EINV2/E2_OfflineEINV2_JEPAConsistency_seed2026/out_infer/ein_seld/Completion_20260904_E2_OfflineEINV2_JEPAConsistency_seed2028_evaluation/submissions,dcase2020_web_lr,0.36522266899324785,0.7116259182959536,13.107497074186497,,,0.7972081025718838,0.23230201907883385
EINV2,noncausal,E2,0.2,2028,evaluation,/work/zhanghc/Myllm/SELD/experiment_completion_20260904/configs/Completion_20260904_E2_OfflineEINV2_JEPAConsistency_seed2028_evaluation.yaml,/work/zhanghc/Myllm/SELD/EINV2/E2_OfflineEINV2_JEPAConsistency_seed2026/out_train/ein_seld/E2_OfflineEINV2_JEPAConsistency_seed2028/checkpoints/completion_20260904_E2_seed2028_epoch_85.pth,/work/zhanghc/Myllm/SELD/EINV2/E2_OfflineEINV2_JEPAConsistency_seed2026/out_infer/ein_seld/Completion_20260904_E2_OfflineEINV2_JEPAConsistency_seed2028_evaluation/submissions,dcase2023_micro,0.39863003499367133,0.6941634824305087,13.097819448354686,,,0.7878585723815877,0.24734341094588633
EINV2,noncausal,E2,0.2,2028,evaluation,/work/zhanghc/Myllm/SELD/experiment_completion_20260904/configs/Completion_20260904_E2_OfflineEINV2_JEPAConsistency_seed2028_evaluation.yaml,/work/zhanghc/Myllm/SELD/EINV2/E2_OfflineEINV2_JEPAConsistency_seed2026/out_train/ein_seld/E2_OfflineEINV2_JEPAConsistency_seed2028/checkpoints/completion_20260904_E2_seed2028_epoch_85.pth,/work/zhanghc/Myllm/SELD/EINV2/E2_OfflineEINV2_JEPAConsistency_seed2026/out_infer/ein_seld/Completion_20260904_E2_OfflineEINV2_JEPAConsistency_seed2028_evaluation/submissions,dcase2023_macro,0.39863003499367133,0.7106787611140819,12.211266058911775,,,0.7869102027801385,0.24222035952335128
Multi-ACCDOA,noncausal,A0,0,2028,validation,/work/zhanghc/Myllm/SELD/DynamicCausalMultiACCDOA_TAU2020/runs/manifests/32_paper_v1_A0_seed2028_eval_split0_multiaccdoa_foa.json#params,/work/zhanghc/Myllm/SELD/DynamicCausalMultiACCDOA_TAU2020/runs/models/32_paper_v1_A0_seed2028_eval_split0_multiaccdoa_foa_model.h5,/work/zhanghc/Myllm/SELD/DynamicCausalMultiACCDOA_TAU2020/runs/analysis/threshold_predictions/Completion_20260904_paper_v1_A0_seed2028_validation_seed2028_validation_t050,dcase2020_source,0.5692986459759622,0.5167252801177721,15.009003212399545,0.6510182383250184,0.3712346196782923,,
Multi-ACCDOA,noncausal,A0,0,2028,validation,/work/zhanghc/Myllm/SELD/DynamicCausalMultiACCDOA_TAU2020/runs/manifests/32_paper_v1_A0_seed2028_eval_split0_multiaccdoa_foa.json#params,/work/zhanghc/Myllm/SELD/DynamicCausalMultiACCDOA_TAU2020/runs/models/32_paper_v1_A0_seed2028_eval_split0_multiaccdoa_foa_model.h5,/work/zhanghc/Myllm/SELD/DynamicCausalMultiACCDOA_TAU2020/runs/analysis/threshold_predictions/Completion_20260904_paper_v1_A0_seed2028_validation_seed2028_validation_t050,dcase2020_web_lr,0.5692986459759622,0.5167252801177721,15.009003212399545,,,0.605507378670318,0.3826123345919674
Multi-ACCDOA,noncausal,A0,0,2028,validation,/work/zhanghc/Myllm/SELD/DynamicCausalMultiACCDOA_TAU2020/runs/manifests/32_paper_v1_A0_seed2028_eval_split0_multiaccdoa_foa.json#params,/work/zhanghc/Myllm/SELD/DynamicCausalMultiACCDOA_TAU2020/runs/models/32_paper_v1_A0_seed2028_eval_split0_multiaccdoa_foa_model.h5,/work/zhanghc/Myllm/SELD/DynamicCausalMultiACCDOA_TAU2020/runs/analysis/threshold_predictions/Completion_20260904_paper_v1_A0_seed2028_validation_seed2028_validation_t050,dcase2023_micro,0.5606151089877576,0.5127998061859,15.047335648173217,,,0.5952948183442526,0.3840291984035307
Multi-ACCDOA,noncausal,A0,0,2028,validation,/work/zhanghc/Myllm/SELD/DynamicCausalMultiACCDOA_TAU2020/runs/manifests/32_paper_v1_A0_seed2028_eval_split0_multiaccdoa_foa.json#params,/work/zhanghc/Myllm/SELD/DynamicCausalMultiACCDOA_TAU2020/runs/models/32_paper_v1_A0_seed2028_eval_split0_multiaccdoa_foa_model.h5,/work/zhanghc/Myllm/SELD/DynamicCausalMultiACCDOA_TAU2020/runs/analysis/threshold_predictions/Completion_20260904_paper_v1_A0_seed2028_validation_seed2028_validation_t050,dcase2023_macro,0.5606151089877576,0.47265631336633473,15.256645573195721,,,0.5522864282404437,0.4051078773635721
EINV2,noncausal,E3,0.2,2028,evaluation,/work/zhanghc/Myllm/SELD/experiment_completion_20260904/configs/Completion_20260904_E3_OfflineEINV2_Velocity_JEPAConsistency_seed2028_evaluation.yaml,/work/zhanghc/Myllm/SELD/EINV2/E3_OfflineEINV2_Velocity_JEPAConsistency_seed2026/out_train/ein_seld/E3_OfflineEINV2_Velocity_JEPAConsistency_seed2028/checkpoints/completion_20260904_E3_seed2028_epoch_85.pth,/work/zhanghc/Myllm/SELD/EINV2/E3_OfflineEINV2_Velocity_JEPAConsistency_seed2026/out_infer/ein_seld/Completion_20260904_E3_OfflineEINV2_Velocity_JEPAConsistency_seed2028_evaluation/submissions,dcase2020_source,0.37409908201198694,0.7032175630154488,13.178565838551881,0.807759321640144,0.23408411300375392,,
EINV2,noncausal,E3,0.2,2028,evaluation,/work/zhanghc/Myllm/SELD/experiment_completion_20260904/configs/Completion_20260904_E3_OfflineEINV2_Velocity_JEPAConsistency_seed2028_evaluation.yaml,/work/zhanghc/Myllm/SELD/EINV2/E3_OfflineEINV2_Velocity_JEPAConsistency_seed2026/out_train/ein_seld/E3_OfflineEINV2_Velocity_JEPAConsistency_seed2028/checkpoints/completion_20260904_E3_seed2028_epoch_85.pth,/work/zhanghc/Myllm/SELD/EINV2/E3_OfflineEINV2_Velocity_JEPAConsistency_seed2026/out_infer/ein_seld/Completion_20260904_E3_OfflineEINV2_Velocity_JEPAConsistency_seed2028_evaluation/submissions,dcase2020_web_lr,0.37409908201198694,0.7032175630154488,13.178565838551881,,,0.7913663606706623,0.23818235324612433
EINV2,noncausal,E3,0.2,2028,evaluation,/work/zhanghc/Myllm/SELD/experiment_completion_20260904/configs/Completion_20260904_E3_OfflineEINV2_Velocity_JEPAConsistency_seed2028_evaluation.yaml,/work/zhanghc/Myllm/SELD/EINV2/E3_OfflineEINV2_Velocity_JEPAConsistency_seed2026/out_train/ein_seld/E3_OfflineEINV2_Velocity_JEPAConsistency_seed2028/checkpoints/completion_20260904_E3_seed2028_epoch_85.pth,/work/zhanghc/Myllm/SELD/EINV2/E3_OfflineEINV2_Velocity_JEPAConsistency_seed2026/out_infer/ein_seld/Completion_20260904_E3_OfflineEINV2_Velocity_JEPAConsistency_seed2028_evaluation/submissions,dcase2023_micro,0.410617228799047,0.6879276180506225,13.152559405863107,,,0.7823028507960015,0.25336413360736004
EINV2,noncausal,E3,0.2,2028,evaluation,/work/zhanghc/Myllm/SELD/experiment_completion_20260904/configs/Completion_20260904_E3_OfflineEINV2_Velocity_JEPAConsistency_seed2028_evaluation.yaml,/work/zhanghc/Myllm/SELD/EINV2/E3_OfflineEINV2_Velocity_JEPAConsistency_seed2026/out_train/ein_seld/E3_OfflineEINV2_Velocity_JEPAConsistency_seed2028/checkpoints/completion_20260904_E3_seed2028_epoch_85.pth,/work/zhanghc/Myllm/SELD/EINV2/E3_OfflineEINV2_Velocity_JEPAConsistency_seed2026/out_infer/ein_seld/Completion_20260904_E3_OfflineEINV2_Velocity_JEPAConsistency_seed2028_evaluation/submissions,dcase2023_macro,0.410617228799047,0.7017739945131931,12.205185706681817,,,0.7798465049999898,0.24920082913630193
Multi-ACCDOA,noncausal,A3_lambda005,0.05,2028,validation,/work/zhanghc/Myllm/SELD/DynamicCausalMultiACCDOA_TAU2020/runs/manifests/52_supplemental_v2_A3_lambda005_seed2028_eval_split0_multiaccdoa_foa.json#params,/work/zhanghc/Myllm/SELD/DynamicCausalMultiACCDOA_TAU2020/runs/models/52_supplemental_v2_A3_lambda005_seed2028_eval_split0_multiaccdoa_foa_model.h5,/work/zhanghc/Myllm/SELD/DynamicCausalMultiACCDOA_TAU2020/runs/analysis/threshold_predictions/Completion_20260904_supplemental_v2_A3_lambda005_seed2028_validation_seed2028_validation_t050,dcase2020_source,0.5746234596074852,0.5204658901830282,14.708417394400458,0.6432612312811978,0.37315244202803766,,
Multi-ACCDOA,noncausal,A3_lambda005,0.05,2028,validation,/work/zhanghc/Myllm/SELD/DynamicCausalMultiACCDOA_TAU2020/runs/manifests/52_supplemental_v2_A3_lambda005_seed2028_eval_split0_multiaccdoa_foa.json#params,/work/zhanghc/Myllm/SELD/DynamicCausalMultiACCDOA_TAU2020/runs/models/52_supplemental_v2_A3_lambda005_seed2028_eval_split0_multiaccdoa_foa_model.h5,/work/zhanghc/Myllm/SELD/DynamicCausalMultiACCDOA_TAU2020/runs/analysis/threshold_predictions/Completion_20260904_supplemental_v2_A3_lambda005_seed2028_validation_seed2028_validation_t050,dcase2020_web_lr,0.5746234596074852,0.5204658901830282,14.708417394400458,,,0.5881636999847862,0.3869268248521406
Multi-ACCDOA,noncausal,A3_lambda005,0.05,2028,validation,/work/zhanghc/Myllm/SELD/DynamicCausalMultiACCDOA_TAU2020/runs/manifests/52_supplemental_v2_A3_lambda005_seed2028_eval_split0_multiaccdoa_foa.json#params,/work/zhanghc/Myllm/SELD/DynamicCausalMultiACCDOA_TAU2020/runs/models/52_supplemental_v2_A3_lambda005_seed2028_eval_split0_multiaccdoa_foa_model.h5,/work/zhanghc/Myllm/SELD/DynamicCausalMultiACCDOA_TAU2020/runs/analysis/threshold_predictions/Completion_20260904_supplemental_v2_A3_lambda005_seed2028_validation_seed2028_validation_t050,dcase2023_micro,0.5655419528217378,0.5158110882956879,14.71716929248099,,,0.5781948168007149,0.38832452483755736
Multi-ACCDOA,noncausal,A3_lambda005,0.05,2028,validation,/work/zhanghc/Myllm/SELD/DynamicCausalMultiACCDOA_TAU2020/runs/manifests/52_supplemental_v2_A3_lambda005_seed2028_eval_split0_multiaccdoa_foa.json#params,/work/zhanghc/Myllm/SELD/DynamicCausalMultiACCDOA_TAU2020/runs/models/52_supplemental_v2_A3_lambda005_seed2028_eval_split0_multiaccdoa_foa_model.h5,/work/zhanghc/Myllm/SELD/DynamicCausalMultiACCDOA_TAU2020/runs/analysis/threshold_predictions/Completion_20260904_supplemental_v2_A3_lambda005_seed2028_validation_seed2028_validation_t050,dcase2023_macro,0.5655419528217378,0.442708308407153,27.270554874836648,,,0.497004231681197,0.44433312384284235
Multi-ACCDOA,causal,C0,0,2028,validation,/work/zhanghc/Myllm/SELD/DynamicCausalMultiACCDOA_TAU2020/runs/manifests/35_paper_v1_C0_seed2028_eval_split0_multiaccdoa_foa.json#params,/work/zhanghc/Myllm/SELD/DynamicCausalMultiACCDOA_TAU2020/runs/models/35_paper_v1_C0_seed2028_eval_split0_multiaccdoa_foa_model.h5,/work/zhanghc/Myllm/SELD/DynamicCausalMultiACCDOA_TAU2020/runs/analysis/threshold_predictions/Completion_20260904_paper_v1_C0_seed2028_validation_seed2028_validation_t050,dcase2020_source,0.6366955727978092,0.472801302931596,15.33708645517089,0.5960912052117262,0.41325227512913687,,
Multi-ACCDOA,causal,C0,0,2028,validation,/work/zhanghc/Myllm/SELD/DynamicCausalMultiACCDOA_TAU2020/runs/manifests/35_paper_v1_C0_seed2028_eval_split0_multiaccdoa_foa.json#params,/work/zhanghc/Myllm/SELD/DynamicCausalMultiACCDOA_TAU2020/runs/models/35_paper_v1_C0_seed2028_eval_split0_multiaccdoa_foa_model.h5,/work/zhanghc/Myllm/SELD/DynamicCausalMultiACCDOA_TAU2020/runs/analysis/threshold_predictions/Completion_20260904_paper_v1_C0_seed2028_validation_seed2028_validation_t050,dcase2020_web_lr,0.6366955727978092,0.472801302931596,15.33708645517089,,,0.5568233683249658,0.423069234350827
Multi-ACCDOA,causal,C0,0,2028,validation,/work/zhanghc/Myllm/SELD/DynamicCausalMultiACCDOA_TAU2020/runs/manifests/35_paper_v1_C0_seed2028_eval_split0_multiaccdoa_foa.json#params,/work/zhanghc/Myllm/SELD/DynamicCausalMultiACCDOA_TAU2020/runs/models/35_paper_v1_C0_seed2028_eval_split0_multiaccdoa_foa_model.h5,/work/zhanghc/Myllm/SELD/DynamicCausalMultiACCDOA_TAU2020/runs/analysis/threshold_predictions/Completion_20260904_paper_v1_C0_seed2028_validation_seed2028_validation_t050,dcase2023_micro,0.6307853090474769,0.46859903381642515,15.33700057666614,,,0.5471079308288611,0.42507097579036174
Multi-ACCDOA,causal,C0,0,2028,validation,/work/zhanghc/Myllm/SELD/DynamicCausalMultiACCDOA_TAU2020/runs/manifests/35_paper_v1_C0_seed2028_eval_split0_multiaccdoa_foa.json#params,/work/zhanghc/Myllm/SELD/DynamicCausalMultiACCDOA_TAU2020/runs/models/35_paper_v1_C0_seed2028_eval_split0_multiaccdoa_foa_model.h5,/work/zhanghc/Myllm/SELD/DynamicCausalMultiACCDOA_TAU2020/runs/analysis/threshold_predictions/Completion_20260904_paper_v1_C0_seed2028_validation_seed2028_validation_t050,dcase2023_macro,0.6307853090474769,0.380946020097769,39.5603096334013,,,0.45887473216233626,0.5026860136876781
EINV2,causal,C0.1,0,2028,validation,/work/zhanghc/Myllm/SELD/experiment_completion_20260904/configs/Completion_20260904_EINV2_C0_bestfix_seed2028_validation.yaml,/work/zhanghc/Myllm/SELD/EINV2/C0p1_CausalEINV2_fix_seed2026/out_train/ein_seld/EINV2_C0_bestfix_seed2028/checkpoints/rabbit02_gpu3_bestfix_seed2028_epoch_45.pth,/work/zhanghc/Myllm/SELD/EINV2/C0p1_CausalEINV2_fix_seed2026/out_infer/ein_seld/Completion_20260904_EINV2_C0_bestfix_seed2028_validation/submissions,dcase2020_source,0.5770576601247528,0.5573867854491461,15.34940535263028,0.6775055679287304,0.3568599452320389,,
EINV2,causal,C0.1,0,2028,validation,/work/zhanghc/Myllm/SELD/experiment_completion_20260904/configs/Completion_20260904_EINV2_C0_bestfix_seed2028_validation.yaml,/work/zhanghc/Myllm/SELD/EINV2/C0p1_CausalEINV2_fix_seed2026/out_train/ein_seld/EINV2_C0_bestfix_seed2028/checkpoints/rabbit02_gpu3_bestfix_seed2028_epoch_45.pth,/work/zhanghc/Myllm/SELD/EINV2/C0p1_CausalEINV2_fix_seed2026/out_infer/ein_seld/Completion_20260904_EINV2_C0_bestfix_seed2028_validation/submissions,dcase2020_web_lr,0.5770576601247528,0.5573867854491461,15.34940535263028,,,0.6942035600182564,0.35268544720965744
EINV2,causal,C0.1,0,2028,validation,/work/zhanghc/Myllm/SELD/experiment_completion_20260904/configs/Completion_20260904_EINV2_C0_bestfix_seed2028_validation.yaml,/work/zhanghc/Myllm/SELD/EINV2/C0p1_CausalEINV2_fix_seed2026/out_train/ein_seld/EINV2_C0_bestfix_seed2028/checkpoints/rabbit02_gpu3_bestfix_seed2028_epoch_45.pth,/work/zhanghc/Myllm/SELD/EINV2/C0p1_CausalEINV2_fix_seed2026/out_infer/ein_seld/Completion_20260904_EINV2_C0_bestfix_seed2028_validation/submissions,dcase2023_micro,0.61749776052553,0.5455201269658058,15.3542280252811,,,0.6829739776951673,0.3685762306679185
EINV2,causal,C0.1,0,2028,validation,/work/zhanghc/Myllm/SELD/experiment_completion_20260904/configs/Completion_20260904_EINV2_C0_bestfix_seed2028_validation.yaml,/work/zhanghc/Myllm/SELD/EINV2/C0p1_CausalEINV2_fix_seed2026/out_train/ein_seld/EINV2_C0_bestfix_seed2028/checkpoints/rabbit02_gpu3_bestfix_seed2028_epoch_45.pth,/work/zhanghc/Myllm/SELD/EINV2/C0p1_CausalEINV2_fix_seed2026/out_infer/ein_seld/Completion_20260904_EINV2_C0_bestfix_seed2028_validation/submissions,dcase2023_macro,0.61749776052553,0.5245029957479123,15.160437715685676,,,0.6744777044621999,0.37568542857286236
EINV2,causal,C1,0.2,2028,validation,/work/zhanghc/Myllm/SELD/experiment_completion_20260904/configs/Completion_20260904_C1_CausalEINV2_Velocity_seed2028_validation.yaml,/work/zhanghc/Myllm/SELD/EINV2/C1_CausalEINV2_Velocity_seed2026/out_train/ein_seld/C1_CausalEINV2_Velocity_seed2028/checkpoints/rabbit02_gpu2_c1_seed2028_epoch_81.pth,/work/zhanghc/Myllm/SELD/EINV2/C1_CausalEINV2_Velocity_seed2026/out_infer/ein_seld/Completion_20260904_C1_CausalEINV2_Velocity_seed2028_validation/submissions,dcase2020_source,0.596074851665906,0.5806082289803219,12.298031476554431,0.6438640429338103,0.3599812442109357,,
EINV2,causal,C1,0.2,2028,validation,/work/zhanghc/Myllm/SELD/experiment_completion_20260904/configs/Completion_20260904_C1_CausalEINV2_Velocity_seed2028_validation.yaml,/work/zhanghc/Myllm/SELD/EINV2/C1_CausalEINV2_Velocity_seed2026/out_train/ein_seld/C1_CausalEINV2_Velocity_seed2028/checkpoints/rabbit02_gpu2_c1_seed2028_epoch_81.pth,/work/zhanghc/Myllm/SELD/EINV2/C1_CausalEINV2_Velocity_seed2026/out_infer/ein_seld/Completion_20260904_C1_CausalEINV2_Velocity_seed2028_validation/submissions,dcase2020_web_lr,0.596074851665906,0.5806082289803219,12.298031476554431,,,0.6844667579491861,0.34983056545709174
EINV2,causal,C1,0.2,2028,validation,/work/zhanghc/Myllm/SELD/experiment_completion_20260904/configs/Completion_20260904_C1_CausalEINV2_Velocity_seed2028_validation.yaml,/work/zhanghc/Myllm/SELD/EINV2/C1_CausalEINV2_Velocity_seed2026/out_train/ein_seld/C1_CausalEINV2_Velocity_seed2028/checkpoints/rabbit02_gpu2_c1_seed2028_epoch_81.pth,/work/zhanghc/Myllm/SELD/EINV2/C1_CausalEINV2_Velocity_seed2026/out_infer/ein_seld/Completion_20260904_C1_CausalEINV2_Velocity_seed2028_validation/submissions,dcase2023_micro,0.6567632128993729,0.5622157916494419,12.337319031897668,,,0.6741171211443898,0.3722427403484654
EINV2,causal,C1,0.2,2028,validation,/work/zhanghc/Myllm/SELD/experiment_completion_20260904/configs/Completion_20260904_C1_CausalEINV2_Velocity_seed2028_validation.yaml,/work/zhanghc/Myllm/SELD/EINV2/C1_CausalEINV2_Velocity_seed2026/out_train/ein_seld/C1_CausalEINV2_Velocity_seed2028/checkpoints/rabbit02_gpu2_c1_seed2028_epoch_81.pth,/work/zhanghc/Myllm/SELD/EINV2/C1_CausalEINV2_Velocity_seed2026/out_infer/ein_seld/Completion_20260904_C1_CausalEINV2_Velocity_seed2028_validation/submissions,dcase2023_macro,0.6567632128993729,0.5377882081087428,11.506498445329365,,,0.6511251694275785,0.38294370668149813
EINV2,causal,C2,0.2,2028,validation,/work/zhanghc/Myllm/SELD/experiment_completion_20260904/configs/Completion_20260904_C2_CausalEINV2_JEPA_seed2028_validation.yaml,/work/zhanghc/Myllm/SELD/EINV2/C2_CausalEINV2_JEPA_seed2026/out_train/ein_seld/C2_CausalEINV2_JEPA_seed2028/checkpoints/rabbit02_gpu4_c2_seed2028_epoch_42.pth,/work/zhanghc/Myllm/SELD/EINV2/C2_CausalEINV2_JEPA_seed2026/out_infer/ein_seld/Completion_20260904_C2_CausalEINV2_JEPA_seed2028_validation/submissions,dcase2020_source,0.5959227141335768,0.5516936019481955,16.421965921327846,0.6634196738248097,0.3680106455919871,,
EINV2,causal,C2,0.2,2028,validation,/work/zhanghc/Myllm/SELD/experiment_completion_20260904/configs/Completion_20260904_C2_CausalEINV2_JEPA_seed2028_validation.yaml,/work/zhanghc/Myllm/SELD/EINV2/C2_CausalEINV2_JEPA_seed2026/out_train/ein_seld/C2_CausalEINV2_JEPA_seed2028/checkpoints/rabbit02_gpu4_c2_seed2028_epoch_42.pth,/work/zhanghc/Myllm/SELD/EINV2/C2_CausalEINV2_JEPA_seed2026/out_infer/ein_seld/Completion_20260904_C2_CausalEINV2_JEPA_seed2028_validation/submissions,dcase2020_web_lr,0.5959227141335768,0.5516936019481955,16.421965921327846,,,0.6838582078198692,0.36290101209322223
EINV2,causal,C2,0.2,2028,validation,/work/zhanghc/Myllm/SELD/experiment_completion_20260904/configs/Completion_20260904_C2_CausalEINV2_JEPA_seed2028_validation.yaml,/work/zhanghc/Myllm/SELD/EINV2/C2_CausalEINV2_JEPA_seed2026/out_train/ein_seld/C2_CausalEINV2_JEPA_seed2028/checkpoints/rabbit02_gpu4_c2_seed2028_epoch_42.pth,/work/zhanghc/Myllm/SELD/EINV2/C2_CausalEINV2_JEPA_seed2026/out_infer/ein_seld/Completion_20260904_C2_CausalEINV2_JEPA_seed2028_validation/submissions,dcase2023_micro,0.6473574201254105,0.5355874413979258,16.501824598325964,,,0.6744151393234987,0.38225791068200476
EINV2,causal,C2,0.2,2028,validation,/work/zhanghc/Myllm/SELD/experiment_completion_20260904/configs/Completion_20260904_C2_CausalEINV2_JEPA_seed2028_validation.yaml,/work/zhanghc/Myllm/SELD/EINV2/C2_CausalEINV2_JEPA_seed2026/out_train/ein_seld/C2_CausalEINV2_JEPA_seed2028/checkpoints/rabbit02_gpu4_c2_seed2028_epoch_42.pth,/work/zhanghc/Myllm/SELD/EINV2/C2_CausalEINV2_JEPA_seed2026/out_infer/ein_seld/Completion_20260904_C2_CausalEINV2_JEPA_seed2028_validation/submissions,dcase2023_macro,0.6473574201254105,0.5166550321531027,15.271733027410505,,,0.6549908157603479,0.390138633368838
Multi-ACCDOA,causal,C1_lambda005,0.05,2028,validation,/work/zhanghc/Myllm/SELD/DynamicCausalMultiACCDOA_TAU2020/runs/manifests/40_promoted_v2_C1_lambda005_seed2028_eval_split0_multiaccdoa_foa.json#params,/work/zhanghc/Myllm/SELD/DynamicCausalMultiACCDOA_TAU2020/runs/models/40_promoted_v2_C1_lambda005_seed2028_eval_split0_multiaccdoa_foa_model.h5,/work/zhanghc/Myllm/SELD/DynamicCausalMultiACCDOA_TAU2020/runs/analysis/threshold_predictions/Completion_20260904_promoted_v2_C1_lambda005_seed2028_validation_seed2028_validation_t050,dcase2020_source,0.6336528221512248,0.47433198380566793,15.895252640599558,0.6022672064777328,0.41134014774556654,,
Multi-ACCDOA,causal,C1_lambda005,0.05,2028,validation,/work/zhanghc/Myllm/SELD/DynamicCausalMultiACCDOA_TAU2020/runs/manifests/40_promoted_v2_C1_lambda005_seed2028_eval_split0_multiaccdoa_foa.json#params,/work/zhanghc/Myllm/SELD/DynamicCausalMultiACCDOA_TAU2020/runs/models/40_promoted_v2_C1_lambda005_seed2028_eval_split0_multiaccdoa_foa_model.h5,/work/zhanghc/Myllm/SELD/DynamicCausalMultiACCDOA_TAU2020/runs/analysis/threshold_predictions/Completion_20260904_promoted_v2_C1_lambda005_seed2028_validation_seed2028_validation_t050,dcase2020_web_lr,0.6336528221512248,0.47433198380566793,15.895252640599558,,,0.5657994827323901,0.4204570786819022
Multi-ACCDOA,causal,C1_lambda005,0.05,2028,validation,/work/zhanghc/Myllm/SELD/DynamicCausalMultiACCDOA_TAU2020/runs/manifests/40_promoted_v2_C1_lambda005_seed2028_eval_split0_multiaccdoa_foa.json#params,/work/zhanghc/Myllm/SELD/DynamicCausalMultiACCDOA_TAU2020/runs/models/40_promoted_v2_C1_lambda005_seed2028_eval_split0_multiaccdoa_foa_model.h5,/work/zhanghc/Myllm/SELD/DynamicCausalMultiACCDOA_TAU2020/runs/analysis/threshold_predictions/Completion_20260904_promoted_v2_C1_lambda005_seed2028_validation_seed2028_validation_t050,dcase2023_micro,0.6279486413854882,0.470286721127663,15.898796253004948,,,0.5559033989266547,0.4225212917952995
Multi-ACCDOA,causal,C1_lambda005,0.05,2028,validation,/work/zhanghc/Myllm/SELD/DynamicCausalMultiACCDOA_TAU2020/runs/manifests/40_promoted_v2_C1_lambda005_seed2028_eval_split0_multiaccdoa_foa.json#params,/work/zhanghc/Myllm/SELD/DynamicCausalMultiACCDOA_TAU2020/runs/models/40_promoted_v2_C1_lambda005_seed2028_eval_split0_multiaccdoa_foa_model.h5,/work/zhanghc/Myllm/SELD/DynamicCausalMultiACCDOA_TAU2020/runs/analysis/threshold_predictions/Completion_20260904_promoted_v2_C1_lambda005_seed2028_validation_seed2028_validation_t050,dcase2023_macro,0.6279486413854882,0.3797386489652804,27.3767236931726,,,0.45014632454613207,0.4875391443201475
EINV2,causal,C3,0.2,2028,validation,/work/zhanghc/Myllm/SELD/experiment_completion_20260904/configs/Completion_20260904_C3_CausalEINV2_Velocity_JEPA_seed2028_validation.yaml,/work/zhanghc/Myllm/SELD/EINV2/C3_CausalEINV2_Velocity_JEPA_seed2026/out_train/ein_seld/C3_CausalEINV2_Velocity_JEPA_seed2028/checkpoints/rabbit02_gpu3_c3_seed2028_epoch_60.pth,/work/zhanghc/Myllm/SELD/EINV2/C3_CausalEINV2_Velocity_JEPA_seed2026/out_infer/ein_seld/Completion_20260904_C3_CausalEINV2_Velocity_JEPA_seed2028_validation/submissions,dcase2020_source,0.5895329377757493,0.5722786647314948,14.091037721723096,0.6579100145137878,0.35940695035723214,,
EINV2,causal,C3,0.2,2028,validation,/work/zhanghc/Myllm/SELD/experiment_completion_20260904/configs/Completion_20260904_C3_CausalEINV2_Velocity_JEPA_seed2028_validation.yaml,/work/zhanghc/Myllm/SELD/EINV2/C3_CausalEINV2_Velocity_JEPA_seed2026/out_train/ein_seld/C3_CausalEINV2_Velocity_JEPA_seed2028/checkpoints/rabbit02_gpu3_c3_seed2028_epoch_60.pth,/work/zhanghc/Myllm/SELD/EINV2/C3_CausalEINV2_Velocity_JEPA_seed2026/out_infer/ein_seld/Completion_20260904_C3_CausalEINV2_Velocity_JEPA_seed2028_validation/submissions,dcase2020_web_lr,0.5895329377757493,0.5722786647314948,14.091037721723096,,,0.6896394340483797,0.3514745954735842
EINV2,causal,C3,0.2,2028,validation,/work/zhanghc/Myllm/SELD/experiment_completion_20260904/configs/Completion_20260904_C3_CausalEINV2_Velocity_JEPA_seed2028_validation.yaml,/work/zhanghc/Myllm/SELD/EINV2/C3_CausalEINV2_Velocity_JEPA_seed2026/out_train/ein_seld/C3_CausalEINV2_Velocity_JEPA_seed2028/checkpoints/rabbit02_gpu3_c3_seed2028_epoch_60.pth,/work/zhanghc/Myllm/SELD/EINV2/C3_CausalEINV2_Velocity_JEPA_seed2026/out_infer/ein_seld/Completion_20260904_C3_CausalEINV2_Velocity_JEPA_seed2028_validation/submissions,dcase2023_micro,0.6379516273514482,0.5564668769716088,14.149223558298942,,,0.6806196931327275,0.36986796369830427
EINV2,causal,C3,0.2,2028,validation,/work/zhanghc/Myllm/SELD/experiment_completion_20260904/configs/Completion_20260904_C3_CausalEINV2_Velocity_JEPA_seed2028_validation.yaml,/work/zhanghc/Myllm/SELD/EINV2/C3_CausalEINV2_Velocity_JEPA_seed2026/out_train/ein_seld/C3_CausalEINV2_Velocity_JEPA_seed2028/checkpoints/rabbit02_gpu3_c3_seed2028_epoch_60.pth,/work/zhanghc/Myllm/SELD/EINV2/C3_CausalEINV2_Velocity_JEPA_seed2026/out_infer/ein_seld/Completion_20260904_C3_CausalEINV2_Velocity_JEPA_seed2028_validation/submissions,dcase2023_macro,0.6379516273514482,0.5290067790997275,13.358306863582154,,,0.649805425992344,0.3833380595420417
Multi-ACCDOA,causal,C2_lambda005,0.05,2028,validation,/work/zhanghc/Myllm/SELD/DynamicCausalMultiACCDOA_TAU2020/runs/manifests/41_promoted_v2_C2_lambda005_seed2028_eval_split0_multiaccdoa_foa.json#params,/work/zhanghc/Myllm/SELD/DynamicCausalMultiACCDOA_TAU2020/runs/models/41_promoted_v2_C2_lambda005_seed2028_eval_split0_multiaccdoa_foa_model.h5,/work/zhanghc/Myllm/SELD/DynamicCausalMultiACCDOA_TAU2020/runs/analysis/threshold_predictions/Completion_20260904_promoted_v2_C2_lambda005_seed2028_validation_seed2028_validation_t050,dcase2020_source,0.6354784725391754,0.4840570421406825,14.972482670066169,0.5861240185867649,0.41211946777246833,,
Multi-ACCDOA,causal,C2_lambda005,0.05,2028,validation,/work/zhanghc/Myllm/SELD/DynamicCausalMultiACCDOA_TAU2020/runs/manifests/41_promoted_v2_C2_lambda005_seed2028_eval_split0_multiaccdoa_foa.json#params,/work/zhanghc/Myllm/SELD/DynamicCausalMultiACCDOA_TAU2020/runs/models/41_promoted_v2_C2_lambda005_seed2028_eval_split0_multiaccdoa_foa_model.h5,/work/zhanghc/Myllm/SELD/DynamicCausalMultiACCDOA_TAU2020/runs/analysis/threshold_predictions/Completion_20260904_promoted_v2_C2_lambda005_seed2028_validation_seed2028_validation_t050,dcase2020_web_lr,0.6354784725391754,0.4840570421406825,14.972482670066169,,,0.5565190932603074,0.41952069910408274
Multi-ACCDOA,causal,C2_lambda005,0.05,2028,validation,/work/zhanghc/Myllm/SELD/DynamicCausalMultiACCDOA_TAU2020/runs/manifests/41_promoted_v2_C2_lambda005_seed2028_eval_split0_multiaccdoa_foa.json#params,/work/zhanghc/Myllm/SELD/DynamicCausalMultiACCDOA_TAU2020/runs/models/41_promoted_v2_C2_lambda005_seed2028_eval_split0_multiaccdoa_foa_model.h5,/work/zhanghc/Myllm/SELD/DynamicCausalMultiACCDOA_TAU2020/runs/analysis/threshold_predictions/Completion_20260904_promoted_v2_C2_lambda005_seed2028_validation_seed2028_validation_t050,dcase2023_micro,0.6298895192594804,0.47968960329400584,15.010989848364549,,,0.5469448584202683,0.421662361397919
Multi-ACCDOA,causal,C2_lambda005,0.05,2028,validation,/work/zhanghc/Myllm/SELD/DynamicCausalMultiACCDOA_TAU2020/runs/manifests/41_promoted_v2_C2_lambda005_seed2028_eval_split0_multiaccdoa_foa.json#params,/work/zhanghc/Myllm/SELD/DynamicCausalMultiACCDOA_TAU2020/runs/models/41_promoted_v2_C2_lambda005_seed2028_eval_split0_multiaccdoa_foa_model.h5,/work/zhanghc/Myllm/SELD/DynamicCausalMultiACCDOA_TAU2020/runs/analysis/threshold_predictions/Completion_20260904_promoted_v2_C2_lambda005_seed2028_validation_seed2028_validation_t050,dcase2023_macro,0.6298895192594804,0.3851337847137065,39.2716075736549,,,0.455904471365452,0.5017567152029344
EINV2,noncausal,E0,0,2028,validation,/work/zhanghc/Myllm/SELD/experiment_completion_20260904/configs/Completion_20260904_E0_OfflineEINV2_seed2028_validation.yaml,/work/zhanghc/Myllm/SELD/EINV2/C0p1_CausalEINV2_fix_seed2026/out_train/ein_seld/E0_OfflineEINV2_seed2028/checkpoints/completion_20260904_E0_seed2028_epoch_90.pth,/work/zhanghc/Myllm/SELD/EINV2/C0p1_CausalEINV2_fix_seed2026/out_infer/ein_seld/Completion_20260904_E0_OfflineEINV2_seed2028_validation/submissions,dcase2020_source,0.3929712460063898,0.6997457431235071,10.131926750210823,0.7675475768549194,0.24549160199339473,,
EINV2,noncausal,E0,0,2028,validation,/work/zhanghc/Myllm/SELD/experiment_completion_20260904/configs/Completion_20260904_E0_OfflineEINV2_seed2028_validation.yaml,/work/zhanghc/Myllm/SELD/EINV2/C0p1_CausalEINV2_fix_seed2026/out_train/ein_seld/E0_OfflineEINV2_seed2028/checkpoints/completion_20260904_E0_seed2028_epoch_90.pth,/work/zhanghc/Myllm/SELD/EINV2/C0p1_CausalEINV2_fix_seed2026/out_infer/ein_seld/Completion_20260904_E0_OfflineEINV2_seed2028_validation/submissions,dcase2020_web_lr,0.3929712460063898,0.6997457431235071,10.131926750210823,,,0.7577970485318728,0.24792923407415637
EINV2,noncausal,E0,0,2028,validation,/work/zhanghc/Myllm/SELD/experiment_completion_20260904/configs/Completion_20260904_E0_OfflineEINV2_seed2028_validation.yaml,/work/zhanghc/Myllm/SELD/EINV2/C0p1_CausalEINV2_fix_seed2026/out_train/ein_seld/E0_OfflineEINV2_seed2028/checkpoints/completion_20260904_E0_seed2028_epoch_90.pth,/work/zhanghc/Myllm/SELD/EINV2/C0p1_CausalEINV2_fix_seed2026/out_infer/ein_seld/Completion_20260904_E0_OfflineEINV2_seed2028_validation/submissions,dcase2023_micro,0.4278889220662884,0.6799851466765688,10.190074005163439,,,0.7478416195296219,0.2641684195277514
EINV2,noncausal,E0,0,2028,validation,/work/zhanghc/Myllm/SELD/experiment_completion_20260904/configs/Completion_20260904_E0_OfflineEINV2_seed2028_validation.yaml,/work/zhanghc/Myllm/SELD/EINV2/C0p1_CausalEINV2_fix_seed2026/out_train/ein_seld/E0_OfflineEINV2_seed2028/checkpoints/completion_20260904_E0_seed2028_epoch_90.pth,/work/zhanghc/Myllm/SELD/EINV2/C0p1_CausalEINV2_fix_seed2026/out_infer/ein_seld/Completion_20260904_E0_OfflineEINV2_seed2028_validation/submissions,dcase2023_macro,0.4278889220662884,0.6658870648668188,9.78382730209044,,,0.7382347463992026,0.26953042673074795
Multi-ACCDOA,causal,C3_lambda005,0.05,2028,validation,/work/zhanghc/Myllm/SELD/DynamicCausalMultiACCDOA_TAU2020/runs/manifests/42_supplemental_v2_C3_lambda005_seed2028_eval_split0_multiaccdoa_foa.json#params,/work/zhanghc/Myllm/SELD/DynamicCausalMultiACCDOA_TAU2020/runs/models/42_supplemental_v2_C3_lambda005_seed2028_eval_split0_multiaccdoa_foa_model.h5,/work/zhanghc/Myllm/SELD/DynamicCausalMultiACCDOA_TAU2020/runs/analysis/threshold_predictions/Completion_20260904_supplemental_v2_C3_lambda005_seed2028_validation_seed2028_validation_t050,dcase2020_source,0.6432374866879659,0.47035540529397196,15.16342161466004,0.5825018553640635,0.4186553643056215,,
Multi-ACCDOA,causal,C3_lambda005,0.05,2028,validation,/work/zhanghc/Myllm/SELD/DynamicCausalMultiACCDOA_TAU2020/runs/manifests/42_supplemental_v2_C3_lambda005_seed2028_eval_split0_multiaccdoa_foa.json#params,/work/zhanghc/Myllm/SELD/DynamicCausalMultiACCDOA_TAU2020/runs/models/42_supplemental_v2_C3_lambda005_seed2028_eval_split0_multiaccdoa_foa_model.h5,/work/zhanghc/Myllm/SELD/DynamicCausalMultiACCDOA_TAU2020/runs/analysis/threshold_predictions/Completion_20260904_supplemental_v2_C3_lambda005_seed2028_validation_seed2028_validation_t050,dcase2020_web_lr,0.6432374866879659,0.47035540529397196,15.16342161466004,,,0.5373497641868249,0.4299433870999312
Multi-ACCDOA,causal,C3_lambda005,0.05,2028,validation,/work/zhanghc/Myllm/SELD/DynamicCausalMultiACCDOA_TAU2020/runs/manifests/42_supplemental_v2_C3_lambda005_seed2028_eval_split0_multiaccdoa_foa.json#params,/work/zhanghc/Myllm/SELD/DynamicCausalMultiACCDOA_TAU2020/runs/models/42_supplemental_v2_C3_lambda005_seed2028_eval_split0_multiaccdoa_foa_model.h5,/work/zhanghc/Myllm/SELD/DynamicCausalMultiACCDOA_TAU2020/runs/analysis/threshold_predictions/Completion_20260904_supplemental_v2_C3_lambda005_seed2028_validation_seed2028_validation_t050,dcase2023_micro,0.6358614511794566,0.46641669383762635,15.219231791701988,,,0.528166915052161,0.43145728250533666
Multi-ACCDOA,causal,C3_lambda005,0.05,2028,validation,/work/zhanghc/Myllm/SELD/DynamicCausalMultiACCDOA_TAU2020/runs/manifests/42_supplemental_v2_C3_lambda005_seed2028_eval_split0_multiaccdoa_foa.json#params,/work/zhanghc/Myllm/SELD/DynamicCausalMultiACCDOA_TAU2020/runs/models/42_supplemental_v2_C3_lambda005_seed2028_eval_split0_multiaccdoa_foa_model.h5,/work/zhanghc/Myllm/SELD/DynamicCausalMultiACCDOA_TAU2020/runs/analysis/threshold_predictions/Completion_20260904_supplemental_v2_C3_lambda005_seed2028_validation_seed2028_validation_t050,dcase2023_macro,0.6358614511794566,0.3625777723734784,39.22871057440504,,,0.4283237462369067,0.515724303384497
EINV2,noncausal,E1,0.2,2028,validation,/work/zhanghc/Myllm/SELD/experiment_completion_20260904/configs/Completion_20260904_E1_OfflineEINV2_Velocity_seed2028_validation.yaml,/work/zhanghc/Myllm/SELD/EINV2/E1_OfflineEINV2_Velocity_seed2026/out_train/ein_seld/E1_OfflineEINV2_Velocity_seed2028/checkpoints/completion_20260904_E1_seed2028_epoch_83.pth,/work/zhanghc/Myllm/SELD/EINV2/E1_OfflineEINV2_Velocity_seed2026/out_infer/ein_seld/Completion_20260904_E1_OfflineEINV2_Velocity_seed2028_validation/submissions,dcase2020_source,0.38095238095238093,0.7060365430575899,9.954908110592108,0.772029912882584,0.239547742517763,,
EINV2,noncausal,E1,0.2,2028,validation,/work/zhanghc/Myllm/SELD/experiment_completion_20260904/configs/Completion_20260904_E1_OfflineEINV2_Velocity_seed2028_validation.yaml,/work/zhanghc/Myllm/SELD/EINV2/E1_OfflineEINV2_Velocity_seed2026/out_train/ein_seld/E1_OfflineEINV2_Velocity_seed2028/checkpoints/completion_20260904_E1_seed2028_epoch_83.pth,/work/zhanghc/Myllm/SELD/EINV2/E1_OfflineEINV2_Velocity_seed2026/out_infer/ein_seld/Completion_20260904_E1_OfflineEINV2_Velocity_seed2028_validation/submissions,dcase2020_web_lr,0.38095238095238093,0.7060365430575899,9.954908110592108,,,0.7617526243724326,0.24211706464530086
EINV2,noncausal,E1,0.2,2028,validation,/work/zhanghc/Myllm/SELD/experiment_completion_20260904/configs/Completion_20260904_E1_OfflineEINV2_Velocity_seed2028_validation.yaml,/work/zhanghc/Myllm/SELD/EINV2/E1_OfflineEINV2_Velocity_seed2026/out_train/ein_seld/E1_OfflineEINV2_Velocity_seed2028/checkpoints/completion_20260904_E1_seed2028_epoch_83.pth,/work/zhanghc/Myllm/SELD/EINV2/E1_OfflineEINV2_Velocity_seed2026/out_infer/ein_seld/Completion_20260904_E1_OfflineEINV2_Velocity_seed2028_validation/submissions,dcase2023_micro,0.42340997312630635,0.6839955440029707,9.99827892588788,,,0.7500744712540959,0.26122148797548755
EINV2,noncausal,E1,0.2,2028,validation,/work/zhanghc/Myllm/SELD/experiment_completion_20260904/configs/Completion_20260904_E1_OfflineEINV2_Velocity_seed2028_validation.yaml,/work/zhanghc/Myllm/SELD/EINV2/E1_OfflineEINV2_Velocity_seed2026/out_train/ein_seld/E1_OfflineEINV2_Velocity_seed2028/checkpoints/completion_20260904_E1_seed2028_epoch_83.pth,/work/zhanghc/Myllm/SELD/EINV2/E1_OfflineEINV2_Velocity_seed2026/out_infer/ein_seld/Completion_20260904_E1_OfflineEINV2_Velocity_seed2028_validation/submissions,dcase2023_macro,0.42340997312630635,0.6681646538352742,9.729256181727001,,,0.7395396620395281,0.2674392701208302
EINV2,noncausal,E2,0.2,2028,validation,/work/zhanghc/Myllm/SELD/experiment_completion_20260904/configs/Completion_20260904_E2_OfflineEINV2_JEPAConsistency_seed2028_validation.yaml,/work/zhanghc/Myllm/SELD/EINV2/E2_OfflineEINV2_JEPAConsistency_seed2026/out_train/ein_seld/E2_OfflineEINV2_JEPAConsistency_seed2028/checkpoints/completion_20260904_E2_seed2028_epoch_85.pth,/work/zhanghc/Myllm/SELD/EINV2/E2_OfflineEINV2_JEPAConsistency_seed2026/out_infer/ein_seld/Completion_20260904_E2_OfflineEINV2_JEPAConsistency_seed2028_validation/submissions,dcase2020_source,0.42735432831279474,0.6638010439054343,12.744792147556351,0.76634940128953,0.267002070984397,,
EINV2,noncausal,E2,0.2,2028,validation,/work/zhanghc/Myllm/SELD/experiment_completion_20260904/configs/Completion_20260904_E2_OfflineEINV2_JEPAConsistency_seed2028_validation.yaml,/work/zhanghc/Myllm/SELD/EINV2/E2_OfflineEINV2_JEPAConsistency_seed2026/out_train/ein_seld/E2_OfflineEINV2_JEPAConsistency_seed2028/checkpoints/completion_20260904_E2_seed2028_epoch_85.pth,/work/zhanghc/Myllm/SELD/EINV2/E2_OfflineEINV2_JEPAConsistency_seed2026/out_infer/ein_seld/Completion_20260904_E2_OfflineEINV2_JEPAConsistency_seed2028_validation/submissions,dcase2020_web_lr,0.42735432831279474,0.6638010439054343,12.744792147556351,,,0.7594705613874942,0.26872178095990595
EINV2,noncausal,E2,0.2,2028,validation,/work/zhanghc/Myllm/SELD/experiment_completion_20260904/configs/Completion_20260904_E2_OfflineEINV2_JEPAConsistency_seed2028_validation.yaml,/work/zhanghc/Myllm/SELD/EINV2/E2_OfflineEINV2_JEPAConsistency_seed2026/out_train/ein_seld/E2_OfflineEINV2_JEPAConsistency_seed2028/checkpoints/completion_20260904_E2_seed2028_epoch_85.pth,/work/zhanghc/Myllm/SELD/EINV2/E2_OfflineEINV2_JEPAConsistency_seed2026/out_infer/ein_seld/Completion_20260904_E2_OfflineEINV2_JEPAConsistency_seed2028_validation/submissions,dcase2023_micro,0.4674529710361302,0.6447796509908311,12.787835602162112,,,0.7484014869888476,0.2863288410448936
EINV2,noncausal,E2,0.2,2028,validation,/work/zhanghc/Myllm/SELD/experiment_completion_20260904/configs/Completion_20260904_E2_OfflineEINV2_JEPAConsistency_seed2028_validation.yaml,/work/zhanghc/Myllm/SELD/EINV2/E2_OfflineEINV2_JEPAConsistency_seed2026/out_train/ein_seld/E2_OfflineEINV2_JEPAConsistency_seed2028/checkpoints/completion_20260904_E2_seed2028_epoch_85.pth,/work/zhanghc/Myllm/SELD/EINV2/E2_OfflineEINV2_JEPAConsistency_seed2026/out_infer/ein_seld/Completion_20260904_E2_OfflineEINV2_JEPAConsistency_seed2028_validation/submissions,dcase2023_macro,0.4674529710361302,0.6377289924544929,12.455233561952502,,,0.7447753735228254,0.28853608676741477
EINV2,noncausal,E3,0.2,2028,validation,/work/zhanghc/Myllm/SELD/experiment_completion_20260904/configs/Completion_20260904_E3_OfflineEINV2_Velocity_JEPAConsistency_seed2028_validation.yaml,/work/zhanghc/Myllm/SELD/EINV2/E3_OfflineEINV2_Velocity_JEPAConsistency_seed2026/out_train/ein_seld/E3_OfflineEINV2_Velocity_JEPAConsistency_seed2028/checkpoints/completion_20260904_E3_seed2028_epoch_85.pth,/work/zhanghc/Myllm/SELD/EINV2/E3_OfflineEINV2_Velocity_JEPAConsistency_seed2026/out_infer/ein_seld/Completion_20260904_E3_OfflineEINV2_Velocity_JEPAConsistency_seed2028_validation/submissions,dcase2020_source,0.4253765403925148,0.6605816831683168,12.21042615151832,0.7620668316831682,0.26764093159569957,,
EINV2,noncausal,E3,0.2,2028,validation,/work/zhanghc/Myllm/SELD/experiment_completion_20260904/configs/Completion_20260904_E3_OfflineEINV2_Velocity_JEPAConsistency_seed2028_validation.yaml,/work/zhanghc/Myllm/SELD/EINV2/E3_OfflineEINV2_Velocity_JEPAConsistency_seed2026/out_train/ein_seld/E3_OfflineEINV2_Velocity_JEPAConsistency_seed2028/checkpoints/completion_20260904_E3_seed2028_epoch_85.pth,/work/zhanghc/Myllm/SELD/EINV2/E3_OfflineEINV2_Velocity_JEPAConsistency_seed2026/out_infer/ein_seld/Completion_20260904_E3_OfflineEINV2_Velocity_JEPAConsistency_seed2028_validation/submissions,dcase2020_web_lr,0.4253765403925148,0.6605816831683168,12.21042615151832,,,0.7494294842537654,0.2708002684530503
EINV2,noncausal,E3,0.2,2028,validation,/work/zhanghc/Myllm/SELD/experiment_completion_20260904/configs/Completion_20260904_E3_OfflineEINV2_Velocity_JEPAConsistency_seed2028_validation.yaml,/work/zhanghc/Myllm/SELD/EINV2/E3_OfflineEINV2_Velocity_JEPAConsistency_seed2026/out_train/ein_seld/E3_OfflineEINV2_Velocity_JEPAConsistency_seed2028/checkpoints/completion_20260904_E3_seed2028_epoch_85.pth,/work/zhanghc/Myllm/SELD/EINV2/E3_OfflineEINV2_Velocity_JEPAConsistency_seed2026/out_infer/ein_seld/Completion_20260904_E3_OfflineEINV2_Velocity_JEPAConsistency_seed2028_validation/submissions,dcase2023_micro,0.4720812182741117,0.6414476133740412,12.218511578326018,,,0.7392793329362716,0.2898087229608469
EINV2,noncausal,E3,0.2,2028,validation,/work/zhanghc/Myllm/SELD/experiment_completion_20260904/configs/Completion_20260904_E3_OfflineEINV2_Velocity_JEPAConsistency_seed2028_validation.yaml,/work/zhanghc/Myllm/SELD/EINV2/E3_OfflineEINV2_Velocity_JEPAConsistency_seed2026/out_train/ein_seld/E3_OfflineEINV2_Velocity_JEPAConsistency_seed2028/checkpoints/completion_20260904_E3_seed2028_epoch_85.pth,/work/zhanghc/Myllm/SELD/EINV2/E3_OfflineEINV2_Velocity_JEPAConsistency_seed2026/out_infer/ein_seld/Completion_20260904_E3_OfflineEINV2_Velocity_JEPAConsistency_seed2028_validation/submissions,dcase2023_macro,0.4720812182741117,0.6218533879497471,11.70258668122249,,,0.7255411566661385,0.29742526102736555
