host,record_type,path,run_id,variant,seed,status,checkpoint,prediction_dir,original_metric_protocol,best_validation_json,evaluation_json,n_logged_rows,last_row_json,minimum_logged_selection_metric,minimum_logged_row_json
rabbit02,manifest,/work/zhanghc/Myllm/SELD/experiment_completion_20260904/runtime/manifests/Completion_20260904_paper_v1_A0_seed2026_validation.json,Completion_20260904_paper_v1_A0_seed2026_validation,A0,2026,completed,/work/zhanghc/Myllm/SELD/DynamicCausalMultiACCDOA_TAU2020/runs/models/32_paper_v1_A0_seed2026_eval_split0_multiaccdoa_foa_model.h5,/work/zhanghc/Myllm/SELD/DynamicCausalMultiACCDOA_TAU2020/runs/results/32_paper_v1_A0_seed2026_eval_split0_multiaccdoa_foa_20260902094006_test,as_recorded_NOT_relabelled,"{""ER"": 0.5316890881913303, ""F"": 0.5438825448613377, ""LE"": 14.125427593533791, ""LR"": 0.5952593917710197, ""SELD"": 0.3677554373252069, ""epoch"": 93}","{""ER"": [0.5067557423810238, [0.4861573416763502, 0.5299217755896987]], ""F"": [0.557875991581674, [0.5321162511160542, 0.5789718825122352]], ""LE"": [14.741195445834672, [14.076504862454255, 15.533783103524433]], ""LR"": [0.6376324824600687, [0.6150525956018573, 0.6584033024544349]], ""SELD"": [0.34828569964847955, [0.33298195953551624, 0.3660272118126344]]}",,,,
rabbit02,manifest,/work/zhanghc/Myllm/SELD/experiment_completion_20260904/runtime/manifests/Completion_20260904_pilot_v2_C1_lambda005_seed2026_validation.json,Completion_20260904_pilot_v2_C1_lambda005_seed2026_validation,C1,2026,validation_completed,/work/zhanghc/Myllm/SELD/DynamicCausalMultiACCDOA_TAU2020/runs/models/40_pilot_v2_C1_lambda005_seed2026_eval_split0_multiaccdoa_foa_model.h5,,as_recorded_NOT_relabelled,"{""ER"": 0.6210762331838565, ""F"": 0.4771088242443886, ""LE"": 15.17429117543716, ""LR"": 0.5432577565632458, ""SELD"": 0.4212528175043849, ""epoch"": 97}",{},,,,
rabbit02,manifest,/work/zhanghc/Myllm/SELD/experiment_completion_20260904/runtime/manifests/Completion_20260904_supplemental_v2_A3_lambda005_seed2028_validation.json,Completion_20260904_supplemental_v2_A3_lambda005_seed2028_validation,A3,2028,validation_completed,/work/zhanghc/Myllm/SELD/DynamicCausalMultiACCDOA_TAU2020/runs/models/52_supplemental_v2_A3_lambda005_seed2028_eval_split0_multiaccdoa_foa_model.h5,,as_recorded_NOT_relabelled,"{""ER"": 0.5644245142002989, ""F"": 0.5160016454134101, ""LE"": 14.720956111588684, ""LR"": 0.5784372203996421, ""SELD"": 0.3879421844740182, ""epoch"": 89}",{},,,,
rabbit02,manifest,/work/zhanghc/Myllm/SELD/experiment_completion_20260904/runtime/manifests/Completion_20260904_supplemental_v2_A3_lambda005_seed2028_evaluation.json,Completion_20260904_supplemental_v2_A3_lambda005_seed2028_evaluation,A3,2028,validation_completed,/work/zhanghc/Myllm/SELD/DynamicCausalMultiACCDOA_TAU2020/runs/models/52_supplemental_v2_A3_lambda005_seed2028_eval_split0_multiaccdoa_foa_model.h5,,as_recorded_NOT_relabelled,"{""ER"": 0.5644245142002989, ""F"": 0.5160016454134101, ""LE"": 14.720956111588684, ""LR"": 0.5784372203996421, ""SELD"": 0.3879421844740182, ""epoch"": 89}",{},,,,
rabbit02,manifest,/work/zhanghc/Myllm/SELD/experiment_completion_20260904/runtime/manifests/Completion_20260904_promoted_v2_C1_lambda005_seed2027_evaluation.json,Completion_20260904_promoted_v2_C1_lambda005_seed2027_evaluation,C1,2027,validation_completed,/work/zhanghc/Myllm/SELD/DynamicCausalMultiACCDOA_TAU2020/runs/models/40_promoted_v2_C1_lambda005_seed2027_eval_split0_multiaccdoa_foa_model.h5,,as_recorded_NOT_relabelled,"{""ER"": 0.6221225710014948, ""F"": 0.47901393700153067, ""LE"": 15.42342648196948, ""LR"": 0.556980906921241, ""SELD"": 0.4179533574390828, ""epoch"": 81}",{},,,,
rabbit02,manifest,/work/zhanghc/Myllm/SELD/experiment_completion_20260904/runtime/manifests/Completion_20260904_promoted_v2_C2_lambda005_seed2027_evaluation.json,Completion_20260904_promoted_v2_C2_lambda005_seed2027_evaluation,C2,2027,validation_completed,/work/zhanghc/Myllm/SELD/DynamicCausalMultiACCDOA_TAU2020/runs/models/41_promoted_v2_C2_lambda005_seed2027_eval_split0_multiaccdoa_foa_model.h5,,as_recorded_NOT_relabelled,"{""ER"": 0.6375186846038864, ""F"": 0.4668574153552694, ""LE"": 16.128031509792905, ""LR"": 0.5502014023571535, ""SELD"": 0.4275150104864672, ""epoch"": 98}",{},,,,
rabbit02,manifest,/work/zhanghc/Myllm/SELD/experiment_completion_20260904/runtime/manifests/Completion_20260904_promoted_v2_C2_lambda005_seed2028_evaluation.json,Completion_20260904_promoted_v2_C2_lambda005_seed2028_evaluation,C2,2028,validation_completed,/work/zhanghc/Myllm/SELD/DynamicCausalMultiACCDOA_TAU2020/runs/models/41_promoted_v2_C2_lambda005_seed2028_eval_split0_multiaccdoa_foa_model.h5,,as_recorded_NOT_relabelled,"{""ER"": 0.6260089686098654, ""F"": 0.480705097665555, ""LE"": 15.016070975995852, ""LR"": 0.5473668506638818, ""SELD"": 0.4203399092034347, ""epoch"": 92}",{},,,,
rabbit02,manifest,/work/zhanghc/Myllm/SELD/experiment_completion_20260904/runtime/manifests/Completion_20260904_paper_v1_C0_seed2027_validation.json,Completion_20260904_paper_v1_C0_seed2027_validation,C0,2027,completed,/work/zhanghc/Myllm/SELD/DynamicCausalMultiACCDOA_TAU2020/runs/models/35_paper_v1_C0_seed2027_eval_split0_multiaccdoa_foa_model.h5,/work/zhanghc/Myllm/SELD/DynamicCausalMultiACCDOA_TAU2020/runs/results/35_paper_v1_C0_seed2027_eval_split0_multiaccdoa_foa_20260902122653_test,as_recorded_NOT_relabelled,"{""ER"": 0.6284005979073244, ""F"": 0.47331897583153865, ""LE"": 15.526111912513429, ""LR"": 0.5474485228290062, ""SELD"": 0.4234723191346302, ""epoch"": 98}","{""ER"": [0.6087674523344843, [0.5894665846049757, 0.6302224168155391]], ""F"": [0.4923715951753335, [0.469622743434423, 0.5116394255034236]], ""LE"": [15.302603114082812, [14.660874677894144, 16.226920881009516]], ""LR"": [0.5740325713431944, [0.5516696353270423, 0.5934783073949363]], ""SELD"": [0.40684443689021516, [0.3927392846039244, 0.42348015389028115]]}",,,,
rabbit02,manifest,/work/zhanghc/Myllm/SELD/experiment_completion_20260904/runtime/manifests/Completion_20260904_paper_v1_A0_seed2027_validation.json,Completion_20260904_paper_v1_A0_seed2027_validation,A0,2027,completed,/work/zhanghc/Myllm/SELD/DynamicCausalMultiACCDOA_TAU2020/runs/models/32_paper_v1_A0_seed2027_eval_split0_multiaccdoa_foa_model.h5,/work/zhanghc/Myllm/SELD/DynamicCausalMultiACCDOA_TAU2020/runs/results/32_paper_v1_A0_seed2027_eval_split0_multiaccdoa_foa_20260902103752_test,as_recorded_NOT_relabelled,"{""ER"": 0.5485799701046338, ""F"": 0.5264954486345904, ""LE"": 14.820816335062894, ""LR"": 0.6059025190043226, ""SELD"": 0.374629967748462, ""epoch"": 81}","{""ER"": [0.5286743732172346, [0.507595087632072, 0.550608000298522]], ""F"": [0.5398584428715875, [0.5157118217133153, 0.5618020342283571]], ""LE"": [15.350193510937425, [14.436518602237054, 16.309646712702367]], ""LR"": [0.6242718446601941, [0.6016165400498494, 0.6451770608330689]], ""SELD"": [0.36245573463099856, [0.34665475419331176, 0.3795221609650747]]}",,,,
rabbit02,manifest,/work/zhanghc/Myllm/SELD/experiment_completion_20260904/runtime/manifests/Completion_20260904_promoted_v2_C2_lambda005_seed2028_validation.json,Completion_20260904_promoted_v2_C2_lambda005_seed2028_validation,C2,2028,validation_completed,/work/zhanghc/Myllm/SELD/DynamicCausalMultiACCDOA_TAU2020/runs/models/41_promoted_v2_C2_lambda005_seed2028_eval_split0_multiaccdoa_foa_model.h5,,as_recorded_NOT_relabelled,"{""ER"": 0.6260089686098654, ""F"": 0.480705097665555, ""LE"": 15.016070975995852, ""LR"": 0.5473668506638818, ""SELD"": 0.4203399092034347, ""epoch"": 92}",{},,,,
rabbit02,manifest,/work/zhanghc/Myllm/SELD/experiment_completion_20260904/runtime/manifests/Completion_20260904_supplemental_v2_A3_lambda005_seed2026_evaluation.json,Completion_20260904_supplemental_v2_A3_lambda005_seed2026_evaluation,A3,2026,validation_completed,/work/zhanghc/Myllm/SELD/DynamicCausalMultiACCDOA_TAU2020/runs/models/52_supplemental_v2_A3_lambda005_seed2026_eval_split0_multiaccdoa_foa_model.h5,,as_recorded_NOT_relabelled,"{""ER"": 0.5630792227204783, ""F"": 0.5152368333885392, ""LE"": 14.636978745763104, ""LR"": 0.5685748360166964, ""SELD"": 0.3901460254757039, ""epoch"": 89}",{},,,,
rabbit02,manifest,/work/zhanghc/Myllm/SELD/experiment_completion_20260904/runtime/manifests/Completion_20260904_promoted_v2_C1_lambda005_seed2027_validation.json,Completion_20260904_promoted_v2_C1_lambda005_seed2027_validation,C1,2027,validation_completed,/work/zhanghc/Myllm/SELD/DynamicCausalMultiACCDOA_TAU2020/runs/models/40_promoted_v2_C1_lambda005_seed2027_eval_split0_multiaccdoa_foa_model.h5,,as_recorded_NOT_relabelled,"{""ER"": 0.6221225710014948, ""F"": 0.47901393700153067, ""LE"": 15.42342648196948, ""LR"": 0.556980906921241, ""SELD"": 0.4179533574390828, ""epoch"": 81}",{},,,,
rabbit02,manifest,/work/zhanghc/Myllm/SELD/experiment_completion_20260904/runtime/manifests/Completion_20260904_pilot_v2_C2_lambda005_seed2026_evaluation.json,Completion_20260904_pilot_v2_C2_lambda005_seed2026_evaluation,C2,2026,validation_completed,/work/zhanghc/Myllm/SELD/DynamicCausalMultiACCDOA_TAU2020/runs/models/41_pilot_v2_C2_lambda005_seed2026_eval_split0_multiaccdoa_foa_model.h5,,as_recorded_NOT_relabelled,"{""ER"": 0.6261584454409567, ""F"": 0.4763048350944605, ""LE"": 15.674344349791395, ""LR"": 0.560077519379845, ""SELD"": 0.41921394544970647, ""epoch"": 82}",{},,,,
rabbit02,manifest,/work/zhanghc/Myllm/SELD/experiment_completion_20260904/runtime/manifests/Completion_20260904_paper_v1_C0_seed2028_validation.json,Completion_20260904_paper_v1_C0_seed2028_validation,C0,2028,completed,/work/zhanghc/Myllm/SELD/DynamicCausalMultiACCDOA_TAU2020/runs/models/35_paper_v1_C0_seed2028_eval_split0_multiaccdoa_foa_model.h5,/work/zhanghc/Myllm/SELD/DynamicCausalMultiACCDOA_TAU2020/runs/results/35_paper_v1_C0_seed2028_eval_split0_multiaccdoa_foa_20260902131803_test,as_recorded_NOT_relabelled,"{""ER"": 0.6284005979073244, ""F"": 0.4692214602662364, ""LE"": 15.338391163046975, ""LR"": 0.5473134328358209, ""SELD"": 0.4242697472611042, ""epoch"": 92}","{""ER"": [0.6127458339588651, [0.5936605242316433, 0.6346509021293789]], ""F"": [0.4847490192938916, [0.46234463526689945, 0.5039022940863421]], ""LE"": [15.214875267063169, [14.38470151702967, 16.091906651056867]], ""LR"": [0.5591751344889421, [0.5362363475080804, 0.5791155338088442]], ""SELD"": [0.4133371912482623, [0.3992698733134705, 0.4297369030649353]]}",,,,
rabbit02,manifest,/work/zhanghc/Myllm/SELD/experiment_completion_20260904/runtime/manifests/Completion_20260904_promoted_v2_C1_lambda005_seed2028_evaluation.json,Completion_20260904_promoted_v2_C1_lambda005_seed2028_evaluation,C1,2028,validation_completed,/work/zhanghc/Myllm/SELD/DynamicCausalMultiACCDOA_TAU2020/runs/models/40_promoted_v2_C1_lambda005_seed2028_eval_split0_multiaccdoa_foa_model.h5,,as_recorded_NOT_relabelled,"{""ER"": 0.6258594917787743, ""F"": 0.4707865168539326, ""LE"": 15.902547243443413, ""LR"": 0.5561194029850747, ""SELD"": 0.421825264156391, ""epoch"": 95}",{},,,,
rabbit02,manifest,/work/zhanghc/Myllm/SELD/experiment_completion_20260904/runtime/manifests/Completion_20260904_supplemental_v2_C3_lambda005_seed2027_validation.json,Completion_20260904_supplemental_v2_C3_lambda005_seed2027_validation,C3,2027,validation_completed,/work/zhanghc/Myllm/SELD/DynamicCausalMultiACCDOA_TAU2020/runs/models/42_supplemental_v2_C3_lambda005_seed2027_eval_split0_multiaccdoa_foa_model.h5,,as_recorded_NOT_relabelled,"{""ER"": 0.6210762331838565, ""F"": 0.4756176853055917, ""LE"": 14.779798276970789, ""LR"": 0.5354424712729443, ""SELD"": 0.423031516758234, ""epoch"": 96}",{},,,,
rabbit02,manifest,/work/zhanghc/Myllm/SELD/experiment_completion_20260904/runtime/manifests/Completion_20260904_promoted_v2_C2_lambda005_seed2027_validation.json,Completion_20260904_promoted_v2_C2_lambda005_seed2027_validation,C2,2027,validation_completed,/work/zhanghc/Myllm/SELD/DynamicCausalMultiACCDOA_TAU2020/runs/models/41_promoted_v2_C2_lambda005_seed2027_eval_split0_multiaccdoa_foa_model.h5,,as_recorded_NOT_relabelled,"{""ER"": 0.6375186846038864, ""F"": 0.4668574153552694, ""LE"": 16.128031509792905, ""LR"": 0.5502014023571535, ""SELD"": 0.4275150104864672, ""epoch"": 98}",{},,,,
rabbit02,manifest,/work/zhanghc/Myllm/SELD/experiment_completion_20260904/runtime/manifests/Completion_20260904_promoted_v2_C1_lambda005_seed2028_validation.json,Completion_20260904_promoted_v2_C1_lambda005_seed2028_validation,C1,2028,validation_completed,/work/zhanghc/Myllm/SELD/DynamicCausalMultiACCDOA_TAU2020/runs/models/40_promoted_v2_C1_lambda005_seed2028_eval_split0_multiaccdoa_foa_model.h5,,as_recorded_NOT_relabelled,"{""ER"": 0.6258594917787743, ""F"": 0.4707865168539326, ""LE"": 15.902547243443413, ""LR"": 0.5561194029850747, ""SELD"": 0.421825264156391, ""epoch"": 95}",{},,,,
rabbit02,manifest,/work/zhanghc/Myllm/SELD/experiment_completion_20260904/runtime/manifests/Completion_20260904_supplemental_v2_C3_lambda005_seed2028_validation.json,Completion_20260904_supplemental_v2_C3_lambda005_seed2028_validation,C3,2028,validation_completed,/work/zhanghc/Myllm/SELD/DynamicCausalMultiACCDOA_TAU2020/runs/models/42_supplemental_v2_C3_lambda005_seed2028_eval_split0_multiaccdoa_foa_model.h5,,as_recorded_NOT_relabelled,"{""ER"": 0.633034379671151, ""F"": 0.467031620230411, ""LE"": 15.227669671397896, ""LR"": 0.5283497463443748, ""SELD"": 0.4305627944843661, ""epoch"": 96}",{},,,,
rabbit02,manifest,/work/zhanghc/Myllm/SELD/experiment_completion_20260904/runtime/manifests/Completion_20260904_supplemental_v2_A3_lambda005_seed2026_validation.json,Completion_20260904_supplemental_v2_A3_lambda005_seed2026_validation,A3,2026,validation_completed,/work/zhanghc/Myllm/SELD/DynamicCausalMultiACCDOA_TAU2020/runs/models/52_supplemental_v2_A3_lambda005_seed2026_eval_split0_multiaccdoa_foa_model.h5,,as_recorded_NOT_relabelled,"{""ER"": 0.5630792227204783, ""F"": 0.5152368333885392, ""LE"": 14.636978745763104, ""LR"": 0.5685748360166964, ""SELD"": 0.3901460254757039, ""epoch"": 89}",{},,,,
rabbit02,manifest,/work/zhanghc/Myllm/SELD/experiment_completion_20260904/runtime/manifests/Completion_20260904_supplemental_v2_A3_lambda005_seed2027_evaluation.json,Completion_20260904_supplemental_v2_A3_lambda005_seed2027_evaluation,A3,2027,validation_completed,/work/zhanghc/Myllm/SELD/DynamicCausalMultiACCDOA_TAU2020/runs/models/52_supplemental_v2_A3_lambda005_seed2027_eval_split0_multiaccdoa_foa_model.h5,,as_recorded_NOT_relabelled,"{""ER"": 0.5527653213751869, ""F"": 0.5306885619055361, ""LE"": 14.667371776428999, ""LR"": 0.5994928400954654, ""SELD"": 0.376017329533031, ""epoch"": 98}",{},,,,
rabbit02,manifest,/work/zhanghc/Myllm/SELD/experiment_completion_20260904/runtime/manifests/Completion_20260904_supplemental_v2_A3_lambda005_seed2027_validation.json,Completion_20260904_supplemental_v2_A3_lambda005_seed2027_validation,A3,2027,validation_completed,/work/zhanghc/Myllm/SELD/DynamicCausalMultiACCDOA_TAU2020/runs/models/52_supplemental_v2_A3_lambda005_seed2027_eval_split0_multiaccdoa_foa_model.h5,,as_recorded_NOT_relabelled,"{""ER"": 0.5527653213751869, ""F"": 0.5306885619055361, ""LE"": 14.667371776428999, ""LR"": 0.5994928400954654, ""SELD"": 0.376017329533031, ""epoch"": 98}",{},,,,
rabbit02,manifest,/work/zhanghc/Myllm/SELD/experiment_completion_20260904/runtime/manifests/Completion_20260904_pilot_v2_C1_lambda005_seed2026_evaluation.json,Completion_20260904_pilot_v2_C1_lambda005_seed2026_evaluation,C1,2026,validation_completed,/work/zhanghc/Myllm/SELD/DynamicCausalMultiACCDOA_TAU2020/runs/models/40_pilot_v2_C1_lambda005_seed2026_eval_split0_multiaccdoa_foa_model.h5,,as_recorded_NOT_relabelled,"{""ER"": 0.6210762331838565, ""F"": 0.4771088242443886, ""LE"": 15.17429117543716, ""LR"": 0.5432577565632458, ""SELD"": 0.4212528175043849, ""epoch"": 97}",{},,,,
rabbit02,manifest,/work/zhanghc/Myllm/SELD/experiment_completion_20260904/runtime/manifests/Completion_20260904_paper_v1_C0_seed2026_validation.json,Completion_20260904_paper_v1_C0_seed2026_validation,C0,2026,completed,/work/zhanghc/Myllm/SELD/DynamicCausalMultiACCDOA_TAU2020/runs/models/35_paper_v1_C0_seed2026_eval_split0_multiaccdoa_foa_model.h5,/work/zhanghc/Myllm/SELD/DynamicCausalMultiACCDOA_TAU2020/runs/results/35_paper_v1_C0_seed2026_eval_split0_multiaccdoa_foa_20260902095315_test,as_recorded_NOT_relabelled,"{""ER"": 0.6430493273542601, ""F"": 0.46385397486190055, ""LE"": 16.313510817148877, ""LR"": 0.5454816582165225, ""SELD"": 0.43108607748166605, ""epoch"": 82}","{""ER"": [0.5996096682179853, [0.5790985681474032, 0.6233152990225581]], ""F"": [0.49863694676074405, [0.4749014471498698, 0.5194338461077779]], ""LE"": [15.319997833608804, [14.479785591028545, 16.243959410963207]], ""LR"": [0.5748096162460803, [0.5525819883872973, 0.5944217237724037]], ""SELD"": [0.40281855107169134, [0.3878584870762083, 0.4200820964202495]]}",,,,
rabbit02,manifest,/work/zhanghc/Myllm/SELD/experiment_completion_20260904/runtime/manifests/Completion_20260904_supplemental_v2_C3_lambda005_seed2026_evaluation.json,Completion_20260904_supplemental_v2_C3_lambda005_seed2026_evaluation,C3,2026,validation_completed,/work/zhanghc/Myllm/SELD/DynamicCausalMultiACCDOA_TAU2020/runs/models/42_supplemental_v2_C3_lambda005_seed2026_eval_split0_multiaccdoa_foa_model.h5,,as_recorded_NOT_relabelled,"{""ER"": 0.637219730941704, ""F"": 0.4664475266575804, ""LE"": 15.465506848603715, ""LR"": 0.547217663732657, ""SELD"": 0.42736850576092744, ""epoch"": 82}",{},,,,
rabbit02,manifest,/work/zhanghc/Myllm/SELD/experiment_completion_20260904/runtime/manifests/Completion_20260904_supplemental_v2_C3_lambda005_seed2026_validation.json,Completion_20260904_supplemental_v2_C3_lambda005_seed2026_validation,C3,2026,validation_completed,/work/zhanghc/Myllm/SELD/DynamicCausalMultiACCDOA_TAU2020/runs/models/42_supplemental_v2_C3_lambda005_seed2026_eval_split0_multiaccdoa_foa_model.h5,,as_recorded_NOT_relabelled,"{""ER"": 0.637219730941704, ""F"": 0.4664475266575804, ""LE"": 15.465506848603715, ""LR"": 0.547217663732657, ""SELD"": 0.42736850576092744, ""epoch"": 82}",{},,,,
rabbit02,manifest,/work/zhanghc/Myllm/SELD/experiment_completion_20260904/runtime/manifests/Completion_20260904_paper_v1_A0_seed2028_validation.json,Completion_20260904_paper_v1_A0_seed2028_validation,A0,2028,completed,/work/zhanghc/Myllm/SELD/DynamicCausalMultiACCDOA_TAU2020/runs/models/32_paper_v1_A0_seed2028_eval_split0_multiaccdoa_foa_model.h5,/work/zhanghc/Myllm/SELD/DynamicCausalMultiACCDOA_TAU2020/runs/results/32_paper_v1_A0_seed2028_eval_split0_multiaccdoa_foa_20260902113350_test,as_recorded_NOT_relabelled,"{""ER"": 0.558594917787743, ""F"": 0.5134719637511126, ""LE"": 15.043828562864853, ""LR"": 0.5955575432319619, ""SELD"": 0.3832855590384794, ""epoch"": 98}","{""ER"": [0.5203422909473052, [0.4988931395829565, 0.543683091515296]], ""F"": [0.5521417901409019, [0.5274465839033995, 0.5737848588548848]], ""LE"": [14.676493174802108, [13.862544134762029, 15.51002887724724]], ""LR"": [0.6233756534727408, [0.5996643795687279, 0.644460162325765]], ""SELD"": [0.3565902301317519, [0.3407063525912801, 0.3743939493145044]]}",,,,
rabbit02,manifest,/work/zhanghc/Myllm/SELD/experiment_completion_20260904/runtime/manifests/Completion_20260904_supplemental_v2_C3_lambda005_seed2027_evaluation.json,Completion_20260904_supplemental_v2_C3_lambda005_seed2027_evaluation,C3,2027,validation_completed,/work/zhanghc/Myllm/SELD/DynamicCausalMultiACCDOA_TAU2020/runs/models/42_supplemental_v2_C3_lambda005_seed2027_eval_split0_multiaccdoa_foa_model.h5,,as_recorded_NOT_relabelled,"{""ER"": 0.6210762331838565, ""F"": 0.4756176853055917, ""LE"": 14.779798276970789, ""LR"": 0.5354424712729443, ""SELD"": 0.423031516758234, ""epoch"": 96}",{},,,,
rabbit02,manifest,/work/zhanghc/Myllm/SELD/experiment_completion_20260904/runtime/manifests/Completion_20260904_supplemental_v2_C3_lambda005_seed2028_evaluation.json,Completion_20260904_supplemental_v2_C3_lambda005_seed2028_evaluation,C3,2028,validation_completed,/work/zhanghc/Myllm/SELD/DynamicCausalMultiACCDOA_TAU2020/runs/models/42_supplemental_v2_C3_lambda005_seed2028_eval_split0_multiaccdoa_foa_model.h5,,as_recorded_NOT_relabelled,"{""ER"": 0.633034379671151, ""F"": 0.467031620230411, ""LE"": 15.227669671397896, ""LR"": 0.5283497463443748, ""SELD"": 0.4305627944843661, ""epoch"": 96}",{},,,,
rabbit02,manifest,/work/zhanghc/Myllm/SELD/experiment_completion_20260904/runtime/manifests/Completion_20260904_pilot_v2_C2_lambda005_seed2026_validation.json,Completion_20260904_pilot_v2_C2_lambda005_seed2026_validation,C2,2026,validation_completed,/work/zhanghc/Myllm/SELD/DynamicCausalMultiACCDOA_TAU2020/runs/models/41_pilot_v2_C2_lambda005_seed2026_eval_split0_multiaccdoa_foa_model.h5,,as_recorded_NOT_relabelled,"{""ER"": 0.6261584454409567, ""F"": 0.4763048350944605, ""LE"": 15.674344349791395, ""LR"": 0.560077519379845, ""SELD"": 0.41921394544970647, ""epoch"": 82}",{},,,,
rabbit02,manifest,/work/zhanghc/Myllm/SELD/ObjectStateSELD/data_intermediate/manifests/manifest_build_summary_v0.json,,,,UNKNOWN,,,as_recorded_NOT_relabelled,{},{},,,,
rabbit02,manifest,/work/zhanghc/Myllm/SELD/ObjectStateSELD/data_intermediate/manifests/data_audit_v0.json,,,,PASS,,,as_recorded_NOT_relabelled,{},{},,,,
rabbit02,manifest,/work/zhanghc/Myllm/SELD/DynamicCausalMultiACCDOA_TAU2020/runs/manifests/41_pilot_v2_C2_lambda005_seed2026_eval_split0_multiaccdoa_foa.json,pilot_v2_C2_lambda005_seed2026,C2,2026,validation_completed,/work/zhanghc/Myllm/SELD/DynamicCausalMultiACCDOA_TAU2020/runs/models/41_pilot_v2_C2_lambda005_seed2026_eval_split0_multiaccdoa_foa_model.h5,,as_recorded_NOT_relabelled,"{""ER"": 0.6261584454409567, ""F"": 0.4763048350944605, ""LE"": 15.674344349791395, ""LR"": 0.560077519379845, ""SELD"": 0.41921394544970647, ""epoch"": 82}",{},,,,
rabbit02,manifest,/work/zhanghc/Myllm/SELD/DynamicCausalMultiACCDOA_TAU2020/runs/manifests/52_paper_v1_A3_seed2026_eval_split0_multiaccdoa_foa.json,paper_v1_A3_seed2026,A3,2026,completed,/work/zhanghc/Myllm/SELD/DynamicCausalMultiACCDOA_TAU2020/runs/models/52_paper_v1_A3_seed2026_eval_split0_multiaccdoa_foa_model.h5,/work/zhanghc/Myllm/SELD/DynamicCausalMultiACCDOA_TAU2020/runs/results/52_paper_v1_A3_seed2026_eval_split0_multiaccdoa_foa_20260902094604_test,as_recorded_NOT_relabelled,"{""ER"": 0.5804185351270553, ""F"": 0.4942302760919737, ""LE"": 14.621440355753311, ""LR"": 0.5425246195165622, ""SELD"": 0.40622346592928726, ""epoch"": 81}","{""ER"": [0.5565981083921333, [0.5367809549918021, 0.5792338793744432]], ""F"": [0.5133437328723808, [0.48753491429037527, 0.5346245444762834]], ""LE"": [15.116444391962395, [14.344164926635479, 15.958002492013243]], ""LR"": [0.5625560538116592, [0.5390595962380214, 0.5834109288333]], ""SELD"": [0.39116964208252664, [0.375883991227228, 0.4090485650418098]]}",,,,
rabbit02,manifest,/work/zhanghc/Myllm/SELD/DynamicCausalMultiACCDOA_TAU2020/runs/manifests/45_C3_smoke_seed2026_strictcausal_v1_eval_split0_multiaccdoa_foa.json,C3_smoke_seed2026_strictcausal_v1,C3,2026,completed,/work/zhanghc/Myllm/SELD/DynamicCausalMultiACCDOA_TAU2020/runs/models/45_C3_smoke_seed2026_strictcausal_v1_eval_split0_multiaccdoa_foa_model.h5,/work/zhanghc/Myllm/SELD/DynamicCausalMultiACCDOA_TAU2020/runs/results/45_C3_smoke_seed2026_strictcausal_v1_eval_split0_multiaccdoa_foa_20260902085239_test,as_recorded_NOT_relabelled,"{""ER"": 1.0, ""F"": 0.0, ""LE"": 180, ""LR"": 0.0, ""SELD"": 1.0, ""epoch"": 1}","{""ER"": [1.0, [1.0, 1.0]], ""F"": [0.0, [0.0, 0.0]], ""LE"": [180, [180.0, 180.0]], ""LR"": [0.0, [0.0, 0.0]], ""SELD"": [1.0, [1.0, 1.0]]}",,,,
rabbit02,manifest,/work/zhanghc/Myllm/SELD/DynamicCausalMultiACCDOA_TAU2020/runs/manifests/43_C1_smoke_seed2026_strictcausal_v1_eval_split0_multiaccdoa_foa.json,C1_smoke_seed2026_strictcausal_v1,C1,2026,completed,/work/zhanghc/Myllm/SELD/DynamicCausalMultiACCDOA_TAU2020/runs/models/43_C1_smoke_seed2026_strictcausal_v1_eval_split0_multiaccdoa_foa_model.h5,/work/zhanghc/Myllm/SELD/DynamicCausalMultiACCDOA_TAU2020/runs/results/43_C1_smoke_seed2026_strictcausal_v1_eval_split0_multiaccdoa_foa_20260902085236_test,as_recorded_NOT_relabelled,"{""ER"": 1.0, ""F"": 0.0, ""LE"": 180, ""LR"": 0.0, ""SELD"": 1.0, ""epoch"": 1}","{""ER"": [1.0, [1.0, 1.0]], ""F"": [0.0, [0.0, 0.0]], ""LE"": [180, [180.0, 180.0]], ""LR"": [0.0, [0.0, 0.0]], ""SELD"": [1.0, [1.0, 1.0]]}",,,,
rabbit02,manifest,/work/zhanghc/Myllm/SELD/DynamicCausalMultiACCDOA_TAU2020/runs/manifests/51_paper_v1_A2_seed2027_eval_split0_multiaccdoa_foa.json,paper_v1_A2_seed2027,A2,2027,completed,/work/zhanghc/Myllm/SELD/DynamicCausalMultiACCDOA_TAU2020/runs/models/51_paper_v1_A2_seed2027_eval_split0_multiaccdoa_foa_model.h5,/work/zhanghc/Myllm/SELD/DynamicCausalMultiACCDOA_TAU2020/runs/results/51_paper_v1_A2_seed2027_eval_split0_multiaccdoa_foa_20260902104913_test,as_recorded_NOT_relabelled,"{""ER"": 0.5837070254110612, ""F"": 0.4846712889482917, ""LE"": 15.689962880234845, ""LR"": 0.5620807870025339, ""SELD"": 0.4060303524764962, ""epoch"": 88}","{""ER"": [0.5663564029425011, [0.5458419497788519, 0.5909325583127415]], ""F"": [0.4958310638119579, [0.46932890918939735, 0.5185412785928323]], ""LE"": [15.886525811157052, [15.126911367143258, 16.77981756564572]], ""LR"": [0.5706062644838155, [0.547928169352393, 0.5914104440437395]], ""SELD"": [0.3970443878438445, [0.3811867245484423, 0.4155196034754138]]}",,,,
rabbit02,manifest,/work/zhanghc/Myllm/SELD/DynamicCausalMultiACCDOA_TAU2020/runs/manifests/42_supplemental_v2_C3_lambda005_seed2026_eval_split0_multiaccdoa_foa.json,supplemental_v2_C3_lambda005_seed2026,C3,2026,validation_completed,/work/zhanghc/Myllm/SELD/DynamicCausalMultiACCDOA_TAU2020/runs/models/42_supplemental_v2_C3_lambda005_seed2026_eval_split0_multiaccdoa_foa_model.h5,,as_recorded_NOT_relabelled,"{""ER"": 0.637219730941704, ""F"": 0.4664475266575804, ""LE"": 15.465506848603715, ""LR"": 0.547217663732657, ""SELD"": 0.42736850576092744, ""epoch"": 82}",{},,,,
rabbit02,manifest,/work/zhanghc/Myllm/SELD/DynamicCausalMultiACCDOA_TAU2020/runs/manifests/43_pilot_v2_validation_only_smoke_eval_split0_multiaccdoa_foa.json,pilot_v2_validation_only_smoke,C1,2026,validation_completed,/work/zhanghc/Myllm/SELD/DynamicCausalMultiACCDOA_TAU2020/runs/models/43_pilot_v2_validation_only_smoke_eval_split0_multiaccdoa_foa_model.h5,,as_recorded_NOT_relabelled,"{""ER"": 1.0, ""F"": 0.0, ""LE"": 180, ""LR"": 0.0, ""SELD"": 1.0, ""epoch"": 1}",{},,,,
rabbit02,manifest,/work/zhanghc/Myllm/SELD/DynamicCausalMultiACCDOA_TAU2020/runs/manifests/42_supplemental_v2_C3_lambda005_seed2027_eval_split0_multiaccdoa_foa.json,supplemental_v2_C3_lambda005_seed2027,C3,2027,validation_completed,/work/zhanghc/Myllm/SELD/DynamicCausalMultiACCDOA_TAU2020/runs/models/42_supplemental_v2_C3_lambda005_seed2027_eval_split0_multiaccdoa_foa_model.h5,,as_recorded_NOT_relabelled,"{""ER"": 0.6210762331838565, ""F"": 0.4756176853055917, ""LE"": 14.779798276970789, ""LR"": 0.5354424712729443, ""SELD"": 0.423031516758234, ""epoch"": 96}",{},,,,
rabbit02,manifest,/work/zhanghc/Myllm/SELD/DynamicCausalMultiACCDOA_TAU2020/runs/manifests/41_promoted_v2_C2_lambda005_seed2027_eval_split0_multiaccdoa_foa.json,promoted_v2_C2_lambda005_seed2027,C2,2027,validation_completed,/work/zhanghc/Myllm/SELD/DynamicCausalMultiACCDOA_TAU2020/runs/models/41_promoted_v2_C2_lambda005_seed2027_eval_split0_multiaccdoa_foa_model.h5,,as_recorded_NOT_relabelled,"{""ER"": 0.6375186846038864, ""F"": 0.4668574153552694, ""LE"": 16.128031509792905, ""LR"": 0.5502014023571535, ""SELD"": 0.4275150104864672, ""epoch"": 98}",{},,,,
rabbit02,manifest,/work/zhanghc/Myllm/SELD/DynamicCausalMultiACCDOA_TAU2020/runs/manifests/32_paper_v1_A0_seed2026_eval_split0_multiaccdoa_foa.json,paper_v1_A0_seed2026,A0,2026,completed,/work/zhanghc/Myllm/SELD/DynamicCausalMultiACCDOA_TAU2020/runs/models/32_paper_v1_A0_seed2026_eval_split0_multiaccdoa_foa_model.h5,/work/zhanghc/Myllm/SELD/DynamicCausalMultiACCDOA_TAU2020/runs/results/32_paper_v1_A0_seed2026_eval_split0_multiaccdoa_foa_20260902094006_test,as_recorded_NOT_relabelled,"{""ER"": 0.5316890881913303, ""F"": 0.5438825448613377, ""LE"": 14.125427593533791, ""LR"": 0.5952593917710197, ""SELD"": 0.3677554373252069, ""epoch"": 93}","{""ER"": [0.5067557423810238, [0.4861573416763502, 0.5299217755896987]], ""F"": [0.557875991581674, [0.5321162511160542, 0.5789718825122352]], ""LE"": [14.741195445834672, [14.076504862454255, 15.533783103524433]], ""LR"": [0.6376324824600687, [0.6150525956018573, 0.6584033024544349]], ""SELD"": [0.34828569964847955, [0.33298195953551624, 0.3660272118126344]]}",,,,
rabbit02,manifest,/work/zhanghc/Myllm/SELD/DynamicCausalMultiACCDOA_TAU2020/runs/manifests/34_C0_smoke_seed2026_strictcausal_v1_eval_split0_multiaccdoa_foa.json,C0_smoke_seed2026_strictcausal_v1,C0,2026,completed,/work/zhanghc/Myllm/SELD/DynamicCausalMultiACCDOA_TAU2020/runs/models/34_C0_smoke_seed2026_strictcausal_v1_eval_split0_multiaccdoa_foa_model.h5,/work/zhanghc/Myllm/SELD/DynamicCausalMultiACCDOA_TAU2020/runs/results/34_C0_smoke_seed2026_strictcausal_v1_eval_split0_multiaccdoa_foa_20260902084952_test,as_recorded_NOT_relabelled,"{""ER"": 1.0, ""F"": 0.0, ""LE"": 180, ""LR"": 0.0, ""SELD"": 1.0, ""epoch"": 1}","{""ER"": [1.0, [1.0, 1.0]], ""F"": [0.0, [0.0, 0.0]], ""LE"": [180, [180.0, 180.0]], ""LR"": [0.0, [0.0, 0.0]], ""SELD"": [1.0, [1.0, 1.0]]}",,,,
rabbit02,manifest,/work/zhanghc/Myllm/SELD/DynamicCausalMultiACCDOA_TAU2020/runs/manifests/40_paper_v1_C1_seed2028_eval_split0_multiaccdoa_foa.json,paper_v1_C1_seed2028,C1,2028,completed,/work/zhanghc/Myllm/SELD/DynamicCausalMultiACCDOA_TAU2020/runs/models/40_paper_v1_C1_seed2028_eval_split0_multiaccdoa_foa_model.h5,/work/zhanghc/Myllm/SELD/DynamicCausalMultiACCDOA_TAU2020/runs/results/40_paper_v1_C1_seed2028_eval_split0_multiaccdoa_foa_20260902140418_test,as_recorded_NOT_relabelled,"{""ER"": 0.6185351270553064, ""F"": 0.4641392585153569, ""LE"": 15.742143645522088, ""LR"": 0.5240298507462686, ""SELD"": 0.42945559284497864, ""epoch"": 86}","{""ER"": [0.6127458339588651, [0.5936789941877715, 0.6336314273707252]], ""F"": [0.47045483180042835, [0.44695481944624915, 0.49146015686946987]], ""LE"": [15.619411445115794, [14.814797831311958, 16.46056393491834]], ""LR"": [0.5208099828140178, [0.49875453863598684, 0.5403912961109272]], ""SELD"": [0.42706388184321, [0.41223482554829166, 0.4436405795287907]]}",,,,
rabbit02,manifest,/work/zhanghc/Myllm/SELD/DynamicCausalMultiACCDOA_TAU2020/runs/manifests/35_paper_v1_C0_seed2027_eval_split0_multiaccdoa_foa.json,paper_v1_C0_seed2027,C0,2027,completed,/work/zhanghc/Myllm/SELD/DynamicCausalMultiACCDOA_TAU2020/runs/models/35_paper_v1_C0_seed2027_eval_split0_multiaccdoa_foa_model.h5,/work/zhanghc/Myllm/SELD/DynamicCausalMultiACCDOA_TAU2020/runs/results/35_paper_v1_C0_seed2027_eval_split0_multiaccdoa_foa_20260902122653_test,as_recorded_NOT_relabelled,"{""ER"": 0.6284005979073244, ""F"": 0.47331897583153865, ""LE"": 15.526111912513429, ""LR"": 0.5474485228290062, ""SELD"": 0.4234723191346302, ""epoch"": 98}","{""ER"": [0.6087674523344843, [0.5894665846049757, 0.6302224168155391]], ""F"": [0.4923715951753335, [0.469622743434423, 0.5116394255034236]], ""LE"": [15.302603114082812, [14.660874677894144, 16.226920881009516]], ""LR"": [0.5740325713431944, [0.5516696353270423, 0.5934783073949363]], ""SELD"": [0.40684443689021516, [0.3927392846039244, 0.42348015389028115]]}",,,,
rabbit02,manifest,/work/zhanghc/Myllm/SELD/DynamicCausalMultiACCDOA_TAU2020/runs/manifests/40_paper_v1_C1_seed2027_eval_split0_multiaccdoa_foa.json,paper_v1_C1_seed2027,C1,2027,completed,/work/zhanghc/Myllm/SELD/DynamicCausalMultiACCDOA_TAU2020/runs/models/40_paper_v1_C1_seed2027_eval_split0_multiaccdoa_foa_model.h5,/work/zhanghc/Myllm/SELD/DynamicCausalMultiACCDOA_TAU2020/runs/results/40_paper_v1_C1_seed2027_eval_split0_multiaccdoa_foa_20260902131533_test,as_recorded_NOT_relabelled,"{""ER"": 0.6464872944693573, ""F"": 0.45212289136989653, ""LE"": 15.3524487898597, ""LR"": 0.524164677804296, ""SELD"": 0.43887277686526294, ""epoch"": 97}","{""ER"": [0.6110193664614922, [0.5919163558376835, 0.6334263170922995]], ""F"": [0.48407123019114523, [0.4602401513878344, 0.5040692501153935]], ""LE"": [14.419791980586844, [13.6816920425343, 15.212291080681153]], ""LR"": [0.5343397354457813, [0.5108081901231364, 0.5543205954012437]], ""SELD"": [0.4181795890680676, [0.40365472195615615, 0.4354519316350114]]}",,,,
rabbit02,manifest,/work/zhanghc/Myllm/SELD/DynamicCausalMultiACCDOA_TAU2020/runs/manifests/41_paper_v1_C2_seed2028_eval_split0_multiaccdoa_foa.json,paper_v1_C2_seed2028,C2,2028,completed,/work/zhanghc/Myllm/SELD/DynamicCausalMultiACCDOA_TAU2020/runs/models/41_paper_v1_C2_seed2028_eval_split0_multiaccdoa_foa_model.h5,/work/zhanghc/Myllm/SELD/DynamicCausalMultiACCDOA_TAU2020/runs/results/41_paper_v1_C2_seed2028_eval_split0_multiaccdoa_foa_20260902134607_test,as_recorded_NOT_relabelled,"{""ER"": 0.6400597907324365, ""F"": 0.450278962914342, ""LE"": 15.985593257544858, ""LR"": 0.5266219239373602, ""SELD"": 0.43799193882788473, ""epoch"": 87}","{""ER"": [0.6095931541810539, [0.5898249779906033, 0.6295720872373813]], ""F"": [0.4844053372991283, [0.4632638787700014, 0.5050942839241921]], ""LE"": [14.634698904394439, [13.949385009536547, 15.320734830762992]], ""LR"": [0.5326355140186916, [0.511666564620735, 0.5533631578019991]], ""SELD"": [0.4184640464163563, [0.4033702419629895, 0.4337849972874363]]}",,,,
rabbit02,manifest,/work/zhanghc/Myllm/SELD/DynamicCausalMultiACCDOA_TAU2020/runs/manifests/52_supplemental_v2_A3_lambda005_seed2028_eval_split0_multiaccdoa_foa.json,supplemental_v2_A3_lambda005_seed2028,A3,2028,validation_completed,/work/zhanghc/Myllm/SELD/DynamicCausalMultiACCDOA_TAU2020/runs/models/52_supplemental_v2_A3_lambda005_seed2028_eval_split0_multiaccdoa_foa_model.h5,,as_recorded_NOT_relabelled,"{""ER"": 0.5644245142002989, ""F"": 0.5160016454134101, ""LE"": 14.720956111588684, ""LR"": 0.5784372203996421, ""SELD"": 0.3879421844740182, ""epoch"": 89}",{},,,,
rabbit02,manifest,/work/zhanghc/Myllm/SELD/DynamicCausalMultiACCDOA_TAU2020/runs/manifests/52_supplemental_v2_A3_lambda005_seed2026_eval_split0_multiaccdoa_foa.json,supplemental_v2_A3_lambda005_seed2026,A3,2026,validation_completed,/work/zhanghc/Myllm/SELD/DynamicCausalMultiACCDOA_TAU2020/runs/models/52_supplemental_v2_A3_lambda005_seed2026_eval_split0_multiaccdoa_foa_model.h5,,as_recorded_NOT_relabelled,"{""ER"": 0.5630792227204783, ""F"": 0.5152368333885392, ""LE"": 14.636978745763104, ""LR"": 0.5685748360166964, ""SELD"": 0.3901460254757039, ""epoch"": 89}",{},,,,
rabbit02,manifest,/work/zhanghc/Myllm/SELD/DynamicCausalMultiACCDOA_TAU2020/runs/manifests/50_paper_v1_A1_seed2027_eval_split0_multiaccdoa_foa.json,paper_v1_A1_seed2027,A1,2027,completed,/work/zhanghc/Myllm/SELD/DynamicCausalMultiACCDOA_TAU2020/runs/models/50_paper_v1_A1_seed2027_eval_split0_multiaccdoa_foa_model.h5,/work/zhanghc/Myllm/SELD/DynamicCausalMultiACCDOA_TAU2020/runs/results/50_paper_v1_A1_seed2027_eval_split0_multiaccdoa_foa_20260902103709_test,as_recorded_NOT_relabelled,"{""ER"": 0.5566517189835576, ""F"": 0.5136329525556574, ""LE"": 14.705410888480982, ""LR"": 0.5759021771547868, ""SELD"": 0.3872033291078353, ""epoch"": 99}","{""ER"": [0.5340789671220537, [0.5130299623910278, 0.5583015863219382]], ""F"": [0.5342775970683905, [0.5088372505279508, 0.5560893351966336]], ""LE"": [15.160859531778076, [14.373056134620949, 15.98695238947306]], ""LR"": [0.6035281805950067, [0.5799808747933529, 0.6236794725947777]], ""SELD"": [0.37012504671435587, [0.35451234251258756, 0.38834048989317316]]}",,,,
rabbit02,manifest,/work/zhanghc/Myllm/SELD/DynamicCausalMultiACCDOA_TAU2020/runs/manifests/51_paper_v1_A2_seed2028_eval_split0_multiaccdoa_foa.json,paper_v1_A2_seed2028,A2,2028,completed,/work/zhanghc/Myllm/SELD/DynamicCausalMultiACCDOA_TAU2020/runs/models/51_paper_v1_A2_seed2028_eval_split0_multiaccdoa_foa_model.h5,/work/zhanghc/Myllm/SELD/DynamicCausalMultiACCDOA_TAU2020/runs/results/51_paper_v1_A2_seed2028_eval_split0_multiaccdoa_foa_20260902115126_test,as_recorded_NOT_relabelled,"{""ER"": 0.5775784753363229, ""F"": 0.498982015609094, ""LE"": 15.101785572928598, ""LR"": 0.5469868735083532, ""SELD"": 0.40387709873934197, ""epoch"": 89}","{""ER"": [0.5552469599159285, [0.5346851798281097, 0.5785419486145257]], ""F"": [0.5060730458335096, [0.48008189969359877, 0.5281222328127223]], ""LE"": [15.041551854483425, [14.309236114880974, 15.903135788545438]], ""LR"": [0.5646029609690444, [0.5427536116920704, 0.5858497757866596]], ""SELD"": [0.39203378252068166, [0.3762109159934639, 0.4098556137646161]]}",,,,
rabbit02,manifest,/work/zhanghc/Myllm/SELD/DynamicCausalMultiACCDOA_TAU2020/runs/manifests/33_A0_smoke_seed2026_strictcausal_v1_eval_split0_multiaccdoa_foa.json,A0_smoke_seed2026_strictcausal_v1,A0,2026,completed,/work/zhanghc/Myllm/SELD/DynamicCausalMultiACCDOA_TAU2020/runs/models/33_A0_smoke_seed2026_strictcausal_v1_eval_split0_multiaccdoa_foa_model.h5,/work/zhanghc/Myllm/SELD/DynamicCausalMultiACCDOA_TAU2020/runs/results/33_A0_smoke_seed2026_strictcausal_v1_eval_split0_multiaccdoa_foa_20260902084951_test,as_recorded_NOT_relabelled,"{""ER"": 1.0, ""F"": 0.0, ""LE"": 180, ""LR"": 0.0, ""SELD"": 1.0, ""epoch"": 1}","{""ER"": [1.0, [1.0, 1.0]], ""F"": [0.0, [0.0, 0.0]], ""LE"": [180, [180.0, 180.0]], ""LR"": [0.0, [0.0, 0.0]], ""SELD"": [1.0, [1.0, 1.0]]}",,,,
rabbit02,manifest,/work/zhanghc/Myllm/SELD/DynamicCausalMultiACCDOA_TAU2020/runs/manifests/40_promoted_v2_C1_lambda005_seed2028_eval_split0_multiaccdoa_foa.json,promoted_v2_C1_lambda005_seed2028,C1,2028,validation_completed,/work/zhanghc/Myllm/SELD/DynamicCausalMultiACCDOA_TAU2020/runs/models/40_promoted_v2_C1_lambda005_seed2028_eval_split0_multiaccdoa_foa_model.h5,,as_recorded_NOT_relabelled,"{""ER"": 0.6258594917787743, ""F"": 0.4707865168539326, ""LE"": 15.902547243443413, ""LR"": 0.5561194029850747, ""SELD"": 0.421825264156391, ""epoch"": 95}",{},,,,
rabbit02,manifest,/work/zhanghc/Myllm/SELD/DynamicCausalMultiACCDOA_TAU2020/runs/manifests/40_promoted_v2_C1_lambda005_seed2027_eval_split0_multiaccdoa_foa.json,promoted_v2_C1_lambda005_seed2027,C1,2027,validation_completed,/work/zhanghc/Myllm/SELD/DynamicCausalMultiACCDOA_TAU2020/runs/models/40_promoted_v2_C1_lambda005_seed2027_eval_split0_multiaccdoa_foa_model.h5,,as_recorded_NOT_relabelled,"{""ER"": 0.6221225710014948, ""F"": 0.47901393700153067, ""LE"": 15.42342648196948, ""LR"": 0.556980906921241, ""SELD"": 0.4179533574390828, ""epoch"": 81}",{},,,,
rabbit02,manifest,/work/zhanghc/Myllm/SELD/DynamicCausalMultiACCDOA_TAU2020/runs/manifests/32_paper_v1_A0_seed2027_eval_split0_multiaccdoa_foa.json,paper_v1_A0_seed2027,A0,2027,completed,/work/zhanghc/Myllm/SELD/DynamicCausalMultiACCDOA_TAU2020/runs/models/32_paper_v1_A0_seed2027_eval_split0_multiaccdoa_foa_model.h5,/work/zhanghc/Myllm/SELD/DynamicCausalMultiACCDOA_TAU2020/runs/results/32_paper_v1_A0_seed2027_eval_split0_multiaccdoa_foa_20260902103752_test,as_recorded_NOT_relabelled,"{""ER"": 0.5485799701046338, ""F"": 0.5264954486345904, ""LE"": 14.820816335062894, ""LR"": 0.6059025190043226, ""SELD"": 0.374629967748462, ""epoch"": 81}","{""ER"": [0.5286743732172346, [0.507595087632072, 0.550608000298522]], ""F"": [0.5398584428715875, [0.5157118217133153, 0.5618020342283571]], ""LE"": [15.350193510937425, [14.436518602237054, 16.309646712702367]], ""LR"": [0.6242718446601941, [0.6016165400498494, 0.6451770608330689]], ""SELD"": [0.36245573463099856, [0.34665475419331176, 0.3795221609650747]]}",,,,
rabbit02,manifest,/work/zhanghc/Myllm/SELD/DynamicCausalMultiACCDOA_TAU2020/runs/manifests/32_paper_v1_A0_seed2028_eval_split0_multiaccdoa_foa.json,paper_v1_A0_seed2028,A0,2028,completed,/work/zhanghc/Myllm/SELD/DynamicCausalMultiACCDOA_TAU2020/runs/models/32_paper_v1_A0_seed2028_eval_split0_multiaccdoa_foa_model.h5,/work/zhanghc/Myllm/SELD/DynamicCausalMultiACCDOA_TAU2020/runs/results/32_paper_v1_A0_seed2028_eval_split0_multiaccdoa_foa_20260902113350_test,as_recorded_NOT_relabelled,"{""ER"": 0.558594917787743, ""F"": 0.5134719637511126, ""LE"": 15.043828562864853, ""LR"": 0.5955575432319619, ""SELD"": 0.3832855590384794, ""epoch"": 98}","{""ER"": [0.5203422909473052, [0.4988931395829565, 0.543683091515296]], ""F"": [0.5521417901409019, [0.5274465839033995, 0.5737848588548848]], ""LE"": [14.676493174802108, [13.862544134762029, 15.51002887724724]], ""LR"": [0.6233756534727408, [0.5996643795687279, 0.644460162325765]], ""SELD"": [0.3565902301317519, [0.3407063525912801, 0.3743939493145044]]}",,,,
rabbit02,manifest,/work/zhanghc/Myllm/SELD/DynamicCausalMultiACCDOA_TAU2020/runs/manifests/52_paper_v1_A3_seed2027_eval_split0_multiaccdoa_foa.json,paper_v1_A3_seed2027,A3,2027,completed,/work/zhanghc/Myllm/SELD/DynamicCausalMultiACCDOA_TAU2020/runs/models/52_paper_v1_A3_seed2027_eval_split0_multiaccdoa_foa_model.h5,/work/zhanghc/Myllm/SELD/DynamicCausalMultiACCDOA_TAU2020/runs/results/52_paper_v1_A3_seed2027_eval_split0_multiaccdoa_foa_20260902104739_test,as_recorded_NOT_relabelled,"{""ER"": 0.5866965620328849, ""F"": 0.48368288225567835, ""LE"": 15.482112729534446, ""LR"": 0.5321689804448425, ""SELD"": 0.4142141091796666, ""epoch"": 75}","{""ER"": [0.5728869539108242, [0.5534066627705153, 0.5951215610811383]], ""F"": [0.4955090463707078, [0.4704540167949384, 0.5166244361826371]], ""LE"": [15.723837800608027, [14.885726745427148, 16.620111109315626]], ""LR"": [0.5449446604845947, [0.5204452709537173, 0.5661259657266444]], ""SELD"": [0.404946975375836, [0.389696993768013, 0.42278074791199755]]}",,,,
rabbit02,manifest,/work/zhanghc/Myllm/SELD/DynamicCausalMultiACCDOA_TAU2020/runs/manifests/50_paper_v1_A1_seed2028_eval_split0_multiaccdoa_foa.json,paper_v1_A1_seed2028,A1,2028,completed,/work/zhanghc/Myllm/SELD/DynamicCausalMultiACCDOA_TAU2020/runs/models/50_paper_v1_A1_seed2028_eval_split0_multiaccdoa_foa_model.h5,/work/zhanghc/Myllm/SELD/DynamicCausalMultiACCDOA_TAU2020/runs/results/50_paper_v1_A1_seed2028_eval_split0_multiaccdoa_foa_20260902113209_test,as_recorded_NOT_relabelled,"{""ER"": 0.535575485799701, ""F"": 0.5405804230201673, ""LE"": 14.832165538384864, ""LR"": 0.6125279642058166, ""SELD"": 0.3662170045578527, ""epoch"": 96}","{""ER"": [0.5144122504128509, [0.4950201176896937, 0.536379359909018]], ""F"": [0.5542019919334925, [0.5293711218270576, 0.574343028083149]], ""LE"": [14.809294577709927, [14.143029838886928, 15.581470690157165]], ""LR"": [0.6220213640098603, [0.5990303343177699, 0.642092432168119]], ""SELD"": [0.35511568830863827, [0.3404627254671553, 0.37246194334605]]}",,,,
rabbit02,manifest,/work/zhanghc/Myllm/SELD/DynamicCausalMultiACCDOA_TAU2020/runs/manifests/42_paper_v1_C3_seed2027_eval_split0_multiaccdoa_foa.json,paper_v1_C3_seed2027,C3,2027,completed,/work/zhanghc/Myllm/SELD/DynamicCausalMultiACCDOA_TAU2020/runs/models/42_paper_v1_C3_seed2027_eval_split0_multiaccdoa_foa_model.h5,/work/zhanghc/Myllm/SELD/DynamicCausalMultiACCDOA_TAU2020/runs/results/42_paper_v1_C3_seed2027_eval_split0_multiaccdoa_foa_20260902134126_test,as_recorded_NOT_relabelled,"{""ER"": 0.639611360239163, ""F"": 0.4348929689483036, ""LE"": 16.469395117742494, ""LR"": 0.5056682577565632, ""SELD"": 0.44763669326932753, ""epoch"": 77}","{""ER"": [0.6216784266626633, [0.6008867078646344, 0.6449344102914639]], ""F"": [0.45746034438883704, [0.4324400713177697, 0.47943447193000815]], ""LE"": [15.453547622911286, [14.51892531018769, 16.446259218829855]], ""LR"": [0.4995885389391786, [0.4757471427375431, 0.5212141310830091]], ""SELD"": [0.43762064642103876, [0.4217010495112992, 0.4555524764953717]]}",,,,
rabbit02,manifest,/work/zhanghc/Myllm/SELD/DynamicCausalMultiACCDOA_TAU2020/runs/manifests/42_supplemental_v2_C3_lambda005_seed2028_eval_split0_multiaccdoa_foa.json,supplemental_v2_C3_lambda005_seed2028,C3,2028,validation_completed,/work/zhanghc/Myllm/SELD/DynamicCausalMultiACCDOA_TAU2020/runs/models/42_supplemental_v2_C3_lambda005_seed2028_eval_split0_multiaccdoa_foa_model.h5,,as_recorded_NOT_relabelled,"{""ER"": 0.633034379671151, ""F"": 0.467031620230411, ""LE"": 15.227669671397896, ""LR"": 0.5283497463443748, ""SELD"": 0.4305627944843661, ""epoch"": 96}",{},,,,
rabbit02,manifest,/work/zhanghc/Myllm/SELD/DynamicCausalMultiACCDOA_TAU2020/runs/manifests/40_paper_v1_C1_seed2026_eval_split0_multiaccdoa_foa.json,paper_v1_C1_seed2026,C1,2026,completed,/work/zhanghc/Myllm/SELD/DynamicCausalMultiACCDOA_TAU2020/runs/models/40_paper_v1_C1_seed2026_eval_split0_multiaccdoa_foa_model.h5,/work/zhanghc/Myllm/SELD/DynamicCausalMultiACCDOA_TAU2020/runs/results/40_paper_v1_C1_seed2026_eval_split0_multiaccdoa_foa_20260902122514_test,as_recorded_NOT_relabelled,"{""ER"": 0.6336322869955157, ""F"": 0.46867749419953597, ""LE"": 15.649826099002647, ""LR"": 0.5519916455318514, ""SELD"": 0.4249766563979802, ""epoch"": 89}","{""ER"": [0.6148476204774058, [0.5964671268349293, 0.6360825469714375]], ""F"": [0.4812894864733517, [0.45827257513000114, 0.5012469833572966]], ""LE"": [14.901363795740332, [14.090366622554873, 15.759217141815311]], ""LR"": [0.5398818868206623, [0.5178722901020237, 0.5595998943381807]], ""SELD"": [0.4191154004010429, [0.40477111421000067, 0.43557612373801713]]}",,,,
rabbit02,manifest,/work/zhanghc/Myllm/SELD/DynamicCausalMultiACCDOA_TAU2020/runs/manifests/40_pilot_v2_C1_lambda002_seed2026_eval_split0_multiaccdoa_foa.json,pilot_v2_C1_lambda002_seed2026,C1,2026,validation_completed,/work/zhanghc/Myllm/SELD/DynamicCausalMultiACCDOA_TAU2020/runs/models/40_pilot_v2_C1_lambda002_seed2026_eval_split0_multiaccdoa_foa_model.h5,,as_recorded_NOT_relabelled,"{""ER"": 0.6342301943198804, ""F"": 0.46669345118521494, ""LE"": 15.713287086957601, ""LR"": 0.5394599433089662, ""SELD"": 0.4288432097994215, ""epoch"": 99}",{},,,,
rabbit02,manifest,/work/zhanghc/Myllm/SELD/DynamicCausalMultiACCDOA_TAU2020/runs/manifests/50_paper_v1_A1_seed2026_eval_split0_multiaccdoa_foa.json,paper_v1_A1_seed2026,A1,2026,completed,/work/zhanghc/Myllm/SELD/DynamicCausalMultiACCDOA_TAU2020/runs/models/50_paper_v1_A1_seed2026_eval_split0_multiaccdoa_foa_model.h5,/work/zhanghc/Myllm/SELD/DynamicCausalMultiACCDOA_TAU2020/runs/results/50_paper_v1_A1_seed2026_eval_split0_multiaccdoa_foa_20260902094014_test,as_recorded_NOT_relabelled,"{""ER"": 0.5630792227204783, ""F"": 0.5168392726086602, ""LE"": 14.737312671669725, ""LR"": 0.5844272076372315, ""SELD"": 0.3859216754404101, ""epoch"": 97}","{""ER"": [0.5412100285242456, [0.5205076024380216, 0.5648202182899752]], ""F"": [0.5344465956760245, [0.5103887858647834, 0.5554669668182571]], ""LE"": [14.765731324759079, [13.876382836636845, 15.660712127103475]], ""LR"": [0.6121945752073527, [0.5883292540106954, 0.6316428195226728]], ""SELD"": [0.36915017458349364, [0.3540989504591724, 0.3867997911739067]]}",,,,
rabbit02,manifest,/work/zhanghc/Myllm/SELD/DynamicCausalMultiACCDOA_TAU2020/runs/manifests/41_promoted_v2_C2_lambda005_seed2028_eval_split0_multiaccdoa_foa.json,promoted_v2_C2_lambda005_seed2028,C2,2028,validation_completed,/work/zhanghc/Myllm/SELD/DynamicCausalMultiACCDOA_TAU2020/runs/models/41_promoted_v2_C2_lambda005_seed2028_eval_split0_multiaccdoa_foa_model.h5,,as_recorded_NOT_relabelled,"{""ER"": 0.6260089686098654, ""F"": 0.480705097665555, ""LE"": 15.016070975995852, ""LR"": 0.5473668506638818, ""SELD"": 0.4203399092034347, ""epoch"": 92}",{},,,,
rabbit02,manifest,/work/zhanghc/Myllm/SELD/DynamicCausalMultiACCDOA_TAU2020/runs/manifests/52_paper_v1_A3_seed2028_eval_split0_multiaccdoa_foa.json,paper_v1_A3_seed2028,A3,2028,completed,/work/zhanghc/Myllm/SELD/DynamicCausalMultiACCDOA_TAU2020/runs/models/52_paper_v1_A3_seed2028_eval_split0_multiaccdoa_foa_model.h5,/work/zhanghc/Myllm/SELD/DynamicCausalMultiACCDOA_TAU2020/runs/results/52_paper_v1_A3_seed2028_eval_split0_multiaccdoa_foa_20260902114746_test,as_recorded_NOT_relabelled,"{""ER"": 0.600896860986547, ""F"": 0.47395612772084356, ""LE"": 15.517800462610092, ""LR"": 0.544490892803822, ""SELD"": 0.41716496075798437, ""epoch"": 93}","{""ER"": [0.5594505329530101, [0.5392916746026072, 0.5822381821701935]], ""F"": [0.5140613123891563, [0.4885773069589635, 0.535725394975478]], ""LE"": [14.826379523883219, [14.095009750949707, 15.603978966799726]], ""LR"": [0.5600657845555804, [0.5362235470714275, 0.5812956712185474]], ""SELD"": [0.3919230527852394, [0.3763823406821064, 0.40979323889629726]]}",,,,
rabbit02,manifest,/work/zhanghc/Myllm/SELD/DynamicCausalMultiACCDOA_TAU2020/runs/manifests/44_C2_smoke_seed2026_strictcausal_v1_eval_split0_multiaccdoa_foa.json,C2_smoke_seed2026_strictcausal_v1,C2,2026,completed,/work/zhanghc/Myllm/SELD/DynamicCausalMultiACCDOA_TAU2020/runs/models/44_C2_smoke_seed2026_strictcausal_v1_eval_split0_multiaccdoa_foa_model.h5,/work/zhanghc/Myllm/SELD/DynamicCausalMultiACCDOA_TAU2020/runs/results/44_C2_smoke_seed2026_strictcausal_v1_eval_split0_multiaccdoa_foa_20260902085238_test,as_recorded_NOT_relabelled,"{""ER"": 1.0, ""F"": 0.0, ""LE"": 180, ""LR"": 0.0, ""SELD"": 1.0, ""epoch"": 1}","{""ER"": [1.0, [1.0, 1.0]], ""F"": [0.0, [0.0, 0.0]], ""LE"": [180, [180.0, 180.0]], ""LR"": [0.0, [0.0, 0.0]], ""SELD"": [1.0, [1.0, 1.0]]}",,,,
rabbit02,manifest,/work/zhanghc/Myllm/SELD/DynamicCausalMultiACCDOA_TAU2020/runs/manifests/41_pilot_v2_C2_lambda002_seed2026_eval_split0_multiaccdoa_foa.json,pilot_v2_C2_lambda002_seed2026,C2,2026,validation_completed,/work/zhanghc/Myllm/SELD/DynamicCausalMultiACCDOA_TAU2020/runs/models/41_pilot_v2_C2_lambda002_seed2026_eval_split0_multiaccdoa_foa_model.h5,,as_recorded_NOT_relabelled,"{""ER"": 0.6282511210762332, ""F"": 0.4738942998562989, ""LE"": 15.856180719039818, ""LR"": 0.5590034312994182, ""SELD"": 0.4208608207010176, ""epoch"": 82}",{},,,,
rabbit02,manifest,/work/zhanghc/Myllm/SELD/DynamicCausalMultiACCDOA_TAU2020/runs/manifests/41_paper_v1_C2_seed2026_eval_split0_multiaccdoa_foa.json,paper_v1_C2_seed2026,C2,2026,completed,/work/zhanghc/Myllm/SELD/DynamicCausalMultiACCDOA_TAU2020/runs/models/41_paper_v1_C2_seed2026_eval_split0_multiaccdoa_foa_model.h5,/work/zhanghc/Myllm/SELD/DynamicCausalMultiACCDOA_TAU2020/runs/results/41_paper_v1_C2_seed2026_eval_split0_multiaccdoa_foa_20260902105218_test,as_recorded_NOT_relabelled,"{""ER"": 0.6458893871449926, ""F"": 0.4508943089430894, ""LE"": 16.70491139035372, ""LR"": 0.5379794060587972, ""SELD"": 0.4374551838557122, ""epoch"": 82}","{""ER"": [0.6154481309112746, [0.5963766383349235, 0.6370278977238063]], ""F"": [0.4816053511705686, [0.4589010851486144, 0.5013235003512254]], ""LE"": [15.479448753537696, [14.581954110577199, 16.438454139626376]], ""LR"": [0.5419190786029466, [0.5192087218904411, 0.5623346319575688]], ""SELD"": [0.4194801596643533, [0.4049919439146666, 0.4360011056105419]]}",,,,
rabbit02,manifest,/work/zhanghc/Myllm/SELD/DynamicCausalMultiACCDOA_TAU2020/runs/manifests/41_paper_v1_C2_seed2027_eval_split0_multiaccdoa_foa.json,paper_v1_C2_seed2027,C2,2027,completed,/work/zhanghc/Myllm/SELD/DynamicCausalMultiACCDOA_TAU2020/runs/models/41_paper_v1_C2_seed2027_eval_split0_multiaccdoa_foa_model.h5,/work/zhanghc/Myllm/SELD/DynamicCausalMultiACCDOA_TAU2020/runs/results/41_paper_v1_C2_seed2027_eval_split0_multiaccdoa_foa_20260902125005_test,as_recorded_NOT_relabelled,"{""ER"": 0.6430493273542601, ""F"": 0.44788525792518946, ""LE"": 16.994803827814046, ""LR"": 0.537061894108874, ""SELD"": 0.43812943803534643, ""epoch"": 87}","{""ER"": [0.635189911424711, [0.6158087670823722, 0.6575508130635832]], ""F"": [0.460322633208408, [0.4368281504028446, 0.4809835356606621]], ""LE"": [15.401051883735276, [14.676881254978408, 16.189384697280467]], ""LR"": [0.5328799880436407, [0.5094804617003363, 0.5540475564886718]], ""SELD"": [0.43188717238168683, [0.4170713006427934, 0.44880348215317223]]}",,,,
rabbit02,manifest,/work/zhanghc/Myllm/SELD/DynamicCausalMultiACCDOA_TAU2020/runs/manifests/42_paper_v1_C3_seed2026_eval_split0_multiaccdoa_foa.json,paper_v1_C3_seed2026,C3,2026,completed,/work/zhanghc/Myllm/SELD/DynamicCausalMultiACCDOA_TAU2020/runs/models/42_paper_v1_C3_seed2026_eval_split0_multiaccdoa_foa_model.h5,/work/zhanghc/Myllm/SELD/DynamicCausalMultiACCDOA_TAU2020/runs/results/42_paper_v1_C3_seed2026_eval_split0_multiaccdoa_foa_20260902124526_test,as_recorded_NOT_relabelled,"{""ER"": 0.6536621823617339, ""F"": 0.43818930041152265, ""LE"": 16.451790275208115, ""LR"": 0.5208955223880597, ""SELD"": 0.44649404860610475, ""epoch"": 89}","{""ER"": [0.6265575739378472, [0.6068049187339276, 0.6491569569096668]], ""F"": [0.46525952693823913, [0.4404645463601353, 0.4864242588430019]], ""LE"": [15.255462292192924, [14.462100517830057, 16.118486438693566]], ""LR"": [0.521700089793475, [0.4979615361716697, 0.5423407040481724]], ""SELD"": [0.4310876313740234, [0.41594476034840644, 0.4487209846463559]]}",,,,
rabbit02,manifest,/work/zhanghc/Myllm/SELD/DynamicCausalMultiACCDOA_TAU2020/runs/manifests/35_paper_v1_C0_seed2028_eval_split0_multiaccdoa_foa.json,paper_v1_C0_seed2028,C0,2028,completed,/work/zhanghc/Myllm/SELD/DynamicCausalMultiACCDOA_TAU2020/runs/models/35_paper_v1_C0_seed2028_eval_split0_multiaccdoa_foa_model.h5,/work/zhanghc/Myllm/SELD/DynamicCausalMultiACCDOA_TAU2020/runs/results/35_paper_v1_C0_seed2028_eval_split0_multiaccdoa_foa_20260902131803_test,as_recorded_NOT_relabelled,"{""ER"": 0.6284005979073244, ""F"": 0.4692214602662364, ""LE"": 15.338391163046975, ""LR"": 0.5473134328358209, ""SELD"": 0.4242697472611042, ""epoch"": 92}","{""ER"": [0.6127458339588651, [0.5936605242316433, 0.6346509021293789]], ""F"": [0.4847490192938916, [0.46234463526689945, 0.5039022940863421]], ""LE"": [15.214875267063169, [14.38470151702967, 16.091906651056867]], ""LR"": [0.5591751344889421, [0.5362363475080804, 0.5791155338088442]], ""SELD"": [0.4133371912482623, [0.3992698733134705, 0.4297369030649353]]}",,,,
rabbit02,manifest,/work/zhanghc/Myllm/SELD/DynamicCausalMultiACCDOA_TAU2020/runs/manifests/51_paper_v1_A2_seed2026_eval_split0_multiaccdoa_foa.json,paper_v1_A2_seed2026,A2,2026,completed,/work/zhanghc/Myllm/SELD/DynamicCausalMultiACCDOA_TAU2020/runs/models/51_paper_v1_A2_seed2026_eval_split0_multiaccdoa_foa_model.h5,/work/zhanghc/Myllm/SELD/DynamicCausalMultiACCDOA_TAU2020/runs/results/51_paper_v1_A2_seed2026_eval_split0_multiaccdoa_foa_20260902094702_test,as_recorded_NOT_relabelled,"{""ER"": 0.6002989536621823, ""F"": 0.4823480083857442, ""LE"": 15.282785272034166, ""LR"": 0.5451290466955094, ""SELD"": 0.41443156530083514, ""epoch"": 99}","{""ER"": [0.5593004053445428, [0.5381487664687534, 0.5822316933409679]], ""F"": [0.5110124780169165, [0.4872814394205413, 0.5331386965662688]], ""LE"": [15.305599270844306, [14.520358965097781, 16.128292927649753]], ""LR"": [0.5683754296816619, [0.5468681101396871, 0.5889229945667163]], ""SELD"": [0.39123590117655266, [0.375403567389494, 0.40820630946289593]]}",,,,
rabbit02,manifest,/work/zhanghc/Myllm/SELD/DynamicCausalMultiACCDOA_TAU2020/runs/manifests/42_paper_v1_C3_seed2028_eval_split0_multiaccdoa_foa.json,paper_v1_C3_seed2028,C3,2028,completed,/work/zhanghc/Myllm/SELD/DynamicCausalMultiACCDOA_TAU2020/runs/models/42_paper_v1_C3_seed2028_eval_split0_multiaccdoa_foa_model.h5,/work/zhanghc/Myllm/SELD/DynamicCausalMultiACCDOA_TAU2020/runs/results/42_paper_v1_C3_seed2028_eval_split0_multiaccdoa_foa_20260902143422_test,as_recorded_NOT_relabelled,"{""ER"": 0.6364723467862481, ""F"": 0.4417805348310839, ""LE"": 16.106794752636798, ""LR"": 0.5153007911628601, ""SELD"": 0.44221830346562707, ""epoch"": 87}","{""ER"": [0.6269328929590151, [0.6070870356077377, 0.6488475005342317]], ""F"": [0.45984212504698657, [0.4352005270746961, 0.48173475434913166]], ""LE"": [15.317699804299037, [14.475945981186728, 16.1951455084811]], ""LR"": [0.5056104129263914, [0.48197863491691834, 0.526664573999567]], ""SELD"": [0.43664467180793576, [0.42108978298211064, 0.4540979666483659]]}",,,,
rabbit02,manifest,/work/zhanghc/Myllm/SELD/DynamicCausalMultiACCDOA_TAU2020/runs/manifests/52_supplemental_v2_A3_lambda005_seed2027_eval_split0_multiaccdoa_foa.json,supplemental_v2_A3_lambda005_seed2027,A3,2027,validation_completed,/work/zhanghc/Myllm/SELD/DynamicCausalMultiACCDOA_TAU2020/runs/models/52_supplemental_v2_A3_lambda005_seed2027_eval_split0_multiaccdoa_foa_model.h5,,as_recorded_NOT_relabelled,"{""ER"": 0.5527653213751869, ""F"": 0.5306885619055361, ""LE"": 14.667371776428999, ""LR"": 0.5994928400954654, ""SELD"": 0.376017329533031, ""epoch"": 98}",{},,,,
rabbit02,manifest,/work/zhanghc/Myllm/SELD/DynamicCausalMultiACCDOA_TAU2020/runs/manifests/35_paper_v1_C0_seed2026_eval_split0_multiaccdoa_foa.json,paper_v1_C0_seed2026,C0,2026,completed,/work/zhanghc/Myllm/SELD/DynamicCausalMultiACCDOA_TAU2020/runs/models/35_paper_v1_C0_seed2026_eval_split0_multiaccdoa_foa_model.h5,/work/zhanghc/Myllm/SELD/DynamicCausalMultiACCDOA_TAU2020/runs/results/35_paper_v1_C0_seed2026_eval_split0_multiaccdoa_foa_20260902095315_test,as_recorded_NOT_relabelled,"{""ER"": 0.6430493273542601, ""F"": 0.46385397486190055, ""LE"": 16.313510817148877, ""LR"": 0.5454816582165225, ""SELD"": 0.43108607748166605, ""epoch"": 82}","{""ER"": [0.5996096682179853, [0.5790985681474032, 0.6233152990225581]], ""F"": [0.49863694676074405, [0.4749014471498698, 0.5194338461077779]], ""LE"": [15.319997833608804, [14.479785591028545, 16.243959410963207]], ""LR"": [0.5748096162460803, [0.5525819883872973, 0.5944217237724037]], ""SELD"": [0.40281855107169134, [0.3878584870762083, 0.4200820964202495]]}",,,,
rabbit02,manifest,/work/zhanghc/Myllm/SELD/DynamicCausalMultiACCDOA_TAU2020/runs/manifests/55_A3_smoke_seed2026_strictcausal_v1_eval_split0_multiaccdoa_foa.json,A3_smoke_seed2026_strictcausal_v1,A3,2026,completed,/work/zhanghc/Myllm/SELD/DynamicCausalMultiACCDOA_TAU2020/runs/models/55_A3_smoke_seed2026_strictcausal_v1_eval_split0_multiaccdoa_foa_model.h5,/work/zhanghc/Myllm/SELD/DynamicCausalMultiACCDOA_TAU2020/runs/results/55_A3_smoke_seed2026_strictcausal_v1_eval_split0_multiaccdoa_foa_20260902085239_test,as_recorded_NOT_relabelled,"{""ER"": 1.065217391304348, ""F"": 0.0, ""LE"": 61.56197431127047, ""LR"": 0.010869565217391304, ""SELD"": 0.8490896986207259, ""epoch"": 0}","{""ER"": [1.072361507281189, [1.0596397264618407, 1.0835500501968554]], ""F"": [0.00024475310530502355, [-9.537359702414884e-05, 0.0005813217123487145]], ""LE"": [94.53940492046821, [86.3648017573328, 104.89152826493941]], ""LR"": [0.011935144873142171, [0.009061881547621598, 0.015221299941423572]], ""SELD"": [0.8963501313818912, [0.8849781155165637, 0.910260837944715]]}",,,,
rabbit02,manifest,/work/zhanghc/Myllm/SELD/DynamicCausalMultiACCDOA_TAU2020/runs/manifests/40_pilot_v2_C1_lambda005_seed2026_eval_split0_multiaccdoa_foa.json,pilot_v2_C1_lambda005_seed2026,C1,2026,validation_completed,/work/zhanghc/Myllm/SELD/DynamicCausalMultiACCDOA_TAU2020/runs/models/40_pilot_v2_C1_lambda005_seed2026_eval_split0_multiaccdoa_foa_model.h5,,as_recorded_NOT_relabelled,"{""ER"": 0.6210762331838565, ""F"": 0.4771088242443886, ""LE"": 15.17429117543716, ""LR"": 0.5432577565632458, ""SELD"": 0.4212528175043849, ""epoch"": 97}",{},,,,
rabbit02,training_curve,/work/zhanghc/Myllm/SELD/EINV2/C0_CausalEINV2_seed2026/out_train/ein_seld/C0_CausalEINV2_seed2026/checkpoints/metrics_statistics.csv,,,,LOGGED_METRICS_ONLY,,,as_recorded_NOT_relabelled,,,90,"{""epoch"": ""90"", ""ER20"": ""1.0658755514985547"", ""F20"": ""0.005806357961968245"", ""LE20"": ""70.7580474960495"", ""LR20"": ""0.6558281318043256"", ""seld20"": ""0.6993353313998005"", ""ER19"": ""0.5261695229272811"", ""F19"": ""0.6594498405872321"", ""LE19"": ""62.8328453402603"", ""LR19"": ""0.7052666666666667"", ""seld19"": ""0.3776310946687071""}",seld20,"{""epoch"": ""27"", ""ER20"": ""1.024950555301993"", ""F20"": ""0.007133798351299825"", ""LE20"": ""70.52128692525208"", ""LR20"": ""0.6506024096385542"", ""seld20"": ""0.6897498186686626"", ""ER19"": ""0.4864906592558283"", ""F19"": ""0.6535069978157105"", ""LE19"": ""63.89839475965166"", ""LR19"": ""0.6668"", ""seld19"": ""0.3802936858595457""}"
rabbit02,evaluation_table,/work/zhanghc/Myllm/SELD/EINV2/C0p1_CausalEINV2_fix_seed2026/out_eval/ein_seld/Completion_20260904_E0_OfflineEINV2_seed2027_evaluation/results.csv,,,,LOGGED_METRICS_ONLY,,,as_recorded_NOT_relabelled,,,1,"{"""": ""0"", ""ER20"": ""0.3480767771792732"", ""F20"": ""0.7297827340895982"", ""LE20"": ""10.835278461870294"", ""LR20"": ""0.8060757546625649"", ""seld20"": ""0.2181035699704863"", ""ER19"": ""0.2770472895040369"", ""F19"": ""0.8077524226320724"", ""LE19"": ""10.017395834936421"", ""LR19"": ""0.8000166666666667"", ""seld19"": ""0.1812325998220695""}",seld20,"{"""": ""0"", ""ER20"": ""0.3480767771792732"", ""F20"": ""0.7297827340895982"", ""LE20"": ""10.835278461870294"", ""LR20"": ""0.8060757546625649"", ""seld20"": ""0.2181035699704863"", ""ER19"": ""0.2770472895040369"", ""F19"": ""0.8077524226320724"", ""LE19"": ""10.017395834936421"", ""LR19"": ""0.8000166666666667"", ""seld19"": ""0.1812325998220695""}"
rabbit02,evaluation_table,/work/zhanghc/Myllm/SELD/EINV2/C0p1_CausalEINV2_fix_seed2026/out_eval/ein_seld/Completion_20260904_E0_OfflineEINV2_seed2027_validation/results.csv,,,,LOGGED_METRICS_ONLY,,,as_recorded_NOT_relabelled,,,1,"{"""": ""0"", ""ER20"": ""0.4083371367716416"", ""F20"": ""0.6880036840893391"", ""LE20"": ""10.501785617334015"", ""LR20"": ""0.7586153964233631"", ""seld20"": ""0.25501532742214317"", ""ER19"": ""0.3441408059286707"", ""F19"": ""0.7602686240824612"", ""LE19"": ""8.735577894274465"", ""LR19"": ""0.7687833333333334"", ""seld19"": ""0.21590495920360023""}",seld20,"{"""": ""0"", ""ER20"": ""0.4083371367716416"", ""F20"": ""0.6880036840893391"", ""LE20"": ""10.501785617334015"", ""LR20"": ""0.7586153964233631"", ""seld20"": ""0.25501532742214317"", ""ER19"": ""0.3441408059286707"", ""F19"": ""0.7602686240824612"", ""LE19"": ""8.735577894274465"", ""LR19"": ""0.7687833333333334"", ""seld19"": ""0.21590495920360023""}"
rabbit02,evaluation_table,/work/zhanghc/Myllm/SELD/EINV2/C0p1_CausalEINV2_fix_seed2026/out_eval/ein_seld/Completion_20260904_E0_OfflineEINV2_seed2028_evaluation/results.csv,,,,LOGGED_METRICS_ONLY,,,as_recorded_NOT_relabelled,,,1,"{"""": ""0"", ""ER20"": ""0.35020104696153553"", ""F20"": ""0.7372358476014189"", ""LE20"": ""10.279316798851491"", ""LR20"": ""0.8037945395650161"", ""seld20"": ""0.21656949383606885"", ""ER19"": ""0.28765859284890427"", ""F19"": ""0.8063783106096222"", ""LE19"": ""9.824639253701813"", ""LR19"": ""0.7854666666666666"", ""seld19"": ""0.18759873618996192""}",seld20,"{"""": ""0"", ""ER20"": ""0.35020104696153553"", ""F20"": ""0.7372358476014189"", ""LE20"": ""10.279316798851491"", ""LR20"": ""0.8037945395650161"", ""seld20"": ""0.21656949383606885"", ""ER19"": ""0.28765859284890427"", ""F19"": ""0.8063783106096222"", ""LE19"": ""9.824639253701813"", ""LR19"": ""0.7854666666666666"", ""seld19"": ""0.18759873618996192""}"
rabbit02,evaluation_table,/work/zhanghc/Myllm/SELD/EINV2/C0p1_CausalEINV2_fix_seed2026/out_eval/ein_seld/Completion_20260904_E0_OfflineEINV2_seed2028_validation/results.csv,,,,LOGGED_METRICS_ONLY,,,as_recorded_NOT_relabelled,,,1,"{"""": ""0"", ""ER20"": ""0.3929712460063898"", ""F20"": ""0.6997457431235071"", ""LE20"": ""10.131926750210823"", ""LR20"": ""0.7675475768549194"", ""seld20"": ""0.24549160199339473"", ""ER19"": ""0.3314806237455612"", ""F19"": ""0.7693031276945989"", ""LE19"": ""8.990482438727053"", ""LR19"": ""0.7784666666666666"", ""seld19"": ""0.2084144885109726""}",seld20,"{"""": ""0"", ""ER20"": ""0.3929712460063898"", ""F20"": ""0.6997457431235071"", ""LE20"": ""10.131926750210823"", ""LR20"": ""0.7675475768549194"", ""seld20"": ""0.24549160199339473"", ""ER19"": ""0.3314806237455612"", ""F19"": ""0.7693031276945989"", ""LE19"": ""8.990482438727053"", ""LR19"": ""0.7784666666666666"", ""seld19"": ""0.2084144885109726""}"
rabbit02,evaluation_table,/work/zhanghc/Myllm/SELD/EINV2/C0p1_CausalEINV2_fix_seed2026/out_eval/ein_seld/Completion_20260904_EINV2_C0_bestfix_seed2026_evaluation/results.csv,,,,LOGGED_METRICS_ONLY,,,as_recorded_NOT_relabelled,,,1,"{"""": ""0"", ""ER20"": ""0.6132311660723769"", ""F20"": ""0.5702675006183963"", ""LE20"": ""14.503934680686598"", ""LR20"": ""0.6680801441747056"", ""seld20"": ""0.36386523404299465"", ""ER19"": ""0.5275663206459055"", ""F19"": ""0.6690961573155331"", ""LE19"": ""11.80315614777967"", ""LR19"": ""0.721525"", ""seld19"": ""0.30062956326006485""}",seld20,"{"""": ""0"", ""ER20"": ""0.6132311660723769"", ""F20"": ""0.5702675006183963"", ""LE20"": ""14.503934680686598"", ""LR20"": ""0.6680801441747056"", ""seld20"": ""0.36386523404299465"", ""ER19"": ""0.5275663206459055"", ""F19"": ""0.6690961573155331"", ""LE19"": ""11.80315614777967"", ""LR19"": ""0.721525"", ""seld19"": ""0.30062956326006485""}"
rabbit02,evaluation_table,/work/zhanghc/Myllm/SELD/EINV2/C0p1_CausalEINV2_fix_seed2026/out_eval/ein_seld/Completion_20260904_EINV2_C0_bestfix_seed2026_validation/results.csv,,,,LOGGED_METRICS_ONLY,,,as_recorded_NOT_relabelled,,,1,"{"""": ""0"", ""ER20"": ""0.6263502205994219"", ""F20"": ""0.5423172905525845"", ""LE20"": ""16.64318104917051"", ""LR20"": ""0.6562566844919785"", ""seld20"": ""0.3800595906236738"", ""ER19"": ""0.5301837270341208"", ""F19"": ""0.6573324582512943"", ""LE19"": ""12.219083195031182"", ""LR19"": ""0.7311"", ""seld19"": ""0.3024087660776944""}",seld20,"{"""": ""0"", ""ER20"": ""0.6263502205994219"", ""F20"": ""0.5423172905525845"", ""LE20"": ""16.64318104917051"", ""LR20"": ""0.6562566844919785"", ""seld20"": ""0.3800595906236738"", ""ER19"": ""0.5301837270341208"", ""F19"": ""0.6573324582512943"", ""LE19"": ""12.219083195031182"", ""LR19"": ""0.7311"", ""seld19"": ""0.3024087660776944""}"
rabbit02,evaluation_table,/work/zhanghc/Myllm/SELD/EINV2/C0p1_CausalEINV2_fix_seed2026/out_eval/ein_seld/Completion_20260904_EINV2_C0_bestfix_seed2027_evaluation/results.csv,,,,LOGGED_METRICS_ONLY,,,as_recorded_NOT_relabelled,,,1,"{"""": ""0"", ""ER20"": ""0.6085274258402246"", ""F20"": ""0.5890819729682288"", ""LE20"": ""12.443813773859933"", ""LR20"": ""0.6554326838687028"", ""seld20"": ""0.35828626693673976"", ""ER19"": ""0.5536332179930796"", ""F19"": ""0.6561963365769891"", ""LE19"": ""10.874225771991613"", ""LR19"": ""0.7222416666666667"", ""seld19"": ""0.30890189503734433""}",seld20,"{"""": ""0"", ""ER20"": ""0.6085274258402246"", ""F20"": ""0.5890819729682288"", ""LE20"": ""12.443813773859933"", ""LR20"": ""0.6554326838687028"", ""seld20"": ""0.35828626693673976"", ""ER19"": ""0.5536332179930796"", ""F19"": ""0.6561963365769891"", ""LE19"": ""10.874225771991613"", ""LR19"": ""0.7222416666666667"", ""seld19"": ""0.30890189503734433""}"
rabbit02,evaluation_table,/work/zhanghc/Myllm/SELD/EINV2/C0p1_CausalEINV2_fix_seed2026/out_eval/ein_seld/Completion_20260904_EINV2_C0_bestfix_seed2027_validation/results.csv,,,,LOGGED_METRICS_ONLY,,,as_recorded_NOT_relabelled,,,1,"{"""": ""0"", ""ER20"": ""0.5893808002434201"", ""F20"": ""0.5830099180681327"", ""LE20"": ""12.234117937366563"", ""LR20"": ""0.6488428920511714"", ""seld20"": ""0.3563738279995937"", ""ER19"": ""0.535741855797437"", ""F19"": ""0.6511252840700827"", ""LE19"": ""10.946238332246658"", ""LR19"": ""0.73685"", ""seld19"": ""0.3021447517266256""}",seld20,"{"""": ""0"", ""ER20"": ""0.5893808002434201"", ""F20"": ""0.5830099180681327"", ""LE20"": ""12.234117937366563"", ""LR20"": ""0.6488428920511714"", ""seld20"": ""0.3563738279995937"", ""ER19"": ""0.535741855797437"", ""F19"": ""0.6511252840700827"", ""LE19"": ""10.946238332246658"", ""LR19"": ""0.73685"", ""seld19"": ""0.3021447517266256""}"
rabbit02,evaluation_table,/work/zhanghc/Myllm/SELD/EINV2/C0p1_CausalEINV2_fix_seed2026/out_eval/ein_seld/Completion_20260904_EINV2_C0_bestfix_seed2028_evaluation/results.csv,,,,LOGGED_METRICS_ONLY,,,as_recorded_NOT_relabelled,,,1,"{"""": ""0"", ""ER20"": ""0.5428267961459676"", ""F20"": ""0.6039348611008768"", ""LE20"": ""13.936269940416631"", ""LR20"": ""0.7019379559354505"", ""seld20"": ""0.328594425250211"", ""ER19"": ""0.46028450595924647"", ""F19"": ""0.7016368767638756"", ""LE19"": ""11.637122023948312"", ""LR19"": ""0.7310583333333334"", ""seld19"": ""0.2730599934432153""}",seld20,"{"""": ""0"", ""ER20"": ""0.5428267961459676"", ""F20"": ""0.6039348611008768"", ""LE20"": ""13.936269940416631"", ""LR20"": ""0.7019379559354505"", ""seld20"": ""0.328594425250211"", ""ER19"": ""0.46028450595924647"", ""F19"": ""0.7016368767638756"", ""LE19"": ""11.637122023948312"", ""LR19"": ""0.7310583333333334"", ""seld19"": ""0.2730599934432153""}"
rabbit02,evaluation_table,/work/zhanghc/Myllm/SELD/EINV2/C0p1_CausalEINV2_fix_seed2026/out_eval/ein_seld/Completion_20260904_EINV2_C0_bestfix_seed2028_validation/results.csv,,,,LOGGED_METRICS_ONLY,,,as_recorded_NOT_relabelled,,,1,"{"""": ""0"", ""ER20"": ""0.5770576601247528"", ""F20"": ""0.5573867854491461"", ""LE20"": ""15.34940535263028"", ""LR20"": ""0.6775055679287304"", ""seld20"": ""0.3568599452320389"", ""ER19"": ""0.4798517832329782"", ""F19"": ""0.6771940479805647"", ""LE19"": ""12.36957460775712"", ""LR19"": ""0.7171666666666666"", ""seld19"": ""0.28855273187943276""}",seld20,"{"""": ""0"", ""ER20"": ""0.5770576601247528"", ""F20"": ""0.5573867854491461"", ""LE20"": ""15.34940535263028"", ""LR20"": ""0.6775055679287304"", ""seld20"": ""0.3568599452320389"", ""ER19"": ""0.4798517832329782"", ""F19"": ""0.6771940479805647"", ""LE19"": ""12.36957460775712"", ""LR19"": ""0.7171666666666666"", ""seld19"": ""0.28855273187943276""}"
rabbit02,evaluation_table,/work/zhanghc/Myllm/SELD/EINV2/C0p1_CausalEINV2_fix_seed2026/out_eval/ein_seld/Completion_20260904_EvalAlias_Pilot_E0_best_seed2026_validation/results.csv,,,,LOGGED_METRICS_ONLY,,,as_recorded_NOT_relabelled,,,1,"{"""": ""0"", ""ER20"": ""0.3817130686140271"", ""F20"": ""0.7108610190395435"", ""LE20"": ""9.871360331870319"", ""LR20"": ""0.7728358899252292"", ""seld20"": ""0.23821426259546682"", ""ER19"": ""0.3243785703257681"", ""F19"": ""0.774451410658307"", ""LE19"": ""9.17548338726354"", ""LR19"": ""0.7860166666666667"", ""seld19"": ""0.2037213501769535""}",seld20,"{"""": ""0"", ""ER20"": ""0.3817130686140271"", ""F20"": ""0.7108610190395435"", ""LE20"": ""9.871360331870319"", ""LR20"": ""0.7728358899252292"", ""seld20"": ""0.23821426259546682"", ""ER19"": ""0.3243785703257681"", ""F19"": ""0.774451410658307"", ""LE19"": ""9.17548338726354"", ""LR19"": ""0.7860166666666667"", ""seld19"": ""0.2037213501769535""}"
rabbit02,evaluation_table,/work/zhanghc/Myllm/SELD/EINV2/C0p1_CausalEINV2_fix_seed2026/out_eval/ein_seld/Eval_Pilot_C0_best_seed2026/results.csv,,,,LOGGED_METRICS_ONLY,,,as_recorded_NOT_relabelled,,,1,"{"""": ""0"", ""ER20"": ""0.6074652909490934"", ""F20"": ""0.5783592644978782"", ""LE20"": ""14.248039303233568"", ""LR20"": ""0.6725601131541725"", ""seld20"": ""0.3589254218009739"", ""ER19"": ""0.5275663206459055"", ""F19"": ""0.6736659811667929"", ""LE19"": ""11.982540827091833"", ""LR19"": ""0.7243916666666667"", ""seld19"": ""0.2990195860185168""}",seld20,"{"""": ""0"", ""ER20"": ""0.6074652909490934"", ""F20"": ""0.5783592644978782"", ""LE20"": ""14.248039303233568"", ""LR20"": ""0.6725601131541725"", ""seld20"": ""0.3589254218009739"", ""ER19"": ""0.5275663206459055"", ""F19"": ""0.6736659811667929"", ""LE19"": ""11.982540827091833"", ""LR19"": ""0.7243916666666667"", ""seld19"": ""0.2990195860185168""}"
rabbit02,evaluation_table,/work/zhanghc/Myllm/SELD/EINV2/C0p1_CausalEINV2_fix_seed2026/out_eval/ein_seld/Eval_Pilot_E0_best_seed2026/results.csv,,,,LOGGED_METRICS_ONLY,,,as_recorded_NOT_relabelled,,,1,"{"""": ""0"", ""ER20"": ""0.34375237083681054"", ""F20"": ""0.7451283040710012"", ""LE20"": ""9.906898718279168"", ""LR20"": ""0.8032413660042445"", ""seld20"": ""0.21260525674355674"", ""ER19"": ""0.29096501345636294"", ""F19"": ""0.8045940966641839"", ""LE19"": ""9.889190769101818"", ""LR19"": ""0.7864083333333334"", ""seld19"": ""0.1887256330440195""}",seld20,"{"""": ""0"", ""ER20"": ""0.34375237083681054"", ""F20"": ""0.7451283040710012"", ""LE20"": ""9.906898718279168"", ""LR20"": ""0.8032413660042445"", ""seld20"": ""0.21260525674355674"", ""ER19"": ""0.29096501345636294"", ""F19"": ""0.8045940966641839"", ""LE19"": ""9.889190769101818"", ""LR19"": ""0.7864083333333334"", ""seld19"": ""0.1887256330440195""}"
rabbit02,training_curve,/work/zhanghc/Myllm/SELD/EINV2/C0p1_CausalEINV2_fix_seed2026/out_train/ein_seld/C0p1_CausalEINV2_fix_seed2026/checkpoints/metrics_statistics.csv,,,,LOGGED_METRICS_ONLY,,,as_recorded_NOT_relabelled,,,90,"{""epoch"": ""90"", ""ER20"": ""0.6363912977331507"", ""F20"": ""0.5472230053566393"", ""LE20"": ""15.251654812624155"", ""LR20"": ""0.6513955455314349"", ""seld20"": ""0.38062604061769156"", ""ER19"": ""0.5480932530492512"", ""F19"": ""0.6522584828182407"", ""LE19"": ""11.99319129476771"", ""LR19"": ""0.7309833333333333"", ""seld19"": ""0.3078700693560411""}",seld20,"{""epoch"": ""81"", ""ER20"": ""0.627110908261068"", ""F20"": ""0.5492110662987333"", ""LE20"": ""15.282208040745392"", ""LR20"": ""0.6597325408618125"", ""seld20"": ""0.37576711422061027"", ""ER19"": ""0.5328083989501312"", ""F19"": ""0.6603036876355747"", ""LE19"": ""11.880271133246461"", ""LR19"": ""0.7309666666666667"", ""seld19"": ""0.3018848877359259""}"
rabbit02,training_curve,/work/zhanghc/Myllm/SELD/EINV2/C0p1_CausalEINV2_fix_seed2026/out_train/ein_seld/E0_OfflineEINV2_seed2027/checkpoints/metrics_statistics.csv,,,,LOGGED_METRICS_ONLY,,,as_recorded_NOT_relabelled,,,90,"{""epoch"": ""90"", ""ER20"": ""0.40940209949794615"", ""F20"": ""0.6836687663235519"", ""LE20"": ""10.715575218823641"", ""LR20"": ""0.7583346136119218"", ""seld20"": ""0.2567324232500954"", ""ER19"": ""0.34244248880654626"", ""F19"": ""0.7603409179763858"", ""LE19"": ""8.75063823706761"", ""LR19"": ""0.7711333333333333"", ""seld19"": ""0.21489572359235623""}",seld20,"{""epoch"": ""82"", ""ER20"": ""0.4083371367716416"", ""F20"": ""0.6880036840893391"", ""LE20"": ""10.501888580088552"", ""LR20"": ""0.7586153964233631"", ""seld20"": ""0.25501547042596895"", ""ER19"": ""0.3441408059286707"", ""F19"": ""0.7602686240824612"", ""LE19"": ""8.726291793993694"", ""LR19"": ""0.7687833333333334"", ""seld19"": ""0.21589206184209916""}"
rabbit02,training_curve,/work/zhanghc/Myllm/SELD/EINV2/C0p1_CausalEINV2_fix_seed2026/out_train/ein_seld/E0_OfflineEINV2_seed2028/checkpoints/metrics_statistics.csv,,,,LOGGED_METRICS_ONLY,,,as_recorded_NOT_relabelled,,,90,"{""epoch"": ""90"", ""ER20"": ""0.3929712460063898"", ""F20"": ""0.6997457431235071"", ""LE20"": ""10.131904171006699"", ""LR20"": ""0.7675475768549194"", ""seld20"": ""0.245491570633389"", ""ER19"": ""0.3314806237455612"", ""F19"": ""0.7693031276945989"", ""LE19"": ""8.981077792472327"", ""LR19"": ""0.7784666666666666"", ""seld19"": ""0.2084014265022855""}",seld20,"{""epoch"": ""90"", ""ER20"": ""0.3929712460063898"", ""F20"": ""0.6997457431235071"", ""LE20"": ""10.131904171006699"", ""LR20"": ""0.7675475768549194"", ""seld20"": ""0.245491570633389"", ""ER19"": ""0.3314806237455612"", ""F19"": ""0.7693031276945989"", ""LE19"": ""8.981077792472327"", ""LR19"": ""0.7784666666666666"", ""seld19"": ""0.2084014265022855""}"
rabbit02,training_curve,/work/zhanghc/Myllm/SELD/EINV2/C0p1_CausalEINV2_fix_seed2026/out_train/ein_seld/EINV2_C0_bestfix_seed2026/checkpoints/metrics_statistics.csv,,,,LOGGED_METRICS_ONLY,,,as_recorded_NOT_relabelled,,,90,"{""epoch"": ""90"", ""ER20"": ""0.6252852578731173"", ""F20"": ""0.5419585418155825"", ""LE20"": ""16.04555575463828"", ""LR20"": ""0.6576125804145818"", ""seld20"": ""0.3787140280144025"", ""ER19"": ""0.5263239153929288"", ""F19"": ""0.658778848962898"", ""LE19"": ""11.8448509087231"", ""LR19"": ""0.7319"", ""seld19"": ""0.3003624484251787""}",seld20,"{""epoch"": ""82"", ""ER20"": ""0.616309143465693"", ""F20"": ""0.5436516490622979"", ""LE20"": ""16.1624909450119"", ""LR20"": ""0.6584752461018896"", ""seld20"": ""0.37599346616567064"", ""ER19"": ""0.5199938243013741"", ""F19"": ""0.6601599765172084"", ""LE19"": ""11.890420121123599"", ""LR19"": ""0.7339333333333333"", ""seld19"": ""0.2979896010031575""}"
rabbit02,training_curve,/work/zhanghc/Myllm/SELD/EINV2/C0p1_CausalEINV2_fix_seed2026/out_train/ein_seld/EINV2_C0_bestfix_seed2027/checkpoints/metrics_statistics.csv,,,,LOGGED_METRICS_ONLY,,,as_recorded_NOT_relabelled,,,90,"{""epoch"": ""90"", ""ER20"": ""0.5834474364825802"", ""F20"": ""0.5884634724516916"", ""LE20"": ""11.758953903730584"", ""LR20"": ""0.6578550391494862"", ""seld20"": ""0.35061411164219863"", ""ER19"": ""0.5260151304616335"", ""F19"": ""0.6584543188150754"", ""LE19"": ""10.670596249293904"", ""LR19"": ""0.7375"", ""seld19"": ""0.29733547548010325""}",seld20,"{""epoch"": ""82"", ""ER20"": ""0.5740149094781682"", ""F20"": ""0.5934208627903621"", ""LE20"": ""11.571700785650933"", ""LR20"": ""0.6618092627326503"", ""seld20"": ""0.34576800263552643"", ""ER19"": ""0.5162884051258299"", ""F19"": ""0.6617571249723837"", ""LE19"": ""10.307119869078766"", ""LR19"": ""0.737"", ""seld19"": ""0.2936982643009709""}"
rabbit02,training_curve,/work/zhanghc/Myllm/SELD/EINV2/C0p1_CausalEINV2_fix_seed2026/out_train/ein_seld/EINV2_C0_bestfix_seed2028/checkpoints/metrics_statistics.csv,,,,LOGGED_METRICS_ONLY,,,as_recorded_NOT_relabelled,,,90,"{""epoch"": ""90"", ""ER20"": ""0.6024646280237335"", ""F20"": ""0.5620296710384862"", ""LE20"": ""15.39974912021498"", ""LR20"": ""0.6722568623235144"", ""seld20"": ""0.3634330641101763"", ""ER19"": ""0.5105758838968658"", ""F19"": ""0.6740420543629568"", ""LE19"": ""11.626792583062679"", ""LR19"": ""0.7259666666666666"", ""seld19"": ""0.2937901137488421""}",seld20,"{""epoch"": ""45"", ""ER20"": ""0.5811653734976419"", ""F20"": ""0.5519755934221294"", ""LE20"": ""15.887191399396082"", ""LR20"": ""0.6818959744028572"", ""seld20"": ""0.35888899502843613"", ""ER19"": ""0.476146364057434"", ""F19"": ""0.6825191825571678"", ""LE19"": ""12.53293464299762"", ""LR19"": ""0.7174833333333334"", ""seld19"": ""0.28644281571256325""}"
rabbit02,evaluation_table,/work/zhanghc/Myllm/SELD/EINV2/C1_CausalEINV2_Velocity_seed2026/out_eval/ein_seld/Completion_20260904_C1_CausalEINV2_Velocity_seed2026_evaluation/results.csv,,,,LOGGED_METRICS_ONLY,,,as_recorded_NOT_relabelled,,,1,"{"""": ""0"", ""ER20"": ""0.5925954024732569"", ""F20"": ""0.5697737556561084"", ""LE20"": ""15.12895409600676"", ""LR20"": ""0.6678733031674208"", ""seld20"": ""0.3597495221568857"", ""ER19"": ""0.5117262591311034"", ""F19"": ""0.6691295995271167"", ""LE19"": ""12.91651131792525"", ""LR19"": ""0.720525"", ""seld19"": ""0.2984575139536706""}",seld20,"{"""": ""0"", ""ER20"": ""0.5925954024732569"", ""F20"": ""0.5697737556561084"", ""LE20"": ""15.12895409600676"", ""LR20"": ""0.6678733031674208"", ""seld20"": ""0.3597495221568857"", ""ER19"": ""0.5117262591311034"", ""F19"": ""0.6691295995271167"", ""LE19"": ""12.91651131792525"", ""LR19"": ""0.720525"", ""seld19"": ""0.2984575139536706""}"
rabbit02,evaluation_table,/work/zhanghc/Myllm/SELD/EINV2/C1_CausalEINV2_Velocity_seed2026/out_eval/ein_seld/Completion_20260904_C1_CausalEINV2_Velocity_seed2026_validation/results.csv,,,,LOGGED_METRICS_ONLY,,,as_recorded_NOT_relabelled,,,1,"{"""": ""0"", ""ER20"": ""0.6260459455347634"", ""F20"": ""0.5373973194984867"", ""LE20"": ""17.150163564713136"", ""LR20"": ""0.651534803285776"", ""seld20"": ""0.3830981273052823"", ""ER19"": ""0.5298749421028254"", ""F19"": ""0.6544652701212789"", ""LE19"": ""13.291300071106145"", ""LR19"": ""0.7237666666666667"", ""seld19"": ""0.3063708903163674""}",seld20,"{"""": ""0"", ""ER20"": ""0.6260459455347634"", ""F20"": ""0.5373973194984867"", ""LE20"": ""17.150163564713136"", ""LR20"": ""0.651534803285776"", ""seld20"": ""0.3830981273052823"", ""ER19"": ""0.5298749421028254"", ""F19"": ""0.6544652701212789"", ""LE19"": ""13.291300071106145"", ""LR19"": ""0.7237666666666667"", ""seld19"": ""0.3063708903163674""}"
rabbit02,evaluation_table,/work/zhanghc/Myllm/SELD/EINV2/C1_CausalEINV2_Velocity_seed2026/out_eval/ein_seld/Completion_20260904_C1_CausalEINV2_Velocity_seed2027_evaluation/results.csv,,,,LOGGED_METRICS_ONLY,,,as_recorded_NOT_relabelled,,,1,"{"""": ""0"", ""ER20"": ""0.6084515590622867"", ""F20"": ""0.5744635649033354"", ""LE20"": ""15.570491420821224"", ""LR20"": ""0.6762977126265843"", ""seld20"": ""0.36104825291201015"", ""ER19"": ""0.5211072664359861"", ""F19"": ""0.678372714791531"", ""LE19"": ""12.749680799364896"", ""LR19"": ""0.7142833333333334"", ""seld19"": ""0.2998206945768983""}",seld20,"{"""": ""0"", ""ER20"": ""0.6084515590622867"", ""F20"": ""0.5744635649033354"", ""LE20"": ""15.570491420821224"", ""LR20"": ""0.6762977126265843"", ""seld20"": ""0.36104825291201015"", ""ER19"": ""0.5211072664359861"", ""F19"": ""0.678372714791531"", ""LE19"": ""12.749680799364896"", ""LR19"": ""0.7142833333333334"", ""seld19"": ""0.2998206945768983""}"
rabbit02,evaluation_table,/work/zhanghc/Myllm/SELD/EINV2/C1_CausalEINV2_Velocity_seed2026/out_eval/ein_seld/Completion_20260904_C1_CausalEINV2_Velocity_seed2027_validation/results.csv,,,,LOGGED_METRICS_ONLY,,,as_recorded_NOT_relabelled,,,1,"{"""": ""0"", ""ER20"": ""0.5989654647801612"", ""F20"": ""0.5490310359900917"", ""LE20"": ""16.220972287342136"", ""LR20"": ""0.6655981349264168"", ""seld20"": ""0.3686132016427773"", ""ER19"": ""0.5051721475991972"", ""F19"": ""0.6660224485244925"", ""LE19"": ""13.50910523858177"", ""LR19"": ""0.72035"", ""seld19"": ""0.29846257093337303""}",seld20,"{"""": ""0"", ""ER20"": ""0.5989654647801612"", ""F20"": ""0.5490310359900917"", ""LE20"": ""16.220972287342136"", ""LR20"": ""0.6655981349264168"", ""seld20"": ""0.3686132016427773"", ""ER19"": ""0.5051721475991972"", ""F19"": ""0.6660224485244925"", ""LE19"": ""13.50910523858177"", ""LR19"": ""0.72035"", ""seld19"": ""0.29846257093337303""}"
rabbit02,evaluation_table,/work/zhanghc/Myllm/SELD/EINV2/C1_CausalEINV2_Velocity_seed2026/out_eval/ein_seld/Completion_20260904_C1_CausalEINV2_Velocity_seed2028_evaluation/results.csv,,,,LOGGED_METRICS_ONLY,,,as_recorded_NOT_relabelled,,,1,"{"""": ""0"", ""ER20"": ""0.6652757757378044"", ""F20"": ""0.5622409505388227"", ""LE20"": ""12.870967515396012"", ""LR20"": ""0.6298701298701297"", ""seld20"": ""0.38616751760359636"", ""ER19"": ""0.6071510957324107"", ""F19"": ""0.6312559517511372"", ""LE19"": ""10.74925100549153"", ""LR19"": ""0.6879416666666667"", ""seld19"": ""0.3369178846140566""}",seld20,"{"""": ""0"", ""ER20"": ""0.6652757757378044"", ""F20"": ""0.5622409505388227"", ""LE20"": ""12.870967515396012"", ""LR20"": ""0.6298701298701297"", ""seld20"": ""0.38616751760359636"", ""ER19"": ""0.6071510957324107"", ""F19"": ""0.6312559517511372"", ""LE19"": ""10.74925100549153"", ""LR19"": ""0.6879416666666667"", ""seld19"": ""0.3369178846140566""}"
rabbit02,evaluation_table,/work/zhanghc/Myllm/SELD/EINV2/C1_CausalEINV2_Velocity_seed2026/out_eval/ein_seld/Completion_20260904_C1_CausalEINV2_Velocity_seed2028_validation/results.csv,,,,LOGGED_METRICS_ONLY,,,as_recorded_NOT_relabelled,,,1,"{"""": ""0"", ""ER20"": ""0.596074851665906"", ""F20"": ""0.5806082289803219"", ""LE20"": ""12.298031476554431"", ""LR20"": ""0.6438640429338103"", ""seld20"": ""0.3599812442109357"", ""ER19"": ""0.5439246564767639"", ""F19"": ""0.6473811089195703"", ""LE19"": ""10.634443799413908"", ""LR19"": ""0.7306166666666667"", ""seld19"": ""0.30625178105515105""}",seld20,"{"""": ""0"", ""ER20"": ""0.596074851665906"", ""F20"": ""0.5806082289803219"", ""LE20"": ""12.298031476554431"", ""LR20"": ""0.6438640429338103"", ""seld20"": ""0.3599812442109357"", ""ER19"": ""0.5439246564767639"", ""F19"": ""0.6473811089195703"", ""LE19"": ""10.634443799413908"", ""LR19"": ""0.7306166666666667"", ""seld19"": ""0.30625178105515105""}"
rabbit02,evaluation_table,/work/zhanghc/Myllm/SELD/EINV2/C1_CausalEINV2_Velocity_seed2026/out_eval/ein_seld/Eval_Pilot_C1_best_seed2026/results.csv,,,,LOGGED_METRICS_ONLY,,,as_recorded_NOT_relabelled,,,1,"{"""": ""0"", ""ER20"": ""0.5925954024732569"", ""F20"": ""0.5697737556561084"", ""LE20"": ""15.12895409600676"", ""LR20"": ""0.6678733031674208"", ""seld20"": ""0.3597495221568857"", ""ER19"": ""0.5117262591311034"", ""F19"": ""0.6691295995271167"", ""LE19"": ""12.91651131792525"", ""LR19"": ""0.720525"", ""seld19"": ""0.2984575139536706""}",seld20,"{"""": ""0"", ""ER20"": ""0.5925954024732569"", ""F20"": ""0.5697737556561084"", ""LE20"": ""15.12895409600676"", ""LR20"": ""0.6678733031674208"", ""seld20"": ""0.3597495221568857"", ""ER19"": ""0.5117262591311034"", ""F19"": ""0.6691295995271167"", ""LE19"": ""12.91651131792525"", ""LR19"": ""0.720525"", ""seld19"": ""0.2984575139536706""}"
rabbit02,training_curve,/work/zhanghc/Myllm/SELD/EINV2/C1_CausalEINV2_Velocity_seed2026/out_train/ein_seld/C1_CausalEINV2_Velocity_seed2026/checkpoints/metrics_statistics.csv,,,,LOGGED_METRICS_ONLY,,,as_recorded_NOT_relabelled,,,90,"{""epoch"": ""90"", ""ER20"": ""0.6265023581317511"", ""F20"": ""0.5478168264110755"", ""LE20"": ""16.284990626954354"", ""LR20"": ""0.66283280085197"", ""seld20"": ""0.376581225254613"", ""ER19"": ""0.5278678400494056"", ""F19"": ""0.6641514909671333"", ""LE19"": ""12.387543608568905"", ""LR19"": ""0.7357833333333333"", ""seld19"": ""0.2991881756158027"", ""velocity_l2_mae"": ""0.1494162720406858"", ""velocity_cosine"": ""0.4879099692578064""}",seld20,"{""epoch"": ""59"", ""ER20"": ""0.6088544043815609"", ""F20"": ""0.5487265075103402"", ""LE20"": ""16.228483333153218"", ""LR20"": ""0.6616355852260358"", ""seld20"": ""0.37216263809623124"", ""ER19"": ""0.5135093407441716"", ""F19"": ""0.6632600162926756"", ""LE19"": ""12.442752600988559"", ""LR19"": ""0.7236666666666667"", ""seld19"": ""0.2989272652809137"", ""velocity_l2_mae"": ""0.1559528958999612"", ""velocity_cosine"": ""0.45147391846466095""}"
rabbit02,training_curve,/work/zhanghc/Myllm/SELD/EINV2/C1_CausalEINV2_Velocity_seed2026/out_train/ein_seld/C1_CausalEINV2_Velocity_seed2027/checkpoints/metrics_statistics.csv,,,,LOGGED_METRICS_ONLY,,,as_recorded_NOT_relabelled,,,90,"{""epoch"": ""90"", ""ER20"": ""0.6141792180130838"", ""F20"": ""0.5506810035842293"", ""LE20"": ""15.036546035991881"", ""LR20"": ""0.6576344086021505"", ""seld20"": ""0.3723500431733314"", ""ER19"": ""0.5280222325150533"", ""F19"": ""0.6581628912836301"", ""LE19"": ""11.587011337755635"", ""LR19"": ""0.7267666666666667"", ""seld19"": ""0.3018662399436275"", ""velocity_l2_mae"": ""0.14561039725531738"", ""velocity_cosine"": ""0.5055815197092174""}",seld20,"{""epoch"": ""48"", ""ER20"": ""0.5924235508900045"", ""F20"": ""0.5560184170138126"", ""LE20"": ""16.17725297024185"", ""LR20"": ""0.6720748373894613"", ""seld20"": ""0.3635509810247963"", ""ER19"": ""0.49559981472904124"", ""F19"": ""0.673385591638671"", ""LE19"": ""13.152808320107624"", ""LR19"": ""0.7201333333333333"", ""seld19"": ""0.29378801177274205"", ""velocity_l2_mae"": ""0.15355493628913033"", ""velocity_cosine"": ""0.4606224358228196""}"
rabbit02,training_curve,/work/zhanghc/Myllm/SELD/EINV2/C1_CausalEINV2_Velocity_seed2026/out_train/ein_seld/C1_CausalEINV2_Velocity_seed2028/checkpoints/metrics_statistics.csv,,,,LOGGED_METRICS_ONLY,,,as_recorded_NOT_relabelled,,,90,"{""epoch"": ""90"", ""ER20"": ""0.5919671382930168"", ""F20"": ""0.5860685108212698"", ""LE20"": ""11.378903688514335"", ""LR20"": ""0.6469829439587214"", ""seld20"": ""0.3555329537789708"", ""ER19"": ""0.5428439092172302"", ""F19"": ""0.6497365339578453"", ""LE19"": ""10.27876980401159"", ""LR19"": ""0.73375"", ""seld19"": ""0.30411541298708455"", ""velocity_l2_mae"": ""0.14770978057268097"", ""velocity_cosine"": ""0.5329380757979828""}",seld20,"{""epoch"": ""81"", ""ER20"": ""0.583295298950251"", ""F20"": ""0.588446615893088"", ""LE20"": ""11.687824363051583"", ""LR20"": ""0.6512429946831441"", ""seld20"": ""0.3521345114866319"", ""ER19"": ""0.5309556893623592"", ""F19"": ""0.6536964980544746"", ""LE19"": ""10.51461840910023"", ""LR19"": ""0.73665"", ""seld19"": ""0.299755934506277"", ""velocity_l2_mae"": ""0.14716618922039257"", ""velocity_cosine"": ""0.5288545335230368""}"
rabbit02,evaluation_table,/work/zhanghc/Myllm/SELD/EINV2/C2_CausalEINV2_JEPA_seed2026/out_eval/ein_seld/Completion_20260904_C2_CausalEINV2_JEPA_seed2026_evaluation/results.csv,,,,LOGGED_METRICS_ONLY,,,as_recorded_NOT_relabelled,,,1,"{"""": ""0"", ""ER20"": ""0.5837189894545178"", ""F20"": ""0.5761601324837095"", ""LE20"": ""15.395702935397763"", ""LR20"": ""0.6830111243114806"", ""seld20"": ""0.35251985390844"", ""ER19"": ""0.501038062283737"", ""F19"": ""0.6822371561822921"", ""LE19"": ""12.269443391914383"", ""LR19"": ""0.724925"", ""seld19"": ""0.2905098701252423""}",seld20,"{"""": ""0"", ""ER20"": ""0.5837189894545178"", ""F20"": ""0.5761601324837095"", ""LE20"": ""15.395702935397763"", ""LR20"": ""0.6830111243114806"", ""seld20"": ""0.35251985390844"", ""ER19"": ""0.501038062283737"", ""F19"": ""0.6822371561822921"", ""LE19"": ""12.269443391914383"", ""LR19"": ""0.724925"", ""seld19"": ""0.2905098701252423""}"
rabbit02,evaluation_table,/work/zhanghc/Myllm/SELD/EINV2/C2_CausalEINV2_JEPA_seed2026/out_eval/ein_seld/Completion_20260904_C2_CausalEINV2_JEPA_seed2026_validation/results.csv,,,,LOGGED_METRICS_ONLY,,,as_recorded_NOT_relabelled,,,1,"{"""": ""0"", ""ER20"": ""0.6258938080024342"", ""F20"": ""0.5328146387147898"", ""LE20"": ""16.62973499436"", ""LR20"": ""0.6542756285570203"", ""seld20"": ""0.3827977393414893"", ""ER19"": ""0.5213833564922031"", ""F19"": ""0.6561212477928191"", ""LE19"": ""13.125750577357945"", ""LR19"": ""0.7336333333333334"", ""seld19"": ""0.301137402976732""}",seld20,"{"""": ""0"", ""ER20"": ""0.6258938080024342"", ""F20"": ""0.5328146387147898"", ""LE20"": ""16.62973499436"", ""LR20"": ""0.6542756285570203"", ""seld20"": ""0.3827977393414893"", ""ER19"": ""0.5213833564922031"", ""F19"": ""0.6561212477928191"", ""LE19"": ""13.125750577357945"", ""LR19"": ""0.7336333333333334"", ""seld19"": ""0.301137402976732""}"
rabbit02,evaluation_table,/work/zhanghc/Myllm/SELD/EINV2/C2_CausalEINV2_JEPA_seed2026/out_eval/ein_seld/Completion_20260904_C2_CausalEINV2_JEPA_seed2027_evaluation/results.csv,,,,LOGGED_METRICS_ONLY,,,as_recorded_NOT_relabelled,,,1,"{"""": ""0"", ""ER20"": ""0.588726196798422"", ""F20"": ""0.5863799283154121"", ""LE20"": ""12.83634507259131"", ""LR20"": ""0.6548387096774193"", ""seld20"": ""0.3547051467466633"", ""ER19"": ""0.5303344867358708"", ""F19"": ""0.6554726368159203"", ""LE19"": ""11.707518616254575"", ""LR19"": ""0.7318"", ""seld19"": ""0.30202590500256343""}",seld20,"{"""": ""0"", ""ER20"": ""0.588726196798422"", ""F20"": ""0.5863799283154121"", ""LE20"": ""12.83634507259131"", ""LR20"": ""0.6548387096774193"", ""seld20"": ""0.3547051467466633"", ""ER19"": ""0.5303344867358708"", ""F19"": ""0.6554726368159203"", ""LE19"": ""11.707518616254575"", ""LR19"": ""0.7318"", ""seld19"": ""0.30202590500256343""}"
rabbit02,evaluation_table,/work/zhanghc/Myllm/SELD/EINV2/C2_CausalEINV2_JEPA_seed2026/out_eval/ein_seld/Completion_20260904_C2_CausalEINV2_JEPA_seed2027_validation/results.csv,,,,LOGGED_METRICS_ONLY,,,as_recorded_NOT_relabelled,,,1,"{"""": ""0"", ""ER20"": ""0.5788833105127035"", ""F20"": ""0.5803273938867158"", ""LE20"": ""13.355154479240738"", ""LR20"": ""0.6600028972910328"", ""seld20"": ""0.3531870804993508"", ""ER19"": ""0.5156708352632392"", ""F19"": ""0.6588618850029637"", ""LE19"": ""11.998517690991134"", ""LR19"": ""0.7421333333333333"", ""seld19"": ""0.2953335121358899""}",seld20,"{"""": ""0"", ""ER20"": ""0.5788833105127035"", ""F20"": ""0.5803273938867158"", ""LE20"": ""13.355154479240738"", ""LR20"": ""0.6600028972910328"", ""seld20"": ""0.3531870804993508"", ""ER19"": ""0.5156708352632392"", ""F19"": ""0.6588618850029637"", ""LE19"": ""11.998517690991134"", ""LR19"": ""0.7421333333333333"", ""seld19"": ""0.2953335121358899""}"
rabbit02,evaluation_table,/work/zhanghc/Myllm/SELD/EINV2/C2_CausalEINV2_JEPA_seed2026/out_eval/ein_seld/Completion_20260904_C2_CausalEINV2_JEPA_seed2028_evaluation/results.csv,,,,LOGGED_METRICS_ONLY,,,as_recorded_NOT_relabelled,,,1,"{"""": ""0"", ""ER20"": ""0.5915332675821258"", ""F20"": ""0.5650315935571056"", ""LE20"": ""15.032184162931355"", ""LR20"": ""0.6674458526607984"", ""seld20"": ""0.36064198890068233"", ""ER19"": ""0.5058823529411764"", ""F19"": ""0.6672137874435782"", ""LE19"": ""13.326757058456325"", ""LR19"": ""0.717625"", ""seld19"": ""0.29877027617781116""}",seld20,"{"""": ""0"", ""ER20"": ""0.5915332675821258"", ""F20"": ""0.5650315935571056"", ""LE20"": ""15.032184162931355"", ""LR20"": ""0.6674458526607984"", ""seld20"": ""0.36064198890068233"", ""ER19"": ""0.5058823529411764"", ""F19"": ""0.6672137874435782"", ""LE19"": ""13.326757058456325"", ""LR19"": ""0.717625"", ""seld19"": ""0.29877027617781116""}"
rabbit02,evaluation_table,/work/zhanghc/Myllm/SELD/EINV2/C2_CausalEINV2_JEPA_seed2026/out_eval/ein_seld/Completion_20260904_C2_CausalEINV2_JEPA_seed2028_validation/results.csv,,,,LOGGED_METRICS_ONLY,,,as_recorded_NOT_relabelled,,,1,"{"""": ""0"", ""ER20"": ""0.5959227141335768"", ""F20"": ""0.5516936019481955"", ""LE20"": ""16.421965921327846"", ""LR20"": ""0.6634196738248097"", ""seld20"": ""0.3680106455919871"", ""ER19"": ""0.5014667284236529"", ""F19"": ""0.6653590826795412"", ""LE19"": ""13.658669569242496"", ""LR19"": ""0.7043666666666667"", ""seld19"": ""0.30190561917108694""}",seld20,"{"""": ""0"", ""ER20"": ""0.5959227141335768"", ""F20"": ""0.5516936019481955"", ""LE20"": ""16.421965921327846"", ""LR20"": ""0.6634196738248097"", ""seld20"": ""0.3680106455919871"", ""ER19"": ""0.5014667284236529"", ""F19"": ""0.6653590826795412"", ""LE19"": ""13.658669569242496"", ""LR19"": ""0.7043666666666667"", ""seld19"": ""0.30190561917108694""}"
rabbit02,evaluation_table,/work/zhanghc/Myllm/SELD/EINV2/C2_CausalEINV2_JEPA_seed2026/out_eval/ein_seld/Eval_Pilot_C2_best_seed2026/results.csv,,,,LOGGED_METRICS_ONLY,,,as_recorded_NOT_relabelled,,,1,"{"""": ""0"", ""ER20"": ""0.5837189894545178"", ""F20"": ""0.5761601324837095"", ""LE20"": ""15.395702935397763"", ""LR20"": ""0.6830111243114806"", ""seld20"": ""0.35251985390844"", ""ER19"": ""0.501038062283737"", ""F19"": ""0.6822371561822921"", ""LE19"": ""12.269443391914383"", ""LR19"": ""0.724925"", ""seld19"": ""0.2905098701252423""}",seld20,"{"""": ""0"", ""ER20"": ""0.5837189894545178"", ""F20"": ""0.5761601324837095"", ""LE20"": ""15.395702935397763"", ""LR20"": ""0.6830111243114806"", ""seld20"": ""0.35251985390844"", ""ER19"": ""0.501038062283737"", ""F19"": ""0.6822371561822921"", ""LE19"": ""12.269443391914383"", ""LR19"": ""0.724925"", ""seld19"": ""0.2905098701252423""}"
rabbit02,training_curve,/work/zhanghc/Myllm/SELD/EINV2/C2_CausalEINV2_JEPA_seed2026/out_train/ein_seld/C2_CausalEINV2_JEPA_seed2026/checkpoints/metrics_statistics.csv,,,,LOGGED_METRICS_ONLY,,,as_recorded_NOT_relabelled,,,90,"{""epoch"": ""90"", ""ER20"": ""0.6389776357827476"", ""F20"": ""0.538390772061425"", ""LE20"": ""15.980646184129336"", ""LR20"": ""0.6540230698464368"", ""seld20"": ""0.3838362903911233"", ""ER19"": ""0.5419175544233441"", ""F19"": ""0.6562070710722289"", ""LE19"": ""11.976923443411811"", ""LR19"": ""0.7315166666666667"", ""seld19"": ""0.30518307006473966"", ""jepa_loss_100ms"": ""0.04584263710978818"", ""jepa_loss_300ms"": ""0.08774892205095038"", ""jepa_loss_500ms"": ""0.1142780286200503"", ""target_latent_std_mean"": ""0.8396983983777045"", ""target_latent_std_min"": ""0.5700732088902732"", ""target_latent_cov_offdiag_abs_mean"": ""0.09306716072511129"", ""target_latent_pair_cosine_mean"": ""0.2865361779045734""}",seld20,"{""epoch"": ""59"", ""ER20"": ""0.6087022668492317"", ""F20"": ""0.5434514749583242"", ""LE20"": ""15.90451094205339"", ""LR20"": ""0.6605783866057837"", ""seld20"": ""0.3732576998519106"", ""ER19"": ""0.5068704647213216"", ""F19"": ""0.6621231202311283"", ""LE19"": ""12.771603471511808"", ""LR19"": ""0.7375"", ""seld19"": ""0.2945501742774258"", ""jepa_loss_100ms"": ""0.06024492234784238"", ""jepa_loss_300ms"": ""0.09894676237030232"", ""jepa_loss_500ms"": ""0.1248118206858635"", ""target_latent_std_mean"": ""0.8577051059463875"", ""target_latent_std_min"": ""0.5834913565980443"", ""target_latent_cov_offdiag_abs_mean"": ""0.10089692093389654"", ""target_latent_pair_cosine_mean"": ""0.25173281099393163""}"
rabbit02,training_curve,/work/zhanghc/Myllm/SELD/EINV2/C2_CausalEINV2_JEPA_seed2026/out_train/ein_seld/C2_CausalEINV2_JEPA_seed2027/checkpoints/metrics_statistics.csv,,,,LOGGED_METRICS_ONLY,,,as_recorded_NOT_relabelled,,,90,"{""epoch"": ""90"", ""ER20"": ""0.5890765251787616"", ""F20"": ""0.5791478048429977"", ""LE20"": ""12.644167592097396"", ""LR20"": ""0.6594812100308973"", ""seld20"": ""0.35517322145412966"", ""ER19"": ""0.523853635942566"", ""F19"": ""0.6602997355274756"", ""LE19"": ""11.010014561411705"", ""LR19"": ""0.7399"", ""seld19"": ""0.2962051619946222"", ""jepa_loss_100ms"": ""0.04258407678138068"", ""jepa_loss_300ms"": ""0.07739096257756366"", ""jepa_loss_500ms"": ""0.10010135455175917"", ""target_latent_std_mean"": ""0.8670748488102932"", ""target_latent_std_min"": ""0.6181945457740975"", ""target_latent_cov_offdiag_abs_mean"": ""0.14104916495228004"", ""target_latent_pair_cosine_mean"": ""0.2445757436781743""}",seld20,"{""epoch"": ""75"", ""ER20"": ""0.5632131446827933"", ""F20"": ""0.5927591961111512"", ""LE20"": ""12.47317245733209"", ""LR20"": ""0.6685046796778639"", ""seld20"": ""0.342811167858628"", ""ER19"": ""0.5003859811641191"", ""F19"": ""0.6702734751352551"", ""LE19"": ""11.218422071188792"", ""LR19"": ""0.7449666666666667"", ""seld19"": ""0.2868676016060893"", ""jepa_loss_100ms"": ""0.0654892418929871"", ""jepa_loss_300ms"": ""0.09946046674505193"", ""jepa_loss_500ms"": ""0.12193538113794428"", ""target_latent_std_mean"": ""0.8821793231349033"", ""target_latent_std_min"": ""0.6306005404559306"", ""target_latent_cov_offdiag_abs_mean"": ""0.13578188453139614"", ""target_latent_pair_cosine_mean"": ""0.2085002433728605""}"
rabbit02,training_curve,/work/zhanghc/Myllm/SELD/EINV2/C2_CausalEINV2_JEPA_seed2026/out_train/ein_seld/C2_CausalEINV2_JEPA_seed2028/checkpoints/metrics_statistics.csv,,,,LOGGED_METRICS_ONLY,,,as_recorded_NOT_relabelled,,,90,"{""epoch"": ""90"", ""ER20"": ""0.5905979005020539"", ""F20"": ""0.5753404914606903"", ""LE20"": ""12.87758109014488"", ""LR20"": ""0.6534553577862648"", ""seld20"": ""0.3583360421056425"", ""ER19"": ""0.5266327003242242"", ""F19"": ""0.6548294408015914"", ""LE19"": ""11.18855101961782"", ""LR19"": ""0.7342666666666666"", ""seld19"": ""0.29992380240790517"", ""jepa_loss_100ms"": ""0.04393465666377798"", ""jepa_loss_300ms"": ""0.07853381101913909"", ""jepa_loss_500ms"": ""0.10309420082163304"", ""target_latent_std_mean"": ""0.8582487043738267"", ""target_latent_std_min"": ""0.5479590903597512"", ""target_latent_cov_offdiag_abs_mean"": ""0.14320930835679396"", ""target_latent_pair_cosine_mean"": ""0.25617026340952637""}",seld20,"{""epoch"": ""42"", ""ER20"": ""0.56777727065267"", ""F20"": ""0.5840289576715666"", ""LE20"": ""14.37512407423568"", ""LR20"": ""0.6667651621481863"", ""seld20"": ""0.3492112378113344"", ""ER19"": ""0.4993052339045855"", ""F19"": ""0.6691865739340791"", ""LE19"": ""11.64522930540098"", ""LR19"": ""0.70285"", ""seld19"": ""0.2979910945834613"", ""jepa_loss_100ms"": ""0.05370924855641862"", ""jepa_loss_300ms"": ""0.0868091012569184"", ""jepa_loss_500ms"": ""0.11225606580363943"", ""target_latent_std_mean"": ""0.8742136671127919"", ""target_latent_std_min"": ""0.5048798482352147"", ""target_latent_cov_offdiag_abs_mean"": ""0.17334822131364652"", ""target_latent_pair_cosine_mean"": ""0.2165652529398845""}"
rabbit02,evaluation_table,/work/zhanghc/Myllm/SELD/EINV2/C3_CausalEINV2_Velocity_JEPA_seed2026/out_eval/ein_seld/Completion_20260904_C3_CausalEINV2_Velocity_JEPA_seed2026_evaluation/results.csv,,,,LOGGED_METRICS_ONLY,,,as_recorded_NOT_relabelled,,,1,"{"""": ""0"", ""ER20"": ""0.5921402018056293"", ""F20"": ""0.5917478307065697"", ""LE20"": ""12.897348085219917"", ""LR20"": ""0.660456879759164"", ""seld20"": ""0.3528968562866682"", ""ER19"": ""0.5345636293733179"", ""F19"": ""0.6609047842910353"", ""LE19"": ""11.60340596596597"", ""LR19"": ""0.7394083333333333"", ""seld19"": ""0.2996784695566345""}",seld20,"{"""": ""0"", ""ER20"": ""0.5921402018056293"", ""F20"": ""0.5917478307065697"", ""LE20"": ""12.897348085219917"", ""LR20"": ""0.660456879759164"", ""seld20"": ""0.3528968562866682"", ""ER19"": ""0.5345636293733179"", ""F19"": ""0.6609047842910353"", ""LE19"": ""11.60340596596597"", ""LR19"": ""0.7394083333333333"", ""seld19"": ""0.2996784695566345""}"
rabbit02,evaluation_table,/work/zhanghc/Myllm/SELD/EINV2/C3_CausalEINV2_Velocity_JEPA_seed2026/out_eval/ein_seld/Completion_20260904_C3_CausalEINV2_Velocity_JEPA_seed2026_validation/results.csv,,,,LOGGED_METRICS_ONLY,,,as_recorded_NOT_relabelled,,,1,"{"""": ""0"", ""ER20"": ""0.5854252244028602"", ""F20"": ""0.5898111863199144"", ""LE20"": ""11.97252682517611"", ""LR20"": ""0.6613466334164588"", ""seld20"": ""0.350195360646033"", ""ER19"": ""0.5257063455303381"", ""F19"": ""0.661616897305171"", ""LE19"": ""10.883399619240635"", ""LR19"": ""0.74145"", ""seld19"": ""0.29577569486079264""}",seld20,"{"""": ""0"", ""ER20"": ""0.5854252244028602"", ""F20"": ""0.5898111863199144"", ""LE20"": ""11.97252682517611"", ""LR20"": ""0.6613466334164588"", ""seld20"": ""0.350195360646033"", ""ER19"": ""0.5257063455303381"", ""F19"": ""0.661616897305171"", ""LE19"": ""10.883399619240635"", ""LR19"": ""0.74145"", ""seld19"": ""0.29577569486079264""}"
rabbit02,evaluation_table,/work/zhanghc/Myllm/SELD/EINV2/C3_CausalEINV2_Velocity_JEPA_seed2026/out_eval/ein_seld/Completion_20260904_C3_CausalEINV2_Velocity_JEPA_seed2027_evaluation/results.csv,,,,LOGGED_METRICS_ONLY,,,as_recorded_NOT_relabelled,,,1,"{"""": ""0"", ""ER20"": ""0.6094378271754799"", ""F20"": ""0.59083452584552"", ""LE20"": ""13.103149628041248"", ""LR20"": ""0.6639209800705036"", ""seld20"": ""0.3568693992426991"", ""ER19"": ""0.5466359092656671"", ""F19"": ""0.6654805536775433"", ""LE19"": ""11.31545358623019"", ""LR19"": ""0.7205416666666666"", ""seld19"": ""0.3058693299890173""}",seld20,"{"""": ""0"", ""ER20"": ""0.6094378271754799"", ""F20"": ""0.59083452584552"", ""LE20"": ""13.103149628041248"", ""LR20"": ""0.6639209800705036"", ""seld20"": ""0.3568693992426991"", ""ER19"": ""0.5466359092656671"", ""F19"": ""0.6654805536775433"", ""LE19"": ""11.31545358623019"", ""LR19"": ""0.7205416666666666"", ""seld19"": ""0.3058693299890173""}"
rabbit02,evaluation_table,/work/zhanghc/Myllm/SELD/EINV2/C3_CausalEINV2_Velocity_JEPA_seed2026/out_eval/ein_seld/Completion_20260904_C3_CausalEINV2_Velocity_JEPA_seed2027_validation/results.csv,,,,LOGGED_METRICS_ONLY,,,as_recorded_NOT_relabelled,,,1,"{"""": ""0"", ""ER20"": ""0.5790354480450327"", ""F20"": ""0.592836205047544"", ""LE20"": ""12.743203762533641"", ""LR20"": ""0.6666190033602629"", ""seld20"": ""0.34759395402393656"", ""ER19"": ""0.5161340126601822"", ""F19"": ""0.668420283501388"", ""LE19"": ""11.255683212907195"", ""LR19"": ""0.7448166666666667"", ""seld19"": ""0.2913571589742919""}",seld20,"{"""": ""0"", ""ER20"": ""0.5790354480450327"", ""F20"": ""0.592836205047544"", ""LE20"": ""12.743203762533641"", ""LR20"": ""0.6666190033602629"", ""seld20"": ""0.34759395402393656"", ""ER19"": ""0.5161340126601822"", ""F19"": ""0.668420283501388"", ""LE19"": ""11.255683212907195"", ""LR19"": ""0.7448166666666667"", ""seld19"": ""0.2913571589742919""}"
rabbit02,evaluation_table,/work/zhanghc/Myllm/SELD/EINV2/C3_CausalEINV2_Velocity_JEPA_seed2026/out_eval/ein_seld/Completion_20260904_C3_CausalEINV2_Velocity_JEPA_seed2028_evaluation/results.csv,,,,LOGGED_METRICS_ONLY,,,as_recorded_NOT_relabelled,,,1,"{"""": ""0"", ""ER20"": ""0.601471815491996"", ""F20"": ""0.5800949220283338"", ""LE20"": ""13.35145919814811"", ""LR20"": ""0.6559611747493129"", ""seld20"": ""0.3598976230093486"", ""ER19"": ""0.5369473279507881"", ""F19"": ""0.6569981416025943"", ""LE19"": ""11.811046856229115"", ""LR19"": ""0.7131083333333333"", ""seld19"": ""0.3081144449984778""}",seld20,"{"""": ""0"", ""ER20"": ""0.601471815491996"", ""F20"": ""0.5800949220283338"", ""LE20"": ""13.35145919814811"", ""LR20"": ""0.6559611747493129"", ""seld20"": ""0.3598976230093486"", ""ER19"": ""0.5369473279507881"", ""F19"": ""0.6569981416025943"", ""LE19"": ""11.811046856229115"", ""LR19"": ""0.7131083333333333"", ""seld19"": ""0.3081144449984778""}"
rabbit02,evaluation_table,/work/zhanghc/Myllm/SELD/EINV2/C3_CausalEINV2_Velocity_JEPA_seed2026/out_eval/ein_seld/Completion_20260904_C3_CausalEINV2_Velocity_JEPA_seed2028_validation/results.csv,,,,LOGGED_METRICS_ONLY,,,as_recorded_NOT_relabelled,,,1,"{"""": ""0"", ""ER20"": ""0.5895329377757493"", ""F20"": ""0.5722786647314948"", ""LE20"": ""14.091037721723096"", ""LR20"": ""0.6579100145137878"", ""seld20"": ""0.35940695035723214"", ""ER19"": ""0.5167515825227729"", ""F19"": ""0.6594514455151964"", ""LE19"": ""12.07686944140694"", ""LR19"": ""0.73975"", ""seld19"": ""0.29616096403162595""}",seld20,"{"""": ""0"", ""ER20"": ""0.5895329377757493"", ""F20"": ""0.5722786647314948"", ""LE20"": ""14.091037721723096"", ""LR20"": ""0.6579100145137878"", ""seld20"": ""0.35940695035723214"", ""ER19"": ""0.5167515825227729"", ""F19"": ""0.6594514455151964"", ""LE19"": ""12.07686944140694"", ""LR19"": ""0.73975"", ""seld19"": ""0.29616096403162595""}"
rabbit02,evaluation_table,/work/zhanghc/Myllm/SELD/EINV2/C3_CausalEINV2_Velocity_JEPA_seed2026/out_eval/ein_seld/Eval_Pilot_C3_best_seed2026/results.csv,,,,LOGGED_METRICS_ONLY,,,as_recorded_NOT_relabelled,,,1,"{"""": ""0"", ""ER20"": ""0.5921402018056293"", ""F20"": ""0.5917478307065697"", ""LE20"": ""12.897348085219917"", ""LR20"": ""0.660456879759164"", ""seld20"": ""0.3528968562866682"", ""ER19"": ""0.5345636293733179"", ""F19"": ""0.6609047842910353"", ""LE19"": ""11.60340596596597"", ""LR19"": ""0.7394083333333333"", ""seld19"": ""0.2996784695566345""}",seld20,"{"""": ""0"", ""ER20"": ""0.5921402018056293"", ""F20"": ""0.5917478307065697"", ""LE20"": ""12.897348085219917"", ""LR20"": ""0.660456879759164"", ""seld20"": ""0.3528968562866682"", ""ER19"": ""0.5345636293733179"", ""F19"": ""0.6609047842910353"", ""LE19"": ""11.60340596596597"", ""LR19"": ""0.7394083333333333"", ""seld19"": ""0.2996784695566345""}"
rabbit02,training_curve,/work/zhanghc/Myllm/SELD/EINV2/C3_CausalEINV2_Velocity_JEPA_seed2026/out_train/ein_seld/C3_CausalEINV2_Velocity_JEPA_seed2026/checkpoints/metrics_statistics.csv,,,,LOGGED_METRICS_ONLY,,,as_recorded_NOT_relabelled,,,90,"{""epoch"": ""90"", ""ER20"": ""0.5718849840255591"", ""F20"": ""0.5988579586009993"", ""LE20"": ""11.61615811393437"", ""LR20"": ""0.6676659528907922"", ""seld20"": ""0.34247382106946184"", ""ER19"": ""0.5153620503319438"", ""F19"": ""0.6690500510725228"", ""LE19"": ""10.559494966692405"", ""LR19"": ""0.7432166666666666"", ""seld19"": ""0.2904397983797058"", ""velocity_l2_mae"": ""0.14795333702505556"", ""velocity_cosine"": ""0.522108314050665"", ""jepa_loss_100ms"": ""0.03990374374738399"", ""jepa_loss_300ms"": ""0.07405092052005707"", ""jepa_loss_500ms"": ""0.09652916460912278"", ""target_latent_std_mean"": ""0.8483187925404883"", ""target_latent_std_min"": ""0.6101167328766544"", ""target_latent_cov_offdiag_abs_mean"": ""0.1189610511520362"", ""target_latent_pair_cosine_mean"": ""0.27322409236562484""}",seld20,"{""epoch"": ""77"", ""ER20"": ""0.5665601703940362"", ""F20"": ""0.6012576818636558"", ""LE20"": ""11.940722144606381"", ""LR20"": ""0.6718593683007001"", ""seld20"": ""0.33994511636937336"", ""ER19"": ""0.5070248571869693"", ""F19"": ""0.6735751295336786"", ""LE19"": ""10.983538810510504"", ""LR19"": ""0.74845"", ""seld19"": ""0.2865048469279206"", ""velocity_l2_mae"": ""0.15272507189208764"", ""velocity_cosine"": ""0.51040555563203"", ""jepa_loss_100ms"": ""0.05847837355859736"", ""jepa_loss_300ms"": ""0.09276178709052979"", ""jepa_loss_500ms"": ""0.11555104686858807"", ""target_latent_std_mean"": ""0.8656714749933159"", ""target_latent_std_min"": ""0.6041007064028581"", ""target_latent_cov_offdiag_abs_mean"": ""0.11810969879031832"", ""target_latent_pair_cosine_mean"": ""0.23767524004655746""}"
rabbit02,training_curve,/work/zhanghc/Myllm/SELD/EINV2/C3_CausalEINV2_Velocity_JEPA_seed2026/out_train/ein_seld/C3_CausalEINV2_Velocity_JEPA_seed2027/checkpoints/metrics_statistics.csv,,,,LOGGED_METRICS_ONLY,,,as_recorded_NOT_relabelled,,,90,"{""epoch"": ""90"", ""ER20"": ""0.5720371215578883"", ""F20"": ""0.5939324061396555"", ""LE20"": ""12.05309577512188"", ""LR20"": ""0.6670029545290768"", ""seld20"": ""0.3445158510210694"", ""ER19"": ""0.5094951366373321"", ""F19"": ""0.6667158018867924"", ""LE19"": ""10.556266659533742"", ""LR19"": ""0.7431"", ""seld19"": ""0.2895813151592096"", ""velocity_l2_mae"": ""0.1478877982912778"", ""velocity_cosine"": ""0.5358767399077033"", ""jepa_loss_100ms"": ""0.04400003441867042"", ""jepa_loss_300ms"": ""0.08041923980605095"", ""jepa_loss_500ms"": ""0.1054713490637059"", ""target_latent_std_mean"": ""0.8691387084252864"", ""target_latent_std_min"": ""0.6147646390658756"", ""target_latent_cov_offdiag_abs_mean"": ""0.14004953078155058"", ""target_latent_pair_cosine_mean"": ""0.23793966454272827""}",seld20,"{""epoch"": ""80"", ""ER20"": ""0.5592575688422334"", ""F20"": ""0.6007653982236983"", ""LE20"": ""12.570077546137306"", ""LR20"": ""0.6757166582424722"", ""seld20"": ""0.3381523191303175"", ""ER19"": ""0.49590859966033657"", ""F19"": ""0.6756696922736327"", ""LE19"": ""11.04789008654689"", ""LR19"": ""0.74655"", ""seld19"": ""0.2837665186335466"", ""velocity_l2_mae"": ""0.1533417035469"", ""velocity_cosine"": ""0.48908687807942625"", ""jepa_loss_100ms"": ""0.0742137852976931"", ""jepa_loss_300ms"": ""0.10998286512937952"", ""jepa_loss_500ms"": ""0.13487343236486962"", ""target_latent_std_mean"": ""0.8898745023378518"", ""target_latent_std_min"": ""0.6440208703096804"", ""target_latent_cov_offdiag_abs_mean"": ""0.13069344397557586"", ""target_latent_pair_cosine_mean"": ""0.19624674001568101""}"
rabbit02,training_curve,/work/zhanghc/Myllm/SELD/EINV2/C3_CausalEINV2_Velocity_JEPA_seed2026/out_train/ein_seld/C3_CausalEINV2_Velocity_JEPA_seed2028/checkpoints/metrics_statistics.csv,,,,LOGGED_METRICS_ONLY,,,as_recorded_NOT_relabelled,,,90,"{""epoch"": ""90"", ""ER20"": ""0.5872508747908108"", ""F20"": ""0.5765455978221934"", ""LE20"": ""12.931010388829728"", ""LR20"": ""0.665090622537431"", ""seld20"": ""0.3543634002589491"", ""ER19"": ""0.5164427975914775"", ""F19"": ""0.665983756493744"", ""LE19"": ""11.109148866391473"", ""LR19"": ""0.7456166666666667"", ""seld19"": ""0.2916399670333104"", ""velocity_l2_mae"": ""0.14638440232505648"", ""velocity_cosine"": ""0.5406913969260376"", ""jepa_loss_100ms"": ""0.04603601928721083"", ""jepa_loss_300ms"": ""0.08305685202333521"", ""jepa_loss_500ms"": ""0.10912569374480147"", ""target_latent_std_mean"": ""0.8637166546932384"", ""target_latent_std_min"": ""0.5496464051307836"", ""target_latent_cov_offdiag_abs_mean"": ""0.12038915907834358"", ""target_latent_pair_cosine_mean"": ""0.24318663358840895""}",seld20,"{""epoch"": ""60"", ""ER20"": ""0.5679294081849993"", ""F20"": ""0.5849785095068113"", ""LE20"": ""12.949806145085482"", ""LR20"": ""0.6735630509215415"", ""seld20"": ""0.3453328038073359"", ""ER19"": ""0.49143121815655394"", ""F19"": ""0.6741707044353334"", ""LE19"": ""11.720420670278235"", ""LR19"": ""0.7452333333333333"", ""seld19"": ""0.2842851571390249"", ""velocity_l2_mae"": ""0.14908013544827392"", ""velocity_cosine"": ""0.4957459923284124"", ""jepa_loss_100ms"": ""0.05716116781881515"", ""jepa_loss_300ms"": ""0.09234032439107591"", ""jepa_loss_500ms"": ""0.11616061889427773"", ""target_latent_std_mean"": ""0.8720371333912753"", ""target_latent_std_min"": ""0.5229171674217976"", ""target_latent_cov_offdiag_abs_mean"": ""0.13293994441666568"", ""target_latent_pair_cosine_mean"": ""0.22006088744789756""}"
rabbit02,evaluation_table,/work/zhanghc/Myllm/SELD/EINV2/E0_OfflineEINV2_seed2026/invalid_corrected_iv_20260824/out_eval_Eval_Pilot_E0_best_seed2026/results.csv,,,,LOGGED_METRICS_ONLY,,,as_recorded_NOT_relabelled,,,1,"{"""": ""0"", ""ER20"": ""0.9987861315529929"", ""F20"": ""0.018340611353711678"", ""LE20"": ""106.11220177940056"", ""LR20"": ""0.7763398173878523"", ""seld20"": ""0.6984044837298025"", ""ER19"": ""0.32687427912341405"", ""F19"": ""0.7774816250706728"", ""LE19"": ""92.13398320537182"", ""LR19"": ""0.7360666666666666"", ""seld19"": ""0.3312953624095351""}",seld20,"{"""": ""0"", ""ER20"": ""0.9987861315529929"", ""F20"": ""0.018340611353711678"", ""LE20"": ""106.11220177940056"", ""LR20"": ""0.7763398173878523"", ""seld20"": ""0.6984044837298025"", ""ER19"": ""0.32687427912341405"", ""F19"": ""0.7774816250706728"", ""LE19"": ""92.13398320537182"", ""LR19"": ""0.7360666666666666"", ""seld19"": ""0.3312953624095351""}"
rabbit02,training_curve,/work/zhanghc/Myllm/SELD/EINV2/E0_OfflineEINV2_seed2026/metrics_statistics.csv,,,,LOGGED_METRICS_ONLY,,,as_recorded_NOT_relabelled,,,90,"{""epoch"": ""90"", ""ER20"": ""0.3817130686140271"", ""F20"": ""0.7108610190395435"", ""LE20"": ""9.87132918392625"", ""LR20"": ""0.7728358899252292"", ""seld20"": ""0.2382142193344334"", ""ER19"": ""0.3243785703257681"", ""F19"": ""0.774451410658307"", ""LE19"": ""9.166155065302162"", ""LR19"": ""0.786"", ""seld19"": ""0.20371256084089603""}",seld20,"{""epoch"": ""82"", ""ER20"": ""0.37714894264415033"", ""F20"": ""0.713777640327818"", ""LE20"": ""9.830378852745811"", ""LR20"": ""0.7759393845678055"", ""seld20"": ""0.23551128339927865"", ""ER19"": ""0.3185116566311564"", ""F19"": ""0.7777515537723231"", ""LE19"": ""9.298319055887037"", ""LR19"": ""0.78975"", ""seld19"": ""0.20066685773677367""}"
rabbit02,evaluation_table,/work/zhanghc/Myllm/SELD/EINV2/E1_OfflineEINV2_Velocity_seed2026/out_eval/ein_seld/Completion_20260904_E1_OfflineEINV2_Velocity_seed2026_evaluation/results.csv,,,,LOGGED_METRICS_ONLY,,,as_recorded_NOT_relabelled,,,1,"{"""": ""0"", ""ER20"": ""0.34117290038692055"", ""F20"": ""0.7393868385081037"", ""LE20"": ""9.844270370145605"", ""LR20"": ""0.8024995118140986"", ""seld20"": ""0.21349423525249292"", ""ER19"": ""0.28342945021145716"", ""F19"": ""0.803534633063877"", ""LE19"": ""9.52773340609644"", ""LR19"": ""0.7863666666666667"", ""seld19"": ""0.18661500068425121""}",seld20,"{"""": ""0"", ""ER20"": ""0.34117290038692055"", ""F20"": ""0.7393868385081037"", ""LE20"": ""9.844270370145605"", ""LR20"": ""0.8024995118140986"", ""seld20"": ""0.21349423525249292"", ""ER19"": ""0.28342945021145716"", ""F19"": ""0.803534633063877"", ""LE19"": ""9.52773340609644"", ""LR19"": ""0.7863666666666667"", ""seld19"": ""0.18661500068425121""}"
rabbit02,evaluation_table,/work/zhanghc/Myllm/SELD/EINV2/E1_OfflineEINV2_Velocity_seed2026/out_eval/ein_seld/Completion_20260904_E1_OfflineEINV2_Velocity_seed2026_validation/results.csv,,,,LOGGED_METRICS_ONLY,,,as_recorded_NOT_relabelled,,,1,"{"""": ""0"", ""ER20"": ""0.37958314316141795"", ""F20"": ""0.7101594392667333"", ""LE20"": ""9.922361767256573"", ""LR20"": ""0.7748594315643532"", ""seld20"": ""0.23742212609266142"", ""ER19"": ""0.3215995059441099"", ""F19"": ""0.7766032417195207"", ""LE19"": ""8.861407009675935"", ""LR19"": ""0.7886833333333333"", ""seld19"": ""0.20138574245847501""}",seld20,"{"""": ""0"", ""ER20"": ""0.37958314316141795"", ""F20"": ""0.7101594392667333"", ""LE20"": ""9.922361767256573"", ""LR20"": ""0.7748594315643532"", ""seld20"": ""0.23742212609266142"", ""ER19"": ""0.3215995059441099"", ""F19"": ""0.7766032417195207"", ""LE19"": ""8.861407009675935"", ""LR19"": ""0.7886833333333333"", ""seld19"": ""0.20138574245847501""}"
rabbit02,evaluation_table,/work/zhanghc/Myllm/SELD/EINV2/E1_OfflineEINV2_Velocity_seed2026/out_eval/ein_seld/Completion_20260904_E1_OfflineEINV2_Velocity_seed2027_evaluation/results.csv,,,,LOGGED_METRICS_ONLY,,,as_recorded_NOT_relabelled,,,1,"{"""": ""0"", ""ER20"": ""0.3379106289355891"", ""F20"": ""0.7399652308286652"", ""LE20"": ""10.85995129493972"", ""LR20"": ""0.8124396368553214"", ""seld20"": ""0.2114597060003169"", ""ER19"": ""0.27081891580161477"", ""F19"": ""0.8149078069831306"", ""LE19"": ""9.988171656725592"", ""LR19"": ""0.7974833333333333"", ""seld19"": ""0.17847940450562882""}",seld20,"{"""": ""0"", ""ER20"": ""0.3379106289355891"", ""F20"": ""0.7399652308286652"", ""LE20"": ""10.85995129493972"", ""LR20"": ""0.8124396368553214"", ""seld20"": ""0.2114597060003169"", ""ER19"": ""0.27081891580161477"", ""F19"": ""0.8149078069831306"", ""LE19"": ""9.988171656725592"", ""LR19"": ""0.7974833333333333"", ""seld19"": ""0.17847940450562882""}"
rabbit02,evaluation_table,/work/zhanghc/Myllm/SELD/EINV2/E1_OfflineEINV2_Velocity_seed2026/out_eval/ein_seld/Completion_20260904_E1_OfflineEINV2_Velocity_seed2027_validation/results.csv,,,,LOGGED_METRICS_ONLY,,,as_recorded_NOT_relabelled,,,1,"{"""": ""0"", ""ER20"": ""0.3946447588620113"", ""F20"": ""0.6942429387251118"", ""LE20"": ""10.398406385683527"", ""LR20"": ""0.7627720327210987"", ""seld20"": ""0.24884967794517732"", ""ER19"": ""0.3328701559363903"", ""F19"": ""0.7642672109270743"", ""LE19"": ""8.778460292550498"", ""LR19"": ""0.7823166666666667"", ""seld19"": ""0.20876387554753803""}",seld20,"{"""": ""0"", ""ER20"": ""0.3946447588620113"", ""F20"": ""0.6942429387251118"", ""LE20"": ""10.398406385683527"", ""LR20"": ""0.7627720327210987"", ""seld20"": ""0.24884967794517732"", ""ER19"": ""0.3328701559363903"", ""F19"": ""0.7642672109270743"", ""LE19"": ""8.778460292550498"", ""LR19"": ""0.7823166666666667"", ""seld19"": ""0.20876387554753803""}"
rabbit02,evaluation_table,/work/zhanghc/Myllm/SELD/EINV2/E1_OfflineEINV2_Velocity_seed2026/out_eval/ein_seld/Completion_20260904_E1_OfflineEINV2_Velocity_seed2028_evaluation/results.csv,,,,LOGGED_METRICS_ONLY,,,as_recorded_NOT_relabelled,,,1,"{"""": ""0"", ""ER20"": ""0.3273651468022153"", ""F20"": ""0.7526285384170999"", ""LE20"": ""9.876871377858567"", ""LR20"": ""0.8169458886963219"", ""seld20"": ""0.20316555683589083"", ""ER19"": ""0.26605151864667437"", ""F19"": ""0.8196400625978091"", ""LE19"": ""9.686656856404595"", ""LR19"": ""0.8008666666666666"", ""seld19"": ""0.1748398874238894""}",seld20,"{"""": ""0"", ""ER20"": ""0.3273651468022153"", ""F20"": ""0.7526285384170999"", ""LE20"": ""9.876871377858567"", ""LR20"": ""0.8169458886963219"", ""seld20"": ""0.20316555683589083"", ""ER19"": ""0.26605151864667437"", ""F19"": ""0.8196400625978091"", ""LE19"": ""9.686656856404595"", ""LR19"": ""0.8008666666666666"", ""seld19"": ""0.1748398874238894""}"
rabbit02,evaluation_table,/work/zhanghc/Myllm/SELD/EINV2/E1_OfflineEINV2_Velocity_seed2026/out_eval/ein_seld/Completion_20260904_E1_OfflineEINV2_Velocity_seed2028_validation/results.csv,,,,LOGGED_METRICS_ONLY,,,as_recorded_NOT_relabelled,,,1,"{"""": ""0"", ""ER20"": ""0.38095238095238093"", ""F20"": ""0.7060365430575899"", ""LE20"": ""9.954908110592108"", ""LR20"": ""0.772029912882584"", ""seld20"": ""0.239547742517763"", ""ER19"": ""0.3209819360815192"", ""F19"": ""0.7739607843137254"", ""LE19"": ""8.778606461122662"", ""LR19"": ""0.78575"", ""seld19"": ""0.20251029691572994""}",seld20,"{"""": ""0"", ""ER20"": ""0.38095238095238093"", ""F20"": ""0.7060365430575899"", ""LE20"": ""9.954908110592108"", ""LR20"": ""0.772029912882584"", ""seld20"": ""0.239547742517763"", ""ER19"": ""0.3209819360815192"", ""F19"": ""0.7739607843137254"", ""LE19"": ""8.778606461122662"", ""LR19"": ""0.78575"", ""seld19"": ""0.20251029691572994""}"
rabbit02,training_curve,/work/zhanghc/Myllm/SELD/EINV2/E1_OfflineEINV2_Velocity_seed2026/out_train/ein_seld/E1_OfflineEINV2_Velocity_seed2026/checkpoints/metrics_statistics.csv,,,,LOGGED_METRICS_ONLY,,,as_recorded_NOT_relabelled,,,90,"{""epoch"": ""90"", ""ER20"": ""0.3906891830214514"", ""F20"": ""0.7046497399816458"", ""LE20"": ""9.910665290023875"", ""LR20"": ""0.7687366167023554"", ""seld20"": ""0.24309051948717347"", ""ER19"": ""0.3308630538829705"", ""F19"": ""0.7703207723450638"", ""LE19"": ""9.042429218323598"", ""LR19"": ""0.78875"", ""seld19"": ""0.20550699985437057"", ""velocity_l2_mae"": ""0.13994281027868935"", ""velocity_cosine"": ""0.6014421184577728""}",seld20,"{""epoch"": ""69"", ""ER20"": ""0.37958314316141795"", ""F20"": ""0.7101594392667333"", ""LE20"": ""9.922370376133323"", ""LR20"": ""0.7748594315643532"", ""seld20"": ""0.23742213804943468"", ""ER19"": ""0.3215995059441099"", ""F19"": ""0.7766032417195207"", ""LE19"": ""8.852492139286227"", ""LR19"": ""0.7886833333333333"", ""seld19"": ""0.20137336069404485"", ""velocity_l2_mae"": ""0.15378970770994477"", ""velocity_cosine"": ""0.5661198205478315""}"
rabbit02,training_curve,/work/zhanghc/Myllm/SELD/EINV2/E1_OfflineEINV2_Velocity_seed2026/out_train/ein_seld/E1_OfflineEINV2_Velocity_seed2027/checkpoints/metrics_statistics.csv,,,,LOGGED_METRICS_ONLY,,,as_recorded_NOT_relabelled,,,90,"{""epoch"": ""90"", ""ER20"": ""0.3996652974288757"", ""F20"": ""0.6892402622445043"", ""LE20"": ""10.725912082798118"", ""LR20"": ""0.7612803702275356"", ""seld20"": ""0.25218326635420635"", ""ER19"": ""0.3341052956615717"", ""F19"": ""0.7628169898720262"", ""LE19"": ""8.753155451245437"", ""LR19"": ""0.7794"", ""seld19"": ""0.21012923679633838"", ""velocity_l2_mae"": ""0.14039542826984647"", ""velocity_cosine"": ""0.605827145330946""}",seld20,"{""epoch"": ""87"", ""ER20"": ""0.3946447588620113"", ""F20"": ""0.6942429387251118"", ""LE20"": ""10.398413760579986"", ""LR20"": ""0.7627720327210987"", ""seld20"": ""0.24884968818808909"", ""ER19"": ""0.3328701559363903"", ""F19"": ""0.7642672109270743"", ""LE19"": ""8.772613750778495"", ""LR19"": ""0.7823166666666667"", ""seld19"": ""0.20875575535063245"", ""velocity_l2_mae"": ""0.13927417286207086"", ""velocity_cosine"": ""0.606085454579199""}"
rabbit02,training_curve,/work/zhanghc/Myllm/SELD/EINV2/E1_OfflineEINV2_Velocity_seed2026/out_train/ein_seld/E1_OfflineEINV2_Velocity_seed2028/checkpoints/metrics_statistics.csv,,,,LOGGED_METRICS_ONLY,,,as_recorded_NOT_relabelled,,,90,"{""epoch"": ""90"", ""ER20"": ""0.38140879354936863"", ""F20"": ""0.7045806251934384"", ""LE20"": ""10.218500821080971"", ""LR20"": ""0.7745280099040543"", ""seld20"": ""0.23976740186447032"", ""ER19"": ""0.31727651690597497"", ""F19"": ""0.7767983629781205"", ""LE19"": ""8.990118309779247"", ""LR19"": ""0.7842833333333333"", ""seld19"": ""0.20153498057887925"", ""velocity_l2_mae"": ""0.14136419948067996"", ""velocity_cosine"": ""0.5941164184967155""}",seld20,"{""epoch"": ""83"", ""ER20"": ""0.38095238095238093"", ""F20"": ""0.7060365430575899"", ""LE20"": ""9.954708547026826"", ""LR20"": ""0.772029912882584"", ""seld20"": ""0.23954746534614457"", ""ER19"": ""0.3209819360815192"", ""F19"": ""0.7739607843137254"", ""LE19"": ""8.76963894048316"", ""LR19"": ""0.7857666666666666"", ""seld19"": ""0.2024936753592862"", ""velocity_l2_mae"": ""0.1409460848527305"", ""velocity_cosine"": ""0.5913221046800674""}"
rabbit02,evaluation_table,/work/zhanghc/Myllm/SELD/EINV2/E2_OfflineEINV2_JEPAConsistency_seed2026/out_eval/ein_seld/Completion_20260904_E2_OfflineEINV2_JEPAConsistency_seed2026_evaluation/results.csv,,,,LOGGED_METRICS_ONLY,,,as_recorded_NOT_relabelled,,,1,"{"""": ""0"", ""ER20"": ""0.350883847962977"", ""F20"": ""0.730027976375505"", ""LE20"": ""11.324847695679141"", ""LR20"": ""0.7997357786757848"", ""seld20"": ""0.2210089783608095"", ""ER19"": ""0.2873510188389081"", ""F19"": ""0.8004416229643941"", ""LE19"": ""10.780429078650608"", ""LR19"": ""0.796175"", ""seld19"": ""0.18765641713342102""}",seld20,"{"""": ""0"", ""ER20"": ""0.350883847962977"", ""F20"": ""0.730027976375505"", ""LE20"": ""11.324847695679141"", ""LR20"": ""0.7997357786757848"", ""seld20"": ""0.2210089783608095"", ""ER19"": ""0.2873510188389081"", ""F19"": ""0.8004416229643941"", ""LE19"": ""10.780429078650608"", ""LR19"": ""0.796175"", ""seld19"": ""0.18765641713342102""}"
rabbit02,evaluation_table,/work/zhanghc/Myllm/SELD/EINV2/E2_OfflineEINV2_JEPAConsistency_seed2026/out_eval/ein_seld/Completion_20260904_E2_OfflineEINV2_JEPAConsistency_seed2026_validation/results.csv,,,,LOGGED_METRICS_ONLY,,,as_recorded_NOT_relabelled,,,1,"{"""": ""0"", ""ER20"": ""0.374258329529895"", ""F20"": ""0.7146160962072153"", ""LE20"": ""10.74764366604219"", ""LR20"": ""0.7781375269811902"", ""seld20"": ""0.2353034594548754"", ""ER19"": ""0.31480623745561215"", ""F19"": ""0.7805107316308943"", ""LE19"": ""9.855486757250086"", ""LR19"": ""0.78665"", ""seld19"": ""0.2005995525079157""}",seld20,"{"""": ""0"", ""ER20"": ""0.374258329529895"", ""F20"": ""0.7146160962072153"", ""LE20"": ""10.74764366604219"", ""LR20"": ""0.7781375269811902"", ""seld20"": ""0.2353034594548754"", ""ER19"": ""0.31480623745561215"", ""F19"": ""0.7805107316308943"", ""LE19"": ""9.855486757250086"", ""LR19"": ""0.78665"", ""seld19"": ""0.2005995525079157""}"
rabbit02,evaluation_table,/work/zhanghc/Myllm/SELD/EINV2/E2_OfflineEINV2_JEPAConsistency_seed2026/out_eval/ein_seld/Completion_20260904_E2_OfflineEINV2_JEPAConsistency_seed2027_evaluation/results.csv,,,,LOGGED_METRICS_ONLY,,,as_recorded_NOT_relabelled,,,1,"{"""": ""0"", ""ER20"": ""0.34724224262195585"", ""F20"": ""0.729910540645663"", ""LE20"": ""10.758323901630632"", ""LR20"": ""0.8017113963438349"", ""seld20"": ""0.21884719293815705"", ""ER19"": ""0.28189158016147636"", ""F19"": ""0.8029866076719472"", ""LE19"": ""9.749384949226046"", ""LR19"": ""0.7903333333333333"", ""seld19"": ""0.18568372221852958""}",seld20,"{"""": ""0"", ""ER20"": ""0.34724224262195585"", ""F20"": ""0.729910540645663"", ""LE20"": ""10.758323901630632"", ""LR20"": ""0.8017113963438349"", ""seld20"": ""0.21884719293815705"", ""ER19"": ""0.28189158016147636"", ""F19"": ""0.8029866076719472"", ""LE19"": ""9.749384949226046"", ""LR19"": ""0.7903333333333333"", ""seld19"": ""0.18568372221852958""}"
rabbit02,evaluation_table,/work/zhanghc/Myllm/SELD/EINV2/E2_OfflineEINV2_JEPAConsistency_seed2026/out_eval/ein_seld/Completion_20260904_E2_OfflineEINV2_JEPAConsistency_seed2027_validation/results.csv,,,,LOGGED_METRICS_ONLY,,,as_recorded_NOT_relabelled,,,1,"{"""": ""0"", ""ER20"": ""0.39175414574775597"", ""F20"": ""0.7012204541943456"", ""LE20"": ""10.295551537815173"", ""LR20"": ""0.7665688243472886"", ""seld20"": ""0.24529059393738487"", ""ER19"": ""0.3342596881272194"", ""F19"": ""0.7678515256369927"", ""LE19"": ""8.915996407738971"", ""LR19"": ""0.77115"", ""seld19"": ""0.21119786896663859""}",seld20,"{"""": ""0"", ""ER20"": ""0.39175414574775597"", ""F20"": ""0.7012204541943456"", ""LE20"": ""10.295551537815173"", ""LR20"": ""0.7665688243472886"", ""seld20"": ""0.24529059393738487"", ""ER19"": ""0.3342596881272194"", ""F19"": ""0.7678515256369927"", ""LE19"": ""8.915996407738971"", ""LR19"": ""0.77115"", ""seld19"": ""0.21119786896663859""}"
rabbit02,evaluation_table,/work/zhanghc/Myllm/SELD/EINV2/E2_OfflineEINV2_JEPAConsistency_seed2026/out_eval/ein_seld/Completion_20260904_E2_OfflineEINV2_JEPAConsistency_seed2028_evaluation/results.csv,,,,LOGGED_METRICS_ONLY,,,as_recorded_NOT_relabelled,,,1,"{"""": ""0"", ""ER20"": ""0.36522266899324785"", ""F20"": ""0.7116259182959536"", ""LE20"": ""13.107497074186497"", ""LR20"": ""0.8168849846464802"", ""seld20"": ""0.22738279856018476"", ""ER19"": ""0.2696655132641292"", ""F19"": ""0.8187485204766036"", ""LE19"": ""10.923169059180271"", ""LR19"": ""0.79155"", ""seld19"": ""0.1800128163346318""}",seld20,"{"""": ""0"", ""ER20"": ""0.36522266899324785"", ""F20"": ""0.7116259182959536"", ""LE20"": ""13.107497074186497"", ""LR20"": ""0.8168849846464802"", ""seld20"": ""0.22738279856018476"", ""ER19"": ""0.2696655132641292"", ""F19"": ""0.8187485204766036"", ""LE19"": ""10.923169059180271"", ""LR19"": ""0.79155"", ""seld19"": ""0.1800128163346318""}"
rabbit02,evaluation_table,/work/zhanghc/Myllm/SELD/EINV2/E2_OfflineEINV2_JEPAConsistency_seed2026/out_eval/ein_seld/Completion_20260904_E2_OfflineEINV2_JEPAConsistency_seed2028_validation/results.csv,,,,LOGGED_METRICS_ONLY,,,as_recorded_NOT_relabelled,,,1,"{"""": ""0"", ""ER20"": ""0.42735432831279474"", ""F20"": ""0.6638010439054343"", ""LE20"": ""12.744792147556351"", ""LR20"": ""0.76634940128953"", ""seld20"": ""0.267002070984397"", ""ER19"": ""0.33642118264628684"", ""F19"": ""0.7673073917799655"", ""LE19"": ""10.199940264898624"", ""LR19"": ""0.7772833333333333"", ""seld19"": ""0.2121241980844951""}",seld20,"{"""": ""0"", ""ER20"": ""0.42735432831279474"", ""F20"": ""0.6638010439054343"", ""LE20"": ""12.744792147556351"", ""LR20"": ""0.76634940128953"", ""seld20"": ""0.267002070984397"", ""ER19"": ""0.33642118264628684"", ""F19"": ""0.7673073917799655"", ""LE19"": ""10.199940264898624"", ""LR19"": ""0.7772833333333333"", ""seld19"": ""0.2121241980844951""}"
rabbit02,training_curve,/work/zhanghc/Myllm/SELD/EINV2/E2_OfflineEINV2_JEPAConsistency_seed2026/out_train/ein_seld/E2_OfflineEINV2_JEPAConsistency_seed2026/checkpoints/metrics_statistics.csv,,,,LOGGED_METRICS_ONLY,,,as_recorded_NOT_relabelled,,,90,"{""epoch"": ""90"", ""ER20"": ""0.3903849079567929"", ""F20"": ""0.7025660666411335"", ""LE20"": ""9.969060449156782"", ""LR20"": ""0.762160091918805"", ""seld20"": ""0.24526060463970914"", ""ER19"": ""0.3362667901806392"", ""F19"": ""0.764682942048202"", ""LE19"": ""8.964166071958568"", ""LR19"": ""0.7822833333333333"", ""seld19"": ""0.209775359355274"", ""jepa_loss_100ms"": ""0.01802375608500331"", ""jepa_loss_300ms"": ""0.031600902689264174"", ""jepa_loss_500ms"": ""0.04165986958058908"", ""target_latent_std_mean"": ""0.7741896768687506"", ""target_latent_std_min"": ""0.2977834157866122"", ""target_latent_cov_offdiag_abs_mean"": ""0.21156376586985248"", ""target_latent_pair_cosine_mean"": ""0.3381055314825065""}",seld20,"{""epoch"": ""60"", ""ER20"": ""0.374258329529895"", ""F20"": ""0.7146160962072153"", ""LE20"": ""10.747581841442734"", ""LR20"": ""0.7781375269811902"", ""seld20"": ""0.23530337358737616"", ""ER19"": ""0.31480623745561215"", ""F19"": ""0.7805107316308943"", ""LE19"": ""9.847139578430152"", ""LR19"": ""0.78665"", ""seld19"": ""0.20058795920399913"", ""jepa_loss_100ms"": ""0.0221501782714845"", ""jepa_loss_300ms"": ""0.03417006752235775"", ""jepa_loss_500ms"": ""0.04182944595417444"", ""target_latent_std_mean"": ""0.7698566016038955"", ""target_latent_std_min"": ""0.24871422309231092"", ""target_latent_cov_offdiag_abs_mean"": ""0.22083999337016025"", ""target_latent_pair_cosine_mean"": ""0.3289510622181576""}"
rabbit02,training_curve,/work/zhanghc/Myllm/SELD/EINV2/E2_OfflineEINV2_JEPAConsistency_seed2026/out_train/ein_seld/E2_OfflineEINV2_JEPAConsistency_seed2027/checkpoints/metrics_statistics.csv,,,,LOGGED_METRICS_ONLY,,,as_recorded_NOT_relabelled,,,90,"{""epoch"": ""90"", ""ER20"": ""0.39175414574775597"", ""F20"": ""0.7012204541943456"", ""LE20"": ""10.29558383168818"", ""LR20"": ""0.7665688243472886"", ""seld20"": ""0.24529063878998625"", ""ER19"": ""0.3342596881272194"", ""F19"": ""0.7678515256369927"", ""LE19"": ""8.907810326155175"", ""LR19"": ""0.77115"", ""seld19"": ""0.21118649940888332"", ""jepa_loss_100ms"": ""0.02508498045635667"", ""jepa_loss_300ms"": ""0.04373325747338698"", ""jepa_loss_500ms"": ""0.05860624840839746"", ""target_latent_std_mean"": ""0.7715546250428726"", ""target_latent_std_min"": ""0.3351973694323195"", ""target_latent_cov_offdiag_abs_mean"": ""0.21205822765115778"", ""target_latent_pair_cosine_mean"": ""0.28261493984176955""}",seld20,"{""epoch"": ""90"", ""ER20"": ""0.39175414574775597"", ""F20"": ""0.7012204541943456"", ""LE20"": ""10.29558383168818"", ""LR20"": ""0.7665688243472886"", ""seld20"": ""0.24529063878998625"", ""ER19"": ""0.3342596881272194"", ""F19"": ""0.7678515256369927"", ""LE19"": ""8.907810326155175"", ""LR19"": ""0.77115"", ""seld19"": ""0.21118649940888332"", ""jepa_loss_100ms"": ""0.02508498045635667"", ""jepa_loss_300ms"": ""0.04373325747338698"", ""jepa_loss_500ms"": ""0.05860624840839746"", ""target_latent_std_mean"": ""0.7715546250428726"", ""target_latent_std_min"": ""0.3351973694323195"", ""target_latent_cov_offdiag_abs_mean"": ""0.21205822765115778"", ""target_latent_pair_cosine_mean"": ""0.28261493984176955""}"
rabbit02,training_curve,/work/zhanghc/Myllm/SELD/EINV2/E2_OfflineEINV2_JEPAConsistency_seed2026/out_train/ein_seld/E2_OfflineEINV2_JEPAConsistency_seed2028/checkpoints/metrics_statistics.csv,,,,LOGGED_METRICS_ONLY,,,as_recorded_NOT_relabelled,,,90,"{""epoch"": ""90"", ""ER20"": ""0.43252700441198844"", ""F20"": ""0.6592298288508557"", ""LE20"": ""12.688411706706665"", ""LR20"": ""0.764822738386308"", ""seld20"": ""0.26974140333079877"", ""ER19"": ""0.33796510730276363"", ""F19"": ""0.7661428349152015"", ""LE19"": ""10.239316882670803"", ""LR19"": ""0.7783333333333333"", ""seld19"": ""0.21259350821171108"", ""jepa_loss_100ms"": ""0.023058778016847817"", ""jepa_loss_300ms"": ""0.04237079723401273"", ""jepa_loss_500ms"": ""0.052031084617718736"", ""target_latent_std_mean"": ""0.5777340622969594"", ""target_latent_std_min"": ""0.18876338090073344"", ""target_latent_cov_offdiag_abs_mean"": ""0.1386043945753898"", ""target_latent_pair_cosine_mean"": ""0.45756031099909633""}",seld20,"{""epoch"": ""85"", ""ER20"": ""0.42735432831279474"", ""F20"": ""0.6638519996929453"", ""LE20"": ""12.744784630598787"", ""LR20"": ""0.7664082290627158"", ""seld20"": ""0.26697461465400396"", ""ER19"": ""0.33642118264628684"", ""F19"": ""0.76736735172306"", ""LE19"": ""10.192291108745641"", ""LR19"": ""0.7772666666666667"", ""seld19"": ""0.21210275093739786"", ""jepa_loss_100ms"": ""0.023464249590649567"", ""jepa_loss_300ms"": ""0.04307149497276925"", ""jepa_loss_500ms"": ""0.05302631283337449"", ""target_latent_std_mean"": ""0.5855583817046652"", ""target_latent_std_min"": ""0.18705428804443527"", ""target_latent_cov_offdiag_abs_mean"": ""0.1417452538603155"", ""target_latent_pair_cosine_mean"": ""0.4452162730165562""}"
rabbit02,evaluation_table,/work/zhanghc/Myllm/SELD/EINV2/E3_OfflineEINV2_Velocity_JEPAConsistency_seed2026/out_eval/ein_seld/Completion_20260904_E3_OfflineEINV2_Velocity_JEPAConsistency_seed2026_evaluation/results.csv,,,,LOGGED_METRICS_ONLY,,,as_recorded_NOT_relabelled,,,1,"{"""": ""0"", ""ER20"": ""0.3487595781807147"", ""F20"": ""0.7358076078159324"", ""LE20"": ""10.024848313847425"", ""LR20"": ""0.7945427217019307"", ""seld20"": ""0.2185257126016121"", ""ER19"": ""0.2954248366013072"", ""F19"": ""0.79558357151247"", ""LE19"": ""9.789120464228828"", ""LR19"": ""0.7949416666666667"", ""seld19"": ""0.1898209002503049""}",seld20,"{"""": ""0"", ""ER20"": ""0.3487595781807147"", ""F20"": ""0.7358076078159324"", ""LE20"": ""10.024848313847425"", ""LR20"": ""0.7945427217019307"", ""seld20"": ""0.2185257126016121"", ""ER19"": ""0.2954248366013072"", ""F19"": ""0.79558357151247"", ""LE19"": ""9.789120464228828"", ""LR19"": ""0.7949416666666667"", ""seld19"": ""0.1898209002503049""}"
rabbit02,evaluation_table,/work/zhanghc/Myllm/SELD/EINV2/E3_OfflineEINV2_Velocity_JEPAConsistency_seed2026/out_eval/ein_seld/Completion_20260904_E3_OfflineEINV2_Velocity_JEPAConsistency_seed2026_validation/results.csv,,,,LOGGED_METRICS_ONLY,,,as_recorded_NOT_relabelled,,,1,"{"""": ""0"", ""ER20"": ""0.4045336984634109"", ""F20"": ""0.6956854931412367"", ""LE20"": ""9.053574229258782"", ""LR20"": ""0.7461108130891256"", ""seld20"": ""0.2532587567100104"", ""ER19"": ""0.3557202408522464"", ""F19"": ""0.7480130902290789"", ""LE19"": ""8.727087543117703"", ""LR19"": ""0.7799833333333334"", ""seld19"": ""0.21905190924345533""}",seld20,"{"""": ""0"", ""ER20"": ""0.4045336984634109"", ""F20"": ""0.6956854931412367"", ""LE20"": ""9.053574229258782"", ""LR20"": ""0.7461108130891256"", ""seld20"": ""0.2532587567100104"", ""ER19"": ""0.3557202408522464"", ""F19"": ""0.7480130902290789"", ""LE19"": ""8.727087543117703"", ""LR19"": ""0.7799833333333334"", ""seld19"": ""0.21905190924345533""}"
rabbit02,evaluation_table,/work/zhanghc/Myllm/SELD/EINV2/E3_OfflineEINV2_Velocity_JEPAConsistency_seed2026/out_eval/ein_seld/Completion_20260904_E3_OfflineEINV2_Velocity_JEPAConsistency_seed2027_evaluation/results.csv,,,,LOGGED_METRICS_ONLY,,,as_recorded_NOT_relabelled,,,1,"{"""": ""0"", ""ER20"": ""0.37129201122828315"", ""F20"": ""0.7057535959974983"", ""LE20"": ""13.105387958956355"", ""LR20"": ""0.8006566604127578"", ""seld20"": ""0.23442236642527947"", ""ER19"": ""0.28665897731641676"", ""F19"": ""0.802588739776066"", ""LE19"": ""10.98809605168301"", ""LR19"": ""0.7853083333333334"", ""seld19"": ""0.18995172056798074""}",seld20,"{"""": ""0"", ""ER20"": ""0.37129201122828315"", ""F20"": ""0.7057535959974983"", ""LE20"": ""13.105387958956355"", ""LR20"": ""0.8006566604127578"", ""seld20"": ""0.23442236642527947"", ""ER19"": ""0.28665897731641676"", ""F19"": ""0.802588739776066"", ""LE19"": ""10.98809605168301"", ""LR19"": ""0.7853083333333334"", ""seld19"": ""0.18995172056798074""}"
rabbit02,evaluation_table,/work/zhanghc/Myllm/SELD/EINV2/E3_OfflineEINV2_Velocity_JEPAConsistency_seed2026/out_eval/ein_seld/Completion_20260904_E3_OfflineEINV2_Velocity_JEPAConsistency_seed2027_validation/results.csv,,,,LOGGED_METRICS_ONLY,,,as_recorded_NOT_relabelled,,,1,"{"""": ""0"", ""ER20"": ""0.4151833257264567"", ""F20"": ""0.6677976557680444"", ""LE20"": ""12.100454671275864"", ""LR20"": ""0.7629549660703269"", ""seld20"": ""0.26291386301546005"", ""ER19"": ""0.3310174463486182"", ""F19"": ""0.765416601286678"", ""LE19"": ""10.422690280844352"", ""LR19"": ""0.7900666666666667"", ""seld19"": ""0.2083595033222133""}",seld20,"{"""": ""0"", ""ER20"": ""0.4151833257264567"", ""F20"": ""0.6677976557680444"", ""LE20"": ""12.100454671275864"", ""LR20"": ""0.7629549660703269"", ""seld20"": ""0.26291386301546005"", ""ER19"": ""0.3310174463486182"", ""F19"": ""0.765416601286678"", ""LE19"": ""10.422690280844352"", ""LR19"": ""0.7900666666666667"", ""seld19"": ""0.2083595033222133""}"
rabbit02,evaluation_table,/work/zhanghc/Myllm/SELD/EINV2/E3_OfflineEINV2_Velocity_JEPAConsistency_seed2026/out_eval/ein_seld/Completion_20260904_E3_OfflineEINV2_Velocity_JEPAConsistency_seed2028_evaluation/results.csv,,,,LOGGED_METRICS_ONLY,,,as_recorded_NOT_relabelled,,,1,"{"""": ""0"", ""ER20"": ""0.37409908201198694"", ""F20"": ""0.7032175630154488"", ""LE20"": ""13.178565838551881"", ""LR20"": ""0.807759321640144"", ""seld20"": ""0.23408411300375392"", ""ER19"": ""0.2822760476739716"", ""F19"": ""0.8088455182183047"", ""LE19"": ""10.950446714656614"", ""LR19"": ""0.7797333333333333"", ""seld19"": ""0.1886332528009398""}",seld20,"{"""": ""0"", ""ER20"": ""0.37409908201198694"", ""F20"": ""0.7032175630154488"", ""LE20"": ""13.178565838551881"", ""LR20"": ""0.807759321640144"", ""seld20"": ""0.23408411300375392"", ""ER19"": ""0.2822760476739716"", ""F19"": ""0.8088455182183047"", ""LE19"": ""10.950446714656614"", ""LR19"": ""0.7797333333333333"", ""seld19"": ""0.1886332528009398""}"
rabbit02,evaluation_table,/work/zhanghc/Myllm/SELD/EINV2/E3_OfflineEINV2_Velocity_JEPAConsistency_seed2026/out_eval/ein_seld/Completion_20260904_E3_OfflineEINV2_Velocity_JEPAConsistency_seed2028_validation/results.csv,,,,LOGGED_METRICS_ONLY,,,as_recorded_NOT_relabelled,,,1,"{"""": ""0"", ""ER20"": ""0.4253765403925148"", ""F20"": ""0.6605816831683168"", ""LE20"": ""12.21042615151832"", ""LR20"": ""0.7620668316831682"", ""seld20"": ""0.26764093159569957"", ""ER19"": ""0.33580361278369614"", ""F19"": ""0.76413163281373"", ""LE19"": ""10.077289763922057"", ""LR19"": ""0.7775666666666666"", ""seld19"": ""0.21252256410904996""}",seld20,"{"""": ""0"", ""ER20"": ""0.4253765403925148"", ""F20"": ""0.6605816831683168"", ""LE20"": ""12.21042615151832"", ""LR20"": ""0.7620668316831682"", ""seld20"": ""0.26764093159569957"", ""ER19"": ""0.33580361278369614"", ""F19"": ""0.76413163281373"", ""LE19"": ""10.077289763922057"", ""LR19"": ""0.7775666666666666"", ""seld19"": ""0.21252256410904996""}"
rabbit02,training_curve,/work/zhanghc/Myllm/SELD/EINV2/E3_OfflineEINV2_Velocity_JEPAConsistency_seed2026/out_train/ein_seld/E3_OfflineEINV2_Velocity_JEPAConsistency_seed2026/checkpoints/metrics_statistics.csv,,,,LOGGED_METRICS_ONLY,,,as_recorded_NOT_relabelled,,,90,"{""epoch"": ""90"", ""ER20"": ""0.41016278715959226"", ""F20"": ""0.6938650306748465"", ""LE20"": ""9.226037663251569"", ""LR20"": ""0.745245398773006"", ""seld20"": ""0.2555770306268954"", ""ER19"": ""0.3603520148216767"", ""F19"": ""0.7475803933812051"", ""LE19"": ""8.733765154911543"", ""LR19"": ""0.7770166666666667"", ""seld19"": ""0.22106896807527285"", ""velocity_l2_mae"": ""0.13952610038243723"", ""velocity_cosine"": ""0.6152062652009213"", ""jepa_loss_100ms"": ""0.017224623182629968"", ""jepa_loss_300ms"": ""0.0286816012887086"", ""jepa_loss_500ms"": ""0.03772054011239968"", ""target_latent_std_mean"": ""0.7704216852838219"", ""target_latent_std_min"": ""0.35589362230530003"", ""target_latent_cov_offdiag_abs_mean"": ""0.2104678214968223"", ""target_latent_pair_cosine_mean"": ""0.38418081683762373""}",seld20,"{""epoch"": ""88"", ""ER20"": ""0.4045336984634109"", ""F20"": ""0.6956854931412367"", ""LE20"": ""9.053560331204116"", ""LR20"": ""0.7461108130891256"", ""seld20"": ""0.25325873740715676"", ""ER19"": ""0.3557202408522464"", ""F19"": ""0.7480130902290789"", ""LE19"": ""8.719885605852724"", ""LR19"": ""0.78"", ""seld19"": ""0.21903773988614286"", ""velocity_l2_mae"": ""0.13829996307304368"", ""velocity_cosine"": ""0.617965399304701"", ""jepa_loss_100ms"": ""0.01757093251960233"", ""jepa_loss_300ms"": ""0.029570452997738375"", ""jepa_loss_500ms"": ""0.03848461073605304"", ""target_latent_std_mean"": ""0.7744153716403205"", ""target_latent_std_min"": ""0.35926294210259535"", ""target_latent_cov_offdiag_abs_mean"": ""0.2109758586003812"", ""target_latent_pair_cosine_mean"": ""0.3779353385170811""}"
rabbit02,training_curve,/work/zhanghc/Myllm/SELD/EINV2/E3_OfflineEINV2_Velocity_JEPAConsistency_seed2026/out_train/ein_seld/E3_OfflineEINV2_Velocity_JEPAConsistency_seed2027/checkpoints/metrics_statistics.csv,,,,LOGGED_METRICS_ONLY,,,as_recorded_NOT_relabelled,,,90,"{""epoch"": ""90"", ""ER20"": ""0.42081241442263806"", ""F20"": ""0.663062514277012"", ""LE20"": ""12.113768648740168"", ""LR20"": ""0.7612883575725271"", ""seld20"": ""0.2659400643220805"", ""ER19"": ""0.3362667901806392"", ""F19"": ""0.7643598080198172"", ""LE19"": ""10.061078755018908"", ""LR19"": ""0.7882"", ""seld19"": ""0.20990046603328733"", ""velocity_l2_mae"": ""0.14603719443788882"", ""velocity_cosine"": ""0.5854184130615617"", ""jepa_loss_100ms"": ""0.025132717435902105"", ""jepa_loss_300ms"": ""0.04783297278621095"", ""jepa_loss_500ms"": ""0.058119729844892914"", ""target_latent_std_mean"": ""0.6225997545531345"", ""target_latent_std_min"": ""0.19797297154528964"", ""target_latent_cov_offdiag_abs_mean"": ""0.16195711827668613"", ""target_latent_pair_cosine_mean"": ""0.4216909919293446""}",seld20,"{""epoch"": ""68"", ""ER20"": ""0.4151833257264567"", ""F20"": ""0.6677976557680444"", ""LE20"": ""12.100396873785353"", ""LR20"": ""0.7629549660703269"", ""seld20"": ""0.26291378274116767"", ""ER19"": ""0.3310174463486182"", ""F19"": ""0.765416601286678"", ""LE19"": ""10.414459442490088"", ""LR19"": ""0.7900666666666667"", ""seld19"": ""0.20834807160227684"", ""velocity_l2_mae"": ""0.15031446023241107"", ""velocity_cosine"": ""0.5526285142713115"", ""jepa_loss_100ms"": ""0.033532519111449416"", ""jepa_loss_300ms"": ""0.05315448690522859"", ""jepa_loss_500ms"": ""0.06302577841709903"", ""target_latent_std_mean"": ""0.6623213347427955"", ""target_latent_std_min"": ""0.22289475133402092"", ""target_latent_cov_offdiag_abs_mean"": ""0.1859075188857028"", ""target_latent_pair_cosine_mean"": ""0.36688373582352274""}"
rabbit02,training_curve,/work/zhanghc/Myllm/SELD/EINV2/E3_OfflineEINV2_Velocity_JEPAConsistency_seed2026/out_train/ein_seld/E3_OfflineEINV2_Velocity_JEPAConsistency_seed2028/checkpoints/metrics_statistics.csv,,,,LOGGED_METRICS_ONLY,,,as_recorded_NOT_relabelled,,,90,"{""epoch"": ""90"", ""ER20"": ""0.4264415031188194"", ""F20"": ""0.6595087285648076"", ""LE20"": ""12.302980663132157"", ""LR20"": ""0.7605437973119109"", ""seld20"": ""0.2686847174537643"", ""ER19"": ""0.33719314497452524"", ""F19"": ""0.7625944584382871"", ""LE19"": ""10.088916834375263"", ""LR19"": ""0.7773166666666667"", ""seld19"": ""0.21333288945958073"", ""velocity_l2_mae"": ""0.1470088035028255"", ""velocity_cosine"": ""0.5753129091934333"", ""jepa_loss_100ms"": ""0.02755980829688463"", ""jepa_loss_300ms"": ""0.048905546261750636"", ""jepa_loss_500ms"": ""0.05872562450376597"", ""target_latent_std_mean"": ""0.6510671570859682"", ""target_latent_std_min"": ""0.15761095182345342"", ""target_latent_cov_offdiag_abs_mean"": ""0.1737133787728441"", ""target_latent_pair_cosine_mean"": ""0.37052707454341965""}",seld20,"{""epoch"": ""85"", ""ER20"": ""0.4252244028601856"", ""F20"": ""0.6606327840953043"", ""LE20"": ""12.210313942516342"", ""LR20"": ""0.7621257832443721"", ""seld20"": ""0.26757522824473334"", ""ER19"": ""0.33580361278369614"", ""F19"": ""0.76413163281373"", ""LE19"": ""10.07013400663421"", ""LR19"": ""0.7775333333333333"", ""seld19"": ""0.2125209588905946"", ""velocity_l2_mae"": ""0.1472343175247682"", ""velocity_cosine"": ""0.5756678848269673"", ""jepa_loss_100ms"": ""0.027539986274898686"", ""jepa_loss_300ms"": ""0.04901184617204869"", ""jepa_loss_500ms"": ""0.058478543217828936"", ""target_latent_std_mean"": ""0.6620164560554231"", ""target_latent_std_min"": ""0.1620469359876772"", ""target_latent_cov_offdiag_abs_mean"": ""0.17863224684327117"", ""target_latent_pair_cosine_mean"": ""0.3493800683643455""}"
rabbit02,training_curve,/work/zhanghc/Myllm/SELD/EINV2/STARSS_OfficialEINV2/results/out_train/ein_seld/STARSS22_C0_CheckpointSmoke_seed2026/checkpoints/metrics_statistics.csv,,,,LOGGED_METRICS_ONLY,,,as_recorded_NOT_relabelled,,,1,"{""epoch"": ""1"", ""ER_macro"": ""0.9694289394589953"", ""F_macro"": ""0.004489436073828625"", ""LE_macro"": ""139.61925059101557"", ""LR_macro"": ""0.019021157943446654"", ""SELD_scr_macro"": ""0.9303952121812848"", ""ER_micro"": ""0.9694289394589953"", ""F_micro"": ""0.012671594508975714"", ""LE_micro"": ""56.84741880457571"", ""LR_micro"": ""0.053069987118935166"", ""SELD_scr_micro"": ""0.8048765877974596""}",SELD_scr_macro,"{""epoch"": ""1"", ""ER_macro"": ""0.9694289394589953"", ""F_macro"": ""0.004489436073828625"", ""LE_macro"": ""139.61925059101557"", ""LR_macro"": ""0.019021157943446654"", ""SELD_scr_macro"": ""0.9303952121812848"", ""ER_micro"": ""0.9694289394589953"", ""F_micro"": ""0.012671594508975714"", ""LE_micro"": ""56.84741880457571"", ""LR_micro"": ""0.053069987118935166"", ""SELD_scr_micro"": ""0.8048765877974596""}"
rabbit02,training_curve,/work/zhanghc/Myllm/SELD/EINV2/STARSS_OfficialEINV2/results/out_train/ein_seld/STARSS22_C0_OfficialEINV2_seed2026/checkpoints/metrics_statistics.csv,,,,HEADER_ONLY_NO_METRICS,,,as_recorded_NOT_relabelled,,,0,{},,
rabbit02,training_curve,/work/zhanghc/Myllm/SELD/EINV2/STARSS_OfficialEINV2/results/out_train/ein_seld/STARSS22_C0_RealOnly_CkptFix_IOtuned_seed2026/checkpoints/metrics_statistics.csv,,,,LOGGED_METRICS_ONLY,,,as_recorded_NOT_relabelled,,,80,"{""epoch"": ""80"", ""ER_macro"": ""0.8138256762559039"", ""F_macro"": ""0.19420736734724"", ""LE_macro"": ""41.39770831874694"", ""LR_macro"": ""0.43648038282967366"", ""SELD_scr_macro"": ""0.6032812986291183"", ""ER_micro"": ""0.8138256762559039"", ""F_micro"": ""0.301721922384991"", ""LE_micro"": ""29.51520117568266"", ""LR_micro"": ""0.5772303595206392"", ""SELD_scr_micro"": ""0.5247116835537944""}",SELD_scr_macro,"{""epoch"": ""64"", ""ER_macro"": ""0.8545298411335337"", ""F_macro"": ""0.2124649623922714"", ""LE_macro"": ""42.86295508861043"", ""LR_macro"": ""0.479894206265537"", ""SELD_scr_macro"": ""0.6000745501864457"", ""ER_micro"": ""0.8545298411335337"", ""F_micro"": ""0.2957378950420412"", ""LE_micro"": ""30.750232986336364"", ""LR_micro"": ""0.6072742474916388"", ""SELD_scr_micro"": ""0.5305880815754306""}"
rabbit02,training_curve,/work/zhanghc/Myllm/SELD/EINV2/STARSS_OfficialEINV2/results/out_train/ein_seld/STARSS22_C0_RealOnly_CkptFix_seed2026/checkpoints/metrics_statistics.csv,,,,HEADER_ONLY_NO_METRICS,,,as_recorded_NOT_relabelled,,,0,{},,
rabbit02,training_curve,/work/zhanghc/Myllm/SELD/EINV2/STARSS_OfficialEINV2/results/out_train/ein_seld/STARSS23_C0_OfficialEINV2_seed2026/checkpoints/metrics_statistics.csv,,,,HEADER_ONLY_NO_METRICS,,,as_recorded_NOT_relabelled,,,0,{},,
rabbit02,training_curve,/work/zhanghc/Myllm/SELD/EINV2/STARSS_OfficialEINV2/results/out_train/ein_seld/STARSS23_C0_RealOnly_CkptFix_IOtuned_seed2026/checkpoints/metrics_statistics.csv,,,,LOGGED_METRICS_ONLY,,,as_recorded_NOT_relabelled,,,80,"{""epoch"": ""80"", ""ER_macro"": ""0.7757272266921735"", ""F_macro"": ""0.20707848606215815"", ""LE_macro"": ""41.709434294512434"", ""LR_macro"": ""0.4332589679813782"", ""SELD_scr_macro"": ""0.5917772130156487"", ""ER_micro"": ""0.7757272266921735"", ""F_micro"": ""0.3411331778982556"", ""LE_micro"": ""26.394522896898014"", ""LR_micro"": ""0.5598127789267443"", ""SELD_scr_micro"": ""0.5053543770458184""}",SELD_scr_macro,"{""epoch"": ""78"", ""ER_macro"": ""0.7868114555786868"", ""F_macro"": ""0.20605255157292188"", ""LE_macro"": ""30.934092478175902"", ""LR_macro"": ""0.4390697558671176"", ""SELD_scr_macro"": ""0.5783863043654617"", ""ER_micro"": ""0.7868114555786868"", ""F_micro"": ""0.33836555066570106"", ""LE_micro"": ""26.399295351581333"", ""LR_micro"": ""0.5617751157092296"", ""SELD_scr_micro"": ""0.5083333852892464""}"
RB05,evaluation_table,/home/zhanghc/SELD/EINV2/C0p1_CausalEINV2_fix_seed2026/out_eval/ein_seld/Eval_Pilot_C0_best_seed2026/results.csv,,,,LOGGED_METRICS_ONLY,,,as_recorded_NOT_relabelled,,,1,"{"""": ""0"", ""ER20"": ""0.6074652909490934"", ""F20"": ""0.5783592644978782"", ""LE20"": ""14.248039303233568"", ""LR20"": ""0.6725601131541725"", ""seld20"": ""0.3589254218009739"", ""ER19"": ""0.5275663206459055"", ""F19"": ""0.6736659811667929"", ""LE19"": ""11.982540827091833"", ""LR19"": ""0.7243916666666667"", ""seld19"": ""0.2990195860185168""}",seld20,"{"""": ""0"", ""ER20"": ""0.6074652909490934"", ""F20"": ""0.5783592644978782"", ""LE20"": ""14.248039303233568"", ""LR20"": ""0.6725601131541725"", ""seld20"": ""0.3589254218009739"", ""ER19"": ""0.5275663206459055"", ""F19"": ""0.6736659811667929"", ""LE19"": ""11.982540827091833"", ""LR19"": ""0.7243916666666667"", ""seld19"": ""0.2990195860185168""}"
RB05,evaluation_table,/home/zhanghc/SELD/EINV2/C0p1_CausalEINV2_fix_seed2026/out_eval/ein_seld/Eval_Pilot_E0_best_seed2026/results.csv,,,,LOGGED_METRICS_ONLY,,,as_recorded_NOT_relabelled,,,1,"{"""": ""0"", ""ER20"": ""0.34375237083681054"", ""F20"": ""0.7451283040710012"", ""LE20"": ""9.906898718279168"", ""LR20"": ""0.8032413660042445"", ""seld20"": ""0.21260525674355674"", ""ER19"": ""0.29096501345636294"", ""F19"": ""0.8045940966641839"", ""LE19"": ""9.889190769101818"", ""LR19"": ""0.7864083333333334"", ""seld19"": ""0.1887256330440195""}",seld20,"{"""": ""0"", ""ER20"": ""0.34375237083681054"", ""F20"": ""0.7451283040710012"", ""LE20"": ""9.906898718279168"", ""LR20"": ""0.8032413660042445"", ""seld20"": ""0.21260525674355674"", ""ER19"": ""0.29096501345636294"", ""F19"": ""0.8045940966641839"", ""LE19"": ""9.889190769101818"", ""LR19"": ""0.7864083333333334"", ""seld19"": ""0.1887256330440195""}"
RB05,evaluation_table,/home/zhanghc/SELD/EINV2/C1_CausalEINV2_Velocity_seed2026/out_eval/ein_seld/Eval_Pilot_C1_best_seed2026/results.csv,,,,LOGGED_METRICS_ONLY,,,as_recorded_NOT_relabelled,,,1,"{"""": ""0"", ""ER20"": ""0.5925954024732569"", ""F20"": ""0.5697737556561084"", ""LE20"": ""15.12895409600676"", ""LR20"": ""0.6678733031674208"", ""seld20"": ""0.3597495221568857"", ""ER19"": ""0.5117262591311034"", ""F19"": ""0.6691295995271167"", ""LE19"": ""12.91651131792525"", ""LR19"": ""0.720525"", ""seld19"": ""0.2984575139536706""}",seld20,"{"""": ""0"", ""ER20"": ""0.5925954024732569"", ""F20"": ""0.5697737556561084"", ""LE20"": ""15.12895409600676"", ""LR20"": ""0.6678733031674208"", ""seld20"": ""0.3597495221568857"", ""ER19"": ""0.5117262591311034"", ""F19"": ""0.6691295995271167"", ""LE19"": ""12.91651131792525"", ""LR19"": ""0.720525"", ""seld19"": ""0.2984575139536706""}"
RB05,evaluation_table,/home/zhanghc/SELD/EINV2/C1_CausalEINV2_Velocity_seed2026/out_eval/ein_seld/RB05_C1_CausalEINV2_Velocity_lambda005_seed2026_r1/results.csv,,,,LOGGED_METRICS_ONLY,,,as_recorded_NOT_relabelled,,,1,"{"""": ""0"", ""ER20"": ""0.5682336832496577"", ""F20"": ""0.5983947255267306"", ""LE20"": ""11.99945910713444"", ""LR20"": ""0.6657589221728536"", ""seld20"": ""0.34268592431409406"", ""ER19"": ""0.5145900880037054"", ""F19"": ""0.6670082717224214"", ""LE19"": ""10.555735947488781"", ""LR19"": ""0.7418333333333333"", ""seld19"": ""0.2910978651084999""}",seld20,"{"""": ""0"", ""ER20"": ""0.5682336832496577"", ""F20"": ""0.5983947255267306"", ""LE20"": ""11.99945910713444"", ""LR20"": ""0.6657589221728536"", ""seld20"": ""0.34268592431409406"", ""ER19"": ""0.5145900880037054"", ""F19"": ""0.6670082717224214"", ""LE19"": ""10.555735947488781"", ""LR19"": ""0.7418333333333333"", ""seld19"": ""0.2910978651084999""}"
RB05,training_curve,/home/zhanghc/SELD/EINV2/C1_CausalEINV2_Velocity_seed2026/out_train/ein_seld/RB05_C1_CausalEINV2_Velocity_lambda005_seed2026_r1/checkpoints/metrics_statistics.csv,,,,LOGGED_METRICS_ONLY,,,as_recorded_NOT_relabelled,,,90,"{""epoch"": ""90"", ""ER20"": ""0.5632131446827933"", ""F20"": ""0.6063692440109022"", ""LE20"": ""11.143502952367975"", ""LR20"": ""0.6648974322191936"", ""seld20"": ""0.3384637045470188"", ""ER19"": ""0.51428130307241"", ""F19"": ""0.6656902233614059"", ""LE19"": ""9.827835722920478"", ""LR19"": ""0.7408166666666667"", ""seld19"": ""0.29059337509847394"", ""velocity_l2_mae"": ""0.15447618057521093"", ""velocity_cosine"": ""0.4876905572054932""}",seld20,"{""epoch"": ""82"", ""ER20"": ""0.5518028297581014"", ""F20"": ""0.6103455739124161"", ""LE20"": ""11.253011843763948"", ""LR20"": ""0.6716687107712285"", ""seld20"": ""0.333076319384953"", ""ER19"": ""0.5011579434923575"", ""F19"": ""0.6730967456928286"", ""LE19"": ""9.831792247933052"", ""LR19"": ""0.7441"", ""seld19"": ""0.28464556646090033"", ""velocity_l2_mae"": ""0.15381512300457773"", ""velocity_cosine"": ""0.4876182683928346""}"
RB05,training_curve,/home/zhanghc/SELD/EINV2/C1_CausalEINV2_Velocity_seed2026/out_train/ein_seld/RB05_C1_CausalEINV2_Velocity_lambda005_seed2027/checkpoints/metrics_statistics.csv,,,,LOGGED_METRICS_ONLY,,,as_recorded_NOT_relabelled,,,90,"{""epoch"": ""90"", ""ER20"": ""0.6147877681424008"", ""F20"": ""0.5441091954022987"", ""LE20"": ""15.73489532097034"", ""LR20"": ""0.6570402298850574"", ""seld20"": ""0.37526360699288663"", ""ER19"": ""0.5224641037517369"", ""F19"": ""0.6584864070536369"", ""LE19"": ""11.37425099372465"", ""LR19"": ""0.7215166666666667"", ""seld19"": ""0.3014128283324759"", ""velocity_l2_mae"": ""0.15515618015615326"", ""velocity_cosine"": ""0.45937867884311684""}",seld20,"{""epoch"": ""42"", ""ER20"": ""0.5916628632283585"", ""F20"": ""0.5566419172241417"", ""LE20"": ""16.822046915368205"", ""LR20"": ""0.6776446372123796"", ""seld20"": ""0.36270803124708184"", ""ER19"": ""0.4854099119962946"", ""F19"": ""0.6796247654784239"", ""LE19"": ""12.862801620486097"", ""LR19"": ""0.71285"", ""seld19"": ""0.29109878888014284"", ""velocity_l2_mae"": ""0.17704421364092707"", ""velocity_cosine"": ""0.36361404662979047""}"
RB05,training_curve,/home/zhanghc/SELD/EINV2/C1_CausalEINV2_Velocity_seed2026/out_train/ein_seld/RB05_C1_CausalEINV2_Velocity_lambda005_seed2028/checkpoints/metrics_statistics.csv,,,,LOGGED_METRICS_ONLY,,,as_recorded_NOT_relabelled,,,90,"{""epoch"": ""90"", ""ER20"": ""0.6141792180130838"", ""F20"": ""0.5546146730235535"", ""LE20"": ""15.299941116049732"", ""LR20"": ""0.6630612680566424"", ""seld20"": ""0.37037573744995766"", ""ER19"": ""0.5240080284082137"", ""F19"": ""0.6623461734508118"", ""LE19"": ""11.159484055176382"", ""LR19"": ""0.7304333333333334"", ""seld19"": ""0.29830641381598433"", ""velocity_l2_mae"": ""0.15433071665690934"", ""velocity_cosine"": ""0.4633700054688866""}",seld20,"{""epoch"": ""70"", ""ER20"": ""0.5835995740149095"", ""F20"": ""0.5659300453680667"", ""LE20"": ""15.061723713972183"", ""LR20"": ""0.6723254792916726"", ""seld20"": ""0.3572550730526428"", ""ER19"": ""0.49529102979774586"", ""F19"": ""0.6731372256234133"", ""LE19"": ""11.454086772862306"", ""LR19"": ""0.7225666666666667"", ""seld19"": ""0.2908052382281141"", ""velocity_l2_mae"": ""0.15969362840751664"", ""velocity_cosine"": ""0.4440028692310216""}"
RB05,evaluation_table,/home/zhanghc/SELD/EINV2/C2_CausalEINV2_JEPA_seed2026/out_eval/ein_seld/Eval_Pilot_C2_best_seed2026/results.csv,,,,LOGGED_METRICS_ONLY,,,as_recorded_NOT_relabelled,,,1,"{"""": ""0"", ""ER20"": ""0.5837189894545178"", ""F20"": ""0.5761601324837095"", ""LE20"": ""15.395702935397763"", ""LR20"": ""0.6830111243114806"", ""seld20"": ""0.35251985390844"", ""ER19"": ""0.501038062283737"", ""F19"": ""0.6822371561822921"", ""LE19"": ""12.269443391914383"", ""LR19"": ""0.724925"", ""seld19"": ""0.2905098701252423""}",seld20,"{"""": ""0"", ""ER20"": ""0.5837189894545178"", ""F20"": ""0.5761601324837095"", ""LE20"": ""15.395702935397763"", ""LR20"": ""0.6830111243114806"", ""seld20"": ""0.35251985390844"", ""ER19"": ""0.501038062283737"", ""F19"": ""0.6822371561822921"", ""LE19"": ""12.269443391914383"", ""LR19"": ""0.724925"", ""seld19"": ""0.2905098701252423""}"
RB05,evaluation_table,/home/zhanghc/SELD/EINV2/C2_CausalEINV2_JEPA_seed2026/out_eval/ein_seld/RB05_C2_CausalEINV2_JEPA_lambda005_seed2026_r1/results.csv,,,,LOGGED_METRICS_ONLY,,,as_recorded_NOT_relabelled,,,1,"{"""": ""0"", ""ER20"": ""0.616309143465693"", ""F20"": ""0.5439505107178824"", ""LE20"": ""15.757009208617463"", ""LR20"": ""0.6554452596748668"", ""seld20"": ""0.3761130782802046"", ""ER19"": ""0.5241624208738613"", ""F19"": ""0.6576490480041166"", ""LE19"": ""12.570542293442674"", ""LR19"": ""0.727"", ""seld19"": ""0.30233742973610656""}",seld20,"{"""": ""0"", ""ER20"": ""0.616309143465693"", ""F20"": ""0.5439505107178824"", ""LE20"": ""15.757009208617463"", ""LR20"": ""0.6554452596748668"", ""seld20"": ""0.3761130782802046"", ""ER19"": ""0.5241624208738613"", ""F19"": ""0.6576490480041166"", ""LE19"": ""12.570542293442674"", ""LR19"": ""0.727"", ""seld19"": ""0.30233742973610656""}"
RB05,training_curve,/home/zhanghc/SELD/EINV2/C2_CausalEINV2_JEPA_seed2026/out_train/ein_seld/RB05_C2_CausalEINV2_JEPA_lambda005_seed2026_r1/checkpoints/metrics_statistics.csv,,,,LOGGED_METRICS_ONLY,,,as_recorded_NOT_relabelled,,,90,"{""epoch"": ""90"", ""ER20"": ""0.6290886961813479"", ""F20"": ""0.5415629666500746"", ""LE20"": ""15.194022052106849"", ""LR20"": ""0.6503590983431699"", ""seld20"": ""0.38039446620272976"", ""ER19"": ""0.5383665277134476"", ""F19"": ""0.6536535810173426"", ""LE19"": ""11.325617335030268"", ""LR19"": ""0.73605"", ""seld19"": ""0.3028957607504572"", ""jepa_loss_100ms"": ""0.04803290515345462"", ""jepa_loss_300ms"": ""0.08782639746811796"", ""jepa_loss_500ms"": ""0.11198963708382972"", ""target_latent_std_mean"": ""0.8705611853165671"", ""target_latent_std_min"": ""0.4969585617924323"", ""target_latent_cov_offdiag_abs_mean"": ""0.1443383702004148"", ""target_latent_pair_cosine_mean"": ""0.2240056175832989""}",seld20,"{""epoch"": ""54"", ""ER20"": ""0.6010953902327705"", ""F20"": ""0.5515392973560302"", ""LE20"": ""15.22586153662934"", ""LR20"": ""0.6625135820354944"", ""seld20"": ""0.36790765762229666"", ""ER19"": ""0.5084143893777984"", ""F19"": ""0.6639004149377592"", ""LE19"": ""12.241788253121674"", ""LR19"": ""0.7286166666666667"", ""seld19"": ""0.29597681062823433"", ""jepa_loss_100ms"": ""0.05652099760605934"", ""jepa_loss_300ms"": ""0.09149679668406223"", ""jepa_loss_500ms"": ""0.11585039058898358"", ""target_latent_std_mean"": ""0.894899358407935"", ""target_latent_std_min"": ""0.4642480406004994"", ""target_latent_cov_offdiag_abs_mean"": ""0.18561137146306994"", ""target_latent_pair_cosine_mean"": ""0.17358561148374757""}"
RB05,training_curve,/home/zhanghc/SELD/EINV2/C2_CausalEINV2_JEPA_seed2026/out_train/ein_seld/RB05_C2_CausalEINV2_JEPA_lambda005_seed2027/checkpoints/metrics_statistics.csv,,,,LOGGED_METRICS_ONLY,,,as_recorded_NOT_relabelled,,,90,"{""epoch"": ""90"", ""ER20"": ""0.6199604442415944"", ""F20"": ""0.5468015386807237"", ""LE20"": ""14.733095215075553"", ""LR20"": ""0.6502350762216839"", ""seld20"": ""0.3761935895779571"", ""ER19"": ""0.5368226030569708"", ""F19"": ""0.6505936339136134"", ""LE19"": ""11.155760458216449"", ""LR19"": ""0.72845"", ""seld19"": ""0.3049388540333622"", ""jepa_loss_100ms"": ""0.04673625661575414"", ""jepa_loss_300ms"": ""0.08524867713926955"", ""jepa_loss_500ms"": ""0.11047326698106655"", ""target_latent_std_mean"": ""0.8745776525051432"", ""target_latent_std_min"": ""0.5014001120672705"", ""target_latent_cov_offdiag_abs_mean"": ""0.1509496407484031"", ""target_latent_pair_cosine_mean"": ""0.20159335589411168""}",seld20,"{""epoch"": ""70"", ""ER20"": ""0.5950098889396014"", ""F20"": ""0.5555718046212342"", ""LE20"": ""14.339201067719841"", ""LR20"": ""0.6560397777127814"", ""seld20"": ""0.36576513368989616"", ""ER19"": ""0.5098039215686274"", ""F19"": ""0.657311338359334"", ""LE19"": ""10.804601834387292"", ""LR19"": ""0.7279333333333333"", ""seld19"": ""0.29614620390563906"", ""jepa_loss_100ms"": ""0.06041162635417695"", ""jepa_loss_300ms"": ""0.09626148007017502"", ""jepa_loss_500ms"": ""0.12116868968339677"", ""target_latent_std_mean"": ""0.8955054634025934"", ""target_latent_std_min"": ""0.5121188187312978"", ""target_latent_cov_offdiag_abs_mean"": ""0.17167194424768484"", ""target_latent_pair_cosine_mean"": ""0.15999506437532313""}"
RB05,training_curve,/home/zhanghc/SELD/EINV2/C2_CausalEINV2_JEPA_seed2026/out_train/ein_seld/RB05_C2_CausalEINV2_JEPA_lambda005_seed2028/checkpoints/metrics_statistics.csv,,,,LOGGED_METRICS_ONLY,,,as_recorded_NOT_relabelled,,,90,"{""epoch"": ""90"", ""ER20"": ""0.5639738323444393"", ""F20"": ""0.6059212417361309"", ""LE20"": ""10.60493715338266"", ""LR20"": ""0.665708536935901"", ""seld20"": ""0.3378150927978"", ""ER19"": ""0.5127373784159333"", ""F19"": ""0.6677433563353398"", ""LE19"": ""10.026312165749925"", ""LR19"": ""0.74395"", ""seld19"": ""0.2891864390836899"", ""jepa_loss_100ms"": ""0.035878522182874226"", ""jepa_loss_300ms"": ""0.06681375986242548"", ""jepa_loss_500ms"": ""0.08745032782725831"", ""target_latent_std_mean"": ""0.8712778267175123"", ""target_latent_std_min"": ""0.5374108246064714"", ""target_latent_cov_offdiag_abs_mean"": ""0.17480695286460202"", ""target_latent_pair_cosine_mean"": ""0.2202271962214516""}",seld20,"{""epoch"": ""60"", ""ER20"": ""0.5434352654799939"", ""F20"": ""0.606922851276034"", ""LE20"": ""11.540012461534344"", ""LR20"": ""0.6771780580815487"", ""seld20"": ""0.33086138411606714"", ""ER19"": ""0.48170449282075034"", ""F19"": ""0.6780447638296279"", ""LE19"": ""11.147622479896215"", ""LR19"": ""0.7392333333333333"", ""seld19"": ""0.28158940791430315"", ""jepa_loss_100ms"": ""0.04484686140525848"", ""jepa_loss_300ms"": ""0.07499617686931123"", ""jepa_loss_500ms"": ""0.09701037177063049"", ""target_latent_std_mean"": ""0.8843877862390417"", ""target_latent_std_min"": ""0.4709521099022758"", ""target_latent_cov_offdiag_abs_mean"": ""0.1927628471121756"", ""target_latent_pair_cosine_mean"": ""0.18907206805380497""}"
RB05,evaluation_table,/home/zhanghc/SELD/EINV2/C3_CausalEINV2_Velocity_JEPA_seed2026/out_eval/ein_seld/Eval_Pilot_C3_best_seed2026/results.csv,,,,LOGGED_METRICS_ONLY,,,as_recorded_NOT_relabelled,,,1,"{"""": ""0"", ""ER20"": ""0.5921402018056293"", ""F20"": ""0.5917478307065697"", ""LE20"": ""12.897348085219917"", ""LR20"": ""0.660456879759164"", ""seld20"": ""0.3528968562866682"", ""ER19"": ""0.5345636293733179"", ""F19"": ""0.6609047842910353"", ""LE19"": ""11.60340596596597"", ""LR19"": ""0.7394083333333333"", ""seld19"": ""0.2996784695566345""}",seld20,"{"""": ""0"", ""ER20"": ""0.5921402018056293"", ""F20"": ""0.5917478307065697"", ""LE20"": ""12.897348085219917"", ""LR20"": ""0.660456879759164"", ""seld20"": ""0.3528968562866682"", ""ER19"": ""0.5345636293733179"", ""F19"": ""0.6609047842910353"", ""LE19"": ""11.60340596596597"", ""LR19"": ""0.7394083333333333"", ""seld19"": ""0.2996784695566345""}"
